JvmtiExport can_access_local_variables 1
JvmtiExport can_hotswap_or_post_breakpoint 1
JvmtiExport can_post_on_exceptions 1
# 313 ciObject found
instanceKlass cm
ciMethodData java/lang/Object <init> ()V 2 7867736 orig 80 1 0 0 0 0 0 0 0 0 0 0 0 0 0 0 0 0 0 0 0 0 0 0 0 0 0 0 0 0 0 0 0 0 0 0 0 0 0 0 0 0 0 0 0 0 0 0 0 0 0 0 0 0 0 0 0 0 0 0 0 0 0 0 0 0 0 0 0 0 0 0 0 0 0 0 0 0 0 0 0 data 4 0x0 0x9 0x1 0x0 oops 0 methods 0
ciMethodData java/lang/StringBuilder <init> ()V 2 597060 orig 80 0 0 0 0 0 0 0 0 0 0 0 0 105 1 0 0 0 0 0 0 0 0 0 0 0 0 0 0 0 0 0 0 0 0 0 0 0 0 0 0 0 0 0 0 0 0 0 0 0 0 0 0 0 0 0 0 0 0 0 0 0 0 0 0 0 0 0 0 0 0 0 0 0 0 0 0 0 0 0 0 data 7 0x30002 0x91b95 0x0 0x0 0x9 0x1 0xc oops 0 methods 0
ciMethodData java/lang/AbstractStringBuilder <init> (I)V 2 5338 orig 80 0 0 0 0 0 0 0 0 0 0 0 0 105 1 0 0 0 0 0 0 0 0 0 0 0 0 0 0 0 0 0 0 0 0 0 0 0 0 0 0 0 0 0 0 0 0 0 0 0 0 0 0 0 0 0 0 0 0 0 0 0 0 0 0 0 0 0 0 0 0 0 0 0 0 0 0 0 0 0 0 data 21 0x10002 0x141d 0x70007 0x0 0x38 0x141d 0x160003 0x141d 0x28 0x1b0002 0x0 0x0 0x0 0x0 0x0 0x0 0x0 0x9 0x2 0xc 0x0 oops 0 methods 0
ciMethodData java/lang/StringBuilder append (Ljava/lang/String;)Ljava/lang/StringBuilder; 2 1115290 orig 80 3 0 0 0 0 0 0 0 0 0 0 0 105 1 0 0 0 0 0 0 0 0 0 0 0 0 0 0 0 0 0 0 0 0 0 0 0 0 0 0 0 0 0 0 0 0 0 0 0 0 0 0 0 0 0 0 0 0 0 0 0 0 0 0 0 0 0 0 0 0 0 0 0 0 0 0 0 0 0 0 data 9 0x20002 0x110340 0x0 0x0 0x0 0x9 0x2 0xffffffffffffffff 0xffffffffffffffff oops 0 methods 0
ciMethodData java/lang/AbstractStringBuilder append (Ljava/lang/String;)Ljava/lang/AbstractStringBuilder; 2 15854 orig 80 1 0 0 0 0 0 0 0 0 0 0 0 105 1 0 0 0 0 0 0 0 0 0 0 0 0 0 0 0 0 0 0 0 0 0 0 0 0 0 1 0 0 0 0 0 0 0 0 0 0 0 0 0 0 0 0 0 0 0 0 0 0 0 0 0 0 0 0 0 0 0 0 0 0 0 0 0 0 0 0 data 42 0x8000000600010007 0x3c94 0x58 0x1 0x50005 0x1 0x0 0x0 0x0 0x0 0x0 0xa0005 0x3c94 0x0 0x0 0x0 0x0 0x0 0x150005 0x3c94 0x0 0x0 0x0 0x0 0x0 0x1e0005 0x3c94 0x0 0x0 0x0 0x0 0x0 0x0 0x0 0x0 0x0 0x0 0x0 0x9 0x2 0xffffffffffffffff 0xffffffffffffffff oops 0 methods 0
ciMethodData java/lang/StringBuilder toString ()Ljava/lang/String; 2 492431 orig 80 1 0 0 0 0 0 0 0 0 0 0 0 105 1 0 0 0 0 0 0 0 0 0 0 0 0 0 0 0 0 0 0 0 0 0 0 0 0 0 1 0 0 0 0 0 0 0 0 0 0 0 0 0 0 0 0 0 0 0 0 0 0 0 0 0 0 0 0 0 0 0 0 0 0 0 0 0 0 0 0 data 27 0x10005 0x782d2 0x0 0x0 0x0 0x0 0x0 0x8000000600040007 0x315 0x48 0x77fbd 0x100002 0x77fbd 0x130003 0x77fbe 0x28 0x1f0002 0x315 0x0 0x0 0x0 0x0 0x0 0x0 0x9 0x1 0x0 oops 0 methods 0
ciMethodData java/lang/AbstractStringBuilder isLatin1 ()Z 2 717027 orig 80 0 0 0 0 0 0 0 0 0 0 0 0 105 1 0 0 0 0 0 0 0 0 0 0 0 0 0 0 0 0 0 0 0 0 0 0 0 0 0 1 0 0 0 0 0 0 0 0 0 0 0 0 0 0 0 0 0 0 0 0 0 0 0 0 0 0 0 0 0 0 0 0 0 0 0 0 0 0 0 0 data 18 0x30007 0x0 0x58 0xaef8f 0x80000006000a0007 0x5b9 0x38 0xae9d6 0xe0003 0xae9d6 0x18 0x0 0x0 0x0 0x0 0x9 0x1 0x0 oops 0 methods 0
ciMethodData java/lang/StringLatin1 newString ([BII)Ljava/lang/String; 2 5607 orig 80 0 0 0 0 0 0 0 0 0 0 0 0 105 1 0 0 0 0 0 0 0 0 0 0 0 0 0 0 0 0 0 0 0 0 0 0 0 0 0 0 0 0 0 0 0 0 0 0 0 0 0 0 0 0 0 0 0 0 0 0 0 0 0 0 0 0 0 0 0 0 0 0 0 0 0 0 0 0 0 0 data 19 0x10007 0x1411 0x20 0x2 0x100002 0x1411 0x140002 0x1411 0x0 0x0 0x0 0x0 0x0 0x0 0x9 0x3 0xffffffffffffffff 0x0 0x0 oops 0 methods 0
ciMethodData java/lang/StringUTF16 newString ([BII)Ljava/lang/String; 2 6241 orig 80 0 0 0 0 0 0 0 0 0 0 0 0 105 1 0 0 0 0 0 0 0 0 0 0 0 0 0 0 0 0 0 0 0 0 0 0 0 0 0 0 0 0 0 0 0 0 0 0 0 0 0 0 0 0 0 0 0 0 0 0 0 0 0 0 0 0 0 0 0 0 0 0 0 0 0 0 0 0 0 0 data 31 0x10007 0xe4a 0x20 0x4 0xb0007 0x0 0x60 0xe4a 0x110002 0xe4a 0x160007 0xad9 0x30 0x371 0x1f0002 0x371 0x320002 0xad9 0x360002 0xad9 0x0 0x0 0x0 0x0 0x0 0x0 0x9 0x3 0xffffffffffffffff 0x0 0x0 oops 0 methods 0
ciMethodData java/lang/StringBuilder append (C)Ljava/lang/StringBuilder; 2 2665263 orig 80 1 0 0 0 0 0 0 0 0 0 0 0 105 1 0 0 0 0 0 0 0 0 0 0 0 0 0 0 0 0 0 0 0 0 0 0 0 0 0 0 0 0 0 0 0 0 0 0 0 0 0 0 0 0 0 0 0 0 0 0 0 0 0 0 0 0 0 0 0 0 0 0 0 0 0 0 0 0 0 0 data 9 0x20002 0x28aa66 0x0 0x0 0x0 0x9 0x2 0xe 0x0 oops 0 methods 0
ciMethodData java/lang/AbstractStringBuilder append (C)Ljava/lang/AbstractStringBuilder; 2 22412 orig 80 1 0 0 0 0 0 0 0 0 0 0 0 105 1 0 0 0 0 0 0 0 0 0 0 0 0 0 0 0 0 0 0 0 0 0 0 0 0 0 0 0 0 0 0 0 0 0 0 0 0 0 0 0 0 0 0 0 0 0 0 0 0 0 0 0 0 0 0 0 0 0 0 0 0 0 0 0 0 0 0 data 57 0x70005 0x56c3 0x0 0x0 0x0 0x0 0x0 0xb0005 0x56c3 0x0 0x0 0x0 0x0 0x0 0xe0007 0x46 0x68 0x567e 0x120002 0x567e 0x150007 0xd 0x38 0x5672 0x2a0003 0x5672 0xb8 0x2e0005 0x53 0x0 0x0 0x0 0x0 0x0 0x310007 0x46 0x58 0xd 0x350005 0xd 0x0 0x0 0x0 0x0 0x0 0x480002 0x53 0x0 0x0 0x0 0x0 0x0 0x0 0x9 0x2 0xe 0x0 oops 0 methods 0
ciMethod java/lang/IllegalStateException <init> ()V 0 0 1 0 -1
ciMethod java/util/Random next (I)I 1024 0 20737 0 -1
ciMethod java/util/Random nextDouble ()D 1024 0 12146 0 -1
ciMethodData java/util/Random next (I)I 2 20737 orig 80 0 0 0 0 0 0 0 0 0 0 0 0 0 0 0 0 0 0 0 0 0 0 0 0 0 0 0 0 0 0 0 0 0 0 0 0 0 0 0 0 0 0 0 0 0 0 0 0 0 0 0 0 0 0 0 0 0 0 0 0 0 0 0 0 0 0 0 0 0 0 0 0 0 0 0 0 0 0 0 0 data 28 0x80005 0x4f02 0x0 0x0 0x0 0x0 0x0 0x200005 0x4f02 0x0 0x0 0x0 0x0 0x0 0x230007 0x0 0xffffffffffffff90 0x4f02 0x0 0x0 0x0 0x0 0x0 0x0 0x9 0x2 0x0 0x0 oops 0 methods 0
ciMethodData java/lang/IllegalStateException <init> ()V 1 1 orig 80 0 0 0 0 0 0 0 0 0 0 0 0 105 1 0 0 0 0 0 0 0 0 0 0 0 0 0 0 0 0 0 0 0 0 0 0 0 0 0 0 0 0 0 0 0 0 0 0 0 0 0 0 0 0 0 0 0 0 0 0 0 0 0 0 0 0 0 0 0 0 0 0 0 0 0 0 0 0 0 0 data 7 0x10002 0x1 0x0 0x0 0x9 0x1 0x0 oops 0 methods 0
ciMethod client ut (IIIII)V 2 128346 61 0 -1
ciMethod et ao (Ldp;IIIII)V 0 0 1 0 -1
ciMethod vh bh (I)V 234 0 5246 0 -1
ciMethod eb bq ()V 294 163840 253 0 -1
ciMethod eb do (III)V 206 2452 104 0 -1
ciMethod eb dg (IIILtt;Ltt;IIIZ)V 206 0 1800 0 -1
ciMethod eb oy (Leb;Lep;)V 206 0 1800 0 -1
ciMethod xr ag (J)Lvg; 1024 1852 58531 0 -1
ciMethod xr iterator ()Ljava/util/Iterator; 512 0 28745 0 -1
ciMethod cc iterator ()Ljava/util/Iterator; 4102 0 17764 0 -1
ciMethod cc tb (Lcc;III)Ldp; 68 136 3492 0 -1
ciMethod xj af ()V 4096 0 17826 0 -1
ciMethod xj <init> (Lxr;)V 512 11090 30681 0 -1
ciMethod tt bg (II)V 490 0 1675 0 -1
ciMethod tt ba (II)V 4098 0 7171 0 -1
ciMethod tt ok (Ltt;I)I 4096 0 7168 0 -1
ciMethod kb ae (B)I 802 0 3145 0 -1
ciMethod kb as (I)I 0 0 1 0 -1
ciMethod kb ax (B)I 0 0 1 0 -1
ciMethod kb ap (S)I 0 0 1 0 -1
ciMethod kb aq (S)I 0 0 1 0 -1
ciMethod kb ad (Lkb;B)I 0 0 1 0 -1
ciMethod yu dq (IIII)V 512 1536 4353 0 -1
ciMethod yu em ()V 0 0 1 0 -1
ciMethod yu ed ()V 4096 0 2545 0 -1
ciMethod yl qt (II)V 4166 28616 9396 0 -1
ciMethod eg no (Leg;IS)V 192 121624 265 0 -1
ciMethod yr as (Ldp;IIIIII)V 204 1224 1800 0 -1
ciMethod bk av (IB)I 206 0 1128 0 -1
ciMethod cm ag (IIIIS)V 3398 98468 1800 0 -1
ciMethod bz af (Ljava/lang/Throwable;Ljava/lang/String;)Laai; 0 0 8 0 -1
ciMethod qk bf (IB)I 490 0 1675 0 -1
ciMethod uy id (Luy;ZZB)I 2 2 1 0 -1
ciMethod qi cm (B)I 206 0 1800 0 -1
ciMethod le ca (I)V 204 816 1800 0 -1
ciMethod dl au (I)V 204 592 1800 0 -1
ciMethod pj cb (I)V 206 3090 1128 0 -1
ciMethodData bz af (Ljava/lang/Throwable;Ljava/lang/String;)Laai; 1 8 orig 80 0 0 0 0 0 0 0 0 0 0 0 0 105 1 0 0 0 0 0 0 0 0 0 0 0 0 0 0 0 0 0 0 0 0 0 0 0 0 0 0 0 0 0 0 0 0 0 0 0 0 0 0 0 0 0 0 0 0 0 0 0 0 0 0 0 0 0 0 0 0 0 0 0 0 0 0 0 0 0 0 data 69 0x10004 0xfffffffffffffff8 0x0 0x169a7fdd800 0x8 0x0 0x0 0x40007 0x8 0x70 0x0 0x80004 0x0 0x0 0x0 0x0 0x0 0x0 0xc0003 0x0 0x28 0x160002 0x8 0x1e0005 0x8 0x0 0x0 0x0 0x0 0x0 0x210007 0x8 0xe8 0x0 0x280005 0x0 0x0 0x0 0x0 0x0 0x0 0x2b0007 0x0 0x50 0x0 0x33000a 0x0 0x3 0x0 0x0 0x0 0x41000a 0x0 0x5 0x0 0x0 0x1 0x0 0x0 0x0 0x0 0x0 0x0 0x0 0x0 0x9 0x2 0x0 0x0 oops 1 3 java/lang/NullPointerException methods 0
ciMethodData vh bh (I)V 2 5246 orig 80 0 0 0 0 0 0 0 0 0 0 0 0 105 1 0 0 0 0 0 0 0 0 0 0 0 0 0 0 0 0 0 0 0 0 0 0 0 0 0 0 0 0 0 0 0 0 0 0 0 0 0 0 0 0 0 0 0 0 0 0 0 0 0 0 0 0 0 0 0 0 0 0 0 0 0 0 0 0 0 0 data 4 0x0 0x9 0x1 0x0 oops 0 methods 0
ciMethod yc af (II)I 3114 0 22788 0 -1
ciMethod yc ae (B)I 1024 0 26101 0 -1
ciMethod fw co (IIIIZI)V 112 0 1934 0 -1
ciMethodData java/lang/Math random ()D 2 11555 orig 80 0 0 0 0 0 0 0 0 0 0 0 0 105 1 0 0 0 0 0 0 0 0 0 0 0 0 0 0 0 0 0 0 0 0 0 0 0 0 0 0 0 0 0 0 0 0 0 0 0 0 0 0 0 0 0 0 0 0 0 0 0 0 0 0 0 0 0 0 0 0 0 0 0 0 0 0 0 0 0 0 data 15 0x30005 0x0 0x0 0x16907abbc60 0x2b3a 0x0 0x0 0x0 0x0 0x0 0x0 0x0 0x0 0x9 0x0 oops 1 3 java/util/Random methods 0
ciMethodData java/util/Random nextDouble ()D 2 12146 orig 80 0 0 0 0 0 0 0 0 0 0 0 0 0 0 0 0 0 0 0 0 0 0 0 0 0 0 0 0 0 0 0 0 0 0 0 0 0 0 0 0 0 0 0 0 0 0 0 0 0 0 0 0 0 0 0 0 0 0 0 0 0 0 0 0 0 0 0 0 0 0 0 0 0 0 0 0 0 0 0 0 data 23 0x30005 0x0 0x0 0x16907abbc60 0x2d73 0x0 0x0 0xd0005 0x0 0x0 0x16907abbc60 0x2d73 0x0 0x0 0x0 0x0 0x0 0x0 0x0 0x0 0x9 0x1 0x0 oops 2 3 java/util/Random 10 java/util/Random methods 0
ciMethodData xr ag (J)Lvg; 2 58531 orig 80 0 0 0 0 0 0 0 0 0 0 0 0 0 0 0 0 0 0 0 0 0 0 0 0 0 0 0 0 0 0 0 0 0 0 0 0 0 0 0 0 0 0 0 0 0 0 0 0 0 0 0 0 0 0 0 0 0 0 0 0 0 0 0 0 0 0 0 0 0 0 0 0 0 0 0 0 0 0 0 0 data 22 0x190007 0x9864 0x58 0xe9ce 0x230007 0x9f8e 0x20 0x4a40 0x360003 0x9f8e 0xffffffffffffffc0 0x0 0x0 0x0 0x0 0x0 0x0 0x9 0x3 0x8 0x0 0x0 oops 0 methods 0
ciMethod fk ag (Z)V 2 0 667 0 -1
ciMethod fk ab ()I 1024 0 330664 0 -1
ciMethod fk ad (IIII)V 760 204154 6424 0 -1
ciMethod fk ar ()V 8890 0 25173 0 -1
ciMethodData yu ed ()V 2 91141 orig 80 1 0 0 0 0 0 0 0 0 0 0 0 105 1 0 0 0 0 0 0 0 0 0 0 0 0 0 0 0 0 0 0 0 0 0 0 0 0 0 1 0 0 0 0 0 0 0 0 0 0 0 0 0 0 0 0 0 0 0 0 0 0 0 0 0 0 0 0 0 0 0 0 0 0 0 0 0 0 0 0 data 173 0x30005 0x1f1 0x0 0x0 0x0 0x0 0x0 0x60007 0x50 0x4a0 0x1a1 0xc0007 0x1 0x70 0x1a0 0xf0003 0x1a0 0x200 0x170007 0x0 0x2d0 0x0 0x1a0003 0x0 0xf8 0x200007 0x0 0x2e0 0x1 0x290007 0x0 0x2c0 0x1 0x2f0007 0x0 0x2a0 0x1 0x320003 0x1 0x2f8 0x3e0003 0x0 0x250 0x410003 0x1 0x380 0x80000006004f0007 0x1 0xa0 0xb1ff 0x760003 0xb1ff 0x68 0x7b0007 0x0 0x260 0x0 0x7e0003 0x0 0x1b0 0x930003 0xb1ff 0x150 0x9f0003 0xb1ff 0xffffffffffffffe8 0xa40007 0x1 0x50 0x4 0xa70003 0x4 0x60 0xb30003 0x0 0x178 0xb60003 0x1 0xfffffffffffffef8 0xb90003 0x1a0 0x260 0xc50003 0x4 0xffffffffffffff80 0xdf0003 0x0 0x218 0xeb0003 0x0 0xfffffffffffffe80 0xf80007 0x0 0xfffffffffffffe80 0x0 0xfd0007 0x0 0xfffffffffffffeb0 0x0 0x1040003 0x0 0x48 0x1100003 0xb1ff 0xfffffffffffffe40 0x11c0003 0x0 0xffffffffffffff78 0x1280003 0x0 0xffffffffffffffe8 0x12f0003 0x0 0x78 0x1440003 0x0 0xfffffffffffffeb8 0x14f0003 0x0 0xe8 0x15b0003 0x0 0xfffffffffffffcd0 0x1630003 0x1 0xfffffffffffffd98 0x16f0003 0x0 0x68 0x1760003 0x0 0xa0 0x17f0007 0x0 0xffffffffffffff88 0x1 0x1820003 0x1 0xffffffffffffff98 0x18a0007 0x0 0xffffffffffffff98 0x0 0x18d0003 0x0 0xffffffffffffff90 0x1980003 0x0 0xfffffffffffffe18 0x19e0003 0x0 0xfffffffffffffe30 0x1a70003 0x0 0xfffffffffffffe18 0x0 0x0 0x0 0x0 0x0 0x0 0x0 0x0 0x0 0x0 0x0 0x0 0x0 0x0 0x0 0x0 0x9 0x0 oops 0 methods 0
ciMethodData yu dq (IIII)V 2 13059 orig 80 0 0 0 0 0 0 0 0 0 0 0 0 105 1 0 0 0 0 0 0 0 0 0 0 0 0 0 0 0 0 0 0 0 0 0 0 0 0 0 0 0 0 0 0 0 0 0 0 0 0 0 0 0 0 0 0 0 0 0 0 0 0 0 0 0 0 0 0 0 0 0 0 0 0 0 0 0 0 0 0 data 50 0x10007 0xc4c 0xf0 0x3b5 0x40003 0x3b5 0x30 0xb0003 0x1001 0xf0 0x100003 0x3b5 0xa0 0x170003 0x1001 0xc0 0x1e0007 0xc4b 0x20 0x3b6 0x290007 0x1001 0x20 0x0 0x340003 0x1001 0xffffffffffffff78 0x390003 0x0 0xffffffffffffffa8 0x3d0007 0x1001 0xffffffffffffff90 0x0 0x400003 0x0 0xffffffffffffffc8 0x480003 0x1001 0xffffffffffffff40 0x0 0x0 0x0 0x0 0x9 0x4 0x0 0x0 0x0 0x0 oops 0 methods 0
ciInstanceKlass java/lang/Cloneable 1 0 7 100 1 100 1 1 1
instanceKlass tictac7x/charges/events/CustomAnimationChanged
instanceKlass java/util/ArrayList$SubList$1
instanceKlass net/runelite/client/plugins/itemstats/Positivity$1
instanceKlass com/github/jerpent/bankcleaner/BankCleanerPanel$2
instanceKlass com/github/jerpent/bankcleaner/BankCleanerPlugin$BankItem
instanceKlass com/github/jerpent/bankcleaner/DegradeableItems
instanceKlass net/runelite/http/api/item/ItemEquipmentStats$ItemEquipmentStatsBuilder
instanceKlass net/runelite/http/api/item/ItemEquipmentStats
instanceKlass javax/accessibility/AccessibleExtendedComponent
instanceKlass org/jfree/chart/axis/SegmentedTimeline
instanceKlass org/apache/commons/lang3/math/NumberUtils
instanceKlass net/runelite/client/ui/overlay/components/TooltipComponent
instanceKlass net/runelite/client/plugins/itemstats/potions/PotionDuration$PotionDurationRange
instanceKlass net/runelite/client/plugins/itemidentification/ItemIdentificationOverlay$1
instanceKlass rl3
instanceKlass ov
instanceKlass java/util/ArrayDeque$DeqSpliterator
instanceKlass sun/awt/SunToolkit$1
instanceKlass java/awt/KeyboardFocusManager$2
instanceKlass java/awt/geom/LineIterator
instanceKlass com/github/jerpent/bankcleaner/RedundantItem
instanceKlass com/github/jerpent/bankcleaner/BankCleanerConfig
instanceKlass com/github/jerpent/bankcleaner/ItemComparator
instanceKlass com/github/jerpent/bankcleaner/ItemClassifier
instanceKlass net/runelite/client/util/ReflectUtil$PrivateLookupHelper
instanceKlass java/awt/WaitDispatchSupport$4
instanceKlass java/awt/WaitDispatchSupport$2
instanceKlass java/awt/WaitDispatchSupport$1
instanceKlass java/awt/WaitDispatchSupport$5
instanceKlass java/awt/WaitDispatchSupport
instanceKlass java/awt/SecondaryLoop
instanceKlass net/runelite/api/JagexColor
instanceKlass net/runelite/api/AnimationController
instanceKlass java/util/function/ToIntBiFunction
instanceKlass java/util/AbstractList$SubList$1
instanceKlass java/util/stream/DistinctOps
instanceKlass net/runelite/client/plugins/microbot/questhelper/panel/QuestHelperPanel$5
instanceKlass pc
instanceKlass javax/swing/GroupLayout$SpringDelta
instanceKlass mh
instanceKlass ge
instanceKlass java/awt/geom/ArcIterator
instanceKlass net/runelite/client/ui/overlay/components/TitleComponent$TitleComponentBuilder
instanceKlass net/runelite/client/ui/overlay/components/TitleComponent
instanceKlass net/runelite/client/ui/overlay/components/PanelComponent$1
instanceKlass net/runelite/client/ui/overlay/components/InfoBoxComponent
instanceKlass net/runelite/client/ui/overlay/SnapCorners$1
instanceKlass java/awt/Polygon$PolygonPathIterator
instanceKlass net/runelite/api/geometry/SimplePolygon$SimpleIterator
instanceKlass net/runelite/api/geometry/Shapes$ShapeIterator
instanceKlass net/runelite/api/geometry/RectangleUnion$Segment
instanceKlass net/runelite/api/geometry/RectangleUnion$ChangingState
instanceKlass net/runelite/api/geometry/Shapes
instanceKlass net/runelite/api/geometry/RectangleUnion$Segments
instanceKlass net/runelite/api/geometry/RectangleUnion
instanceKlass net/runelite/api/geometry/RectangleUnion$Rectangle
instanceKlass net/runelite/api/model/Jarvis
instanceKlass com/google/common/collect/Tables$AbstractCell
instanceKlass com/google/common/collect/ImmutableTable$Builder
instanceKlass com/google/common/collect/AbstractMapBasedMultimap$KeySet$1
instanceKlass net/runelite/client/plugins/gpu/VAO$Range
instanceKlass ij
instanceKlass nq
instanceKlass com/github/calebwhiting/runelite/data/Magic$StaveIDs
instanceKlass com/github/calebwhiting/runelite/data/IDs
instanceKlass com/github/calebwhiting/runelite/data/Magic$RuneIDs
instanceKlass com/github/calebwhiting/runelite/data/Magic$RuneRequirement
instanceKlass com/github/calebwhiting/runelite/data/Magic$Spell
instanceKlass ba
instanceKlass lh
instanceKlass net/runelite/client/plugins/crowdsourcing/zmi/CrowdsourcingZMI$1
instanceKlass sun/awt/windows/WInputMethod$1
instanceKlass com/andmcadams/wikisync/WikiSyncPlugin$1
instanceKlass com/andmcadams/wikisync/PlayerDataSubmission
instanceKlass org/apache/commons/lang3/tuple/Triple
instanceKlass net/runelite/client/plugins/xptracker/XpStateSingle$1
instanceKlass tc
instanceKlass rl2
instanceKlass rl21
instanceKlass tv
instanceKlass net/runelite/client/ui/overlay/OverlayUtil
instanceKlass net/runelite/client/plugins/itemprices/ItemPricesPlugin$1
instanceKlass ot
instanceKlass java/time/LocalTime$1
instanceKlass java/util/EnumMap$EntryIterator$Entry
instanceKlass net/runelite/client/plugins/microbot/shortestpath/TransportVarPlayer$1
instanceKlass net/runelite/client/plugins/microbot/util/magic/RuneFilter$RuneFilterBuilder
instanceKlass net/runelite/client/plugins/microbot/shortestpath/TransportVarbit$1
instanceKlass net/runelite/client/plugins/microbot/shortestpath/pathfinder/PathfinderConfig$1
instanceKlass sun/net/www/protocol/http/HttpURLConnection$10
instanceKlass sun/net/www/http/KeepAliveEntry
instanceKlass sun/net/www/http/KeepAliveCache$1
instanceKlass sun/net/www/http/KeepAliveStreamCleaner$2
instanceKlass sun/net/www/http/KeepAliveStreamCleaner$1
instanceKlass sun/net/www/http/Hurryable
instanceKlass sun/net/www/HeaderParser
instanceKlass net/runelite/api/gameval/ObjectID1
instanceKlass net/runelite/api/ObjectID
instanceKlass sun/net/www/protocol/http/AuthCacheImpl
instanceKlass sun/net/www/protocol/http/AuthCache
instanceKlass sun/security/ssl/TransportContext$NotifyHandshake$1
instanceKlass sun/net/www/protocol/http/AuthCacheValue
instanceKlass sun/security/ssl/TransportContext$NotifyHandshake
instanceKlass sun/security/util/HostnameChecker
instanceKlass sun/security/util/AnchorCertificates$1
instanceKlass sun/security/util/AnchorCertificates
instanceKlass dinkplugin/util/WorldUtils
instanceKlass com/weaponcharges/DialogTracker$1
instanceKlass java/util/EnumMap$EnumMapIterator
instanceKlass com/attacktimer/AttackTimerMetronomePlugin$1
instanceKlass com/attacktimer/ClientUtils/Utils
instanceKlass com/attackranges/Regions
instanceKlass com/attackranges/AttackRangesUtils
instanceKlass java/net/SocketImplFactory
instanceKlass zh
instanceKlass com/runecraftingtracker/RunecraftingRegions
instanceKlass yw
instanceKlass java/lang/FdLibm$Hypot
instanceKlass sun/net/www/protocol/http/AuthenticatorKeys
instanceKlass zi
instanceKlass net/runelite/client/plugins/microbot/util/antiban/enums/Activity$1
instanceKlass net/runelite/client/plugins/microbot/util/antiban/enums/ActivityIntensity$1
instanceKlass tictac7x/charges/events/CustomStatChanged
instanceKlass net/runelite/client/plugins/xptracker/XpTrackerPlugin$1
instanceKlass com/weaponcharges/WeaponChargesItemOverlay$DrawAfter
instanceKlass com/weaponcharges/ChargesMessage$CustomChargeMatcher
instanceKlass com/weaponcharges/DialogStateMatcher$DialogStateMatchers
instanceKlass com/weaponcharges/ChargesDialogHandler$MatchHandler
instanceKlass com/weaponcharges/DialogStateMatcher$DialogStateMatcherBuilder
instanceKlass com/weaponcharges/DialogStateMatcher
instanceKlass com/weaponcharges/ChargesDialogHandler
instanceKlass com/weaponcharges/ChargesMessage$matcherthing
instanceKlass com/weaponcharges/ChargedWeapon$ChargedWeaponBuilder
instanceKlass kc
instanceKlass zq
instanceKlass sd
instanceKlass java/util/stream/Nodes$IntArrayNode
instanceKlass java/util/stream/Node$Builder$OfInt
instanceKlass com/github/m0bilebtw/SkillsTabProgressBarsPlugin$1
instanceKlass sun/net/www/http/KeepAliveKey
instanceKlass vz
instanceKlass sun/net/NetworkClient$1
instanceKlass org/json/JSONObject$Null
instanceKlass sun/net/NetworkClient
instanceKlass org/json/JSONObject
instanceKlass sun/net/www/protocol/http/HttpURLConnection$7
instanceKlass java/net/ResponseCache
instanceKlass sun/net/www/protocol/http/HttpURLConnection$3
instanceKlass java/net/CookieHandler
instanceKlass sun/net/www/protocol/http/HttpURLConnection$2
instanceKlass sun/net/util/ProxyUtil
instanceKlass javax/net/ssl/KeyManagerFactorySpi
instanceKlass javax/net/ssl/KeyManagerFactory$1
instanceKlass javax/net/ssl/KeyManagerFactory
instanceKlass sun/security/ssl/SSLContextImpl$DefaultManagersHolder$1
instanceKlass sun/security/ssl/SSLContextImpl$DefaultManagersHolder
instanceKlass javax/net/ssl/SSLSocketFactory$1
instanceKlass javax/net/ssl/SSLSocketFactory$DefaultFactoryHolder
instanceKlass qm
instanceKlass javax/net/ssl/HttpsURLConnection$DefaultHostnameVerifier
instanceKlass mg
instanceKlass vm
instanceKlass rl14
instanceKlass jp
instanceKlass kg
instanceKlass na
instanceKlass az
instanceKlass my
instanceKlass oy
instanceKlass dh
instanceKlass ue
instanceKlass vr
instanceKlass com/google/common/math/IntMath$1
instanceKlass com/google/common/math/MathPreconditions
instanceKlass com/google/common/math/IntMath
instanceKlass com/google/common/io/BaseEncoding$Alphabet
instanceKlass com/google/common/io/BaseEncoding
instanceKlass gw
instanceKlass pv
instanceKlass yb
instanceKlass com/github/calebwhiting/runelite/api/event/LocalRegionChanged
instanceKlass com/github/calebwhiting/runelite/api/event/LocalPositionChanged
instanceKlass ed
instanceKlass aa
instanceKlass net/runelite/client/plugins/grounditems/config/HighlightTier$1
instanceKlass net/runelite/client/plugins/grounditems/GroundItemsPlugin$1
instanceKlass net/runelite/client/plugins/grounditems/GroundItem$GroundItemBuilder
instanceKlass ad
instanceKlass tk
instanceKlass net/runelite/client/util/WildcardMatcher
instanceKlass qz
instanceKlass net/runelite/api/NpcOverrides
instanceKlass hb
instanceKlass ys
instanceKlass ji
instanceKlass net/runelite/api/widgets/JavaScriptCallback
instanceKlass me
instanceKlass com/google/common/collect/LinkedHashMultimap$ValueSet$1
instanceKlass net/runelite/client/plugins/camera/CameraPlugin$1
instanceKlass df
instanceKlass mu
instanceKlass com/google/common/collect/StandardTable$Row$1
instanceKlass wt
instanceKlass org/apache/commons/lang3/CharSequenceUtils
instanceKlass lq
instanceKlass rl6
instanceKlass net/runelite/client/plugins/xptracker/XpWorldType$3
instanceKlass net/runelite/client/plugins/microbot/util/inventory/Rs2RunePouch$PouchSlot
instanceKlass java/util/stream/Streams$RangeIntSpliterator
instanceKlass net/runelite/client/plugins/microbot/agentserver/handler/ScriptHeartbeatRegistry$HeartbeatRecord
instanceKlass com/timetrackingreminder/runelite/farming/PatchPrediction
instanceKlass com/timetrackingreminder/runelite/farming/PatchState$1
instanceKlass com/timetrackingreminder/runelite/farming/PatchState
instanceKlass com/timetrackingreminder/runelite/hunter/BirdHouseData
instanceKlass java/util/concurrent/ConcurrentLinkedDeque$AbstractItr
instanceKlass net/runelite/client/util/DeduplicationFilter$LogException
instanceKlass com/github/calebwhiting/runelite/plugins/actionprogress/ReleaseNotesData$Release
instanceKlass com/github/calebwhiting/runelite/plugins/actionprogress/ReleaseNotesData
instanceKlass thestonedturtle/mahoganyhomes/HotspotObjects$HotspotObject
instanceKlass org/apache/commons/lang3/ArrayUtils
instanceKlass com/tilepacks/data/GroundMarkerPoint
instanceKlass net/runelite/client/plugins/gpu/Zone$AlphaModel
instanceKlass ou
instanceKlass net/runelite/api/events/PostAnimation
instanceKlass net/runelite/api/events/PostObjectComposition
instanceKlass wr
instanceKlass java/util/stream/ReduceOps$8ReducingSink
instanceKlass java/util/stream/Sink$OfLong
instanceKlass java/util/function/LongConsumer
instanceKlass java/util/function/LongBinaryOperator
instanceKlass java/util/stream/LongStream
instanceKlass java/util/function/ToLongFunction
instanceKlass hn
instanceKlass qu
instanceKlass uk
instanceKlass kr
instanceKlass lv
instanceKlass xt
instanceKlass ox
instanceKlass zu
instanceKlass uh
instanceKlass kq
instanceKlass gd
instanceKlass gh
instanceKlass javax/swing/JToggleButton$1
instanceKlass javax/swing/text/JTextComponent$InputMethodRequestsHandler
instanceKlass java/awt/KeyboardFocusManager$4
instanceKlass com/formdev/flatlaf/FlatLaf$DisabledIconProvider
instanceKlass as
instanceKlass ap
instanceKlass aq
instanceKlass ag
instanceKlass gc
instanceKlass bg
instanceKlass tictac7x/charges/store/Store$1
instanceKlass tictac7x/charges/events/CustomChatMessage
instanceKlass net/runelite/client/plugins/emojis/EmojiPlugin$2
instanceKlass net/runelite/client/plugins/chathistory/ChatHistoryPlugin$1
instanceKlass net/runelite/client/chat/ChatCommandManager$1
instanceKlass com/attacktimer/VariableSpeed/ShadowCrash
instanceKlass com/attacktimer/VariableSpeed/TombsOfAmascut
instanceKlass com/attacktimer/VariableSpeed/Scurrius
instanceKlass com/attacktimer/VariableSpeed/TormentedDemons
instanceKlass com/attacktimer/VariableSpeed/EyeOfAyak
instanceKlass com/attacktimer/VariableSpeed/PurgingStaffSpec
instanceKlass com/attacktimer/VariableSpeed/RedKerisSpec
instanceKlass com/attacktimer/VariableSpeed/RapidAttackStyle
instanceKlass com/attacktimer/VariableSpeed/BloodMoonSet
instanceKlass com/attacktimer/VariableSpeed/IVariableSpeed
instanceKlass com/attacktimer/VariableSpeed/State/TickCount
instanceKlass com/attacktimer/VariableSpeed/State/MarkOfDarkness
instanceKlass com/attacktimer/VariableSpeed/State/Yama
instanceKlass com/attacktimer/VariableSpeed/State/IStateTracker
instanceKlass com/attacktimer/VariableSpeed/VariableSpeed
instanceKlass dinkplugin/DinkPlugin$1
instanceKlass kl
instanceKlass cx
instanceKlass ng
instanceKlass net/runelite/client/chat/QueuedMessage$QueuedMessageBuilder
instanceKlass java/time/format/DateTimeFormatterBuilder$2
instanceKlass java/time/format/DateTimePrintContext
instanceKlass net/runelite/client/plugins/woodcutting/WoodcuttingPlugin$1
instanceKlass net/runelite/client/plugins/timetracking/farming/CompostTracker$1
instanceKlass net/runelite/client/plugins/timersandbuffs/TimersAndBuffsPlugin$1
instanceKlass net/runelite/client/plugins/slayer/SlayerPlugin$1
instanceKlass net/runelite/client/plugins/reportbutton/ReportButtonPlugin$1
instanceKlass net/runelite/client/plugins/microbot/util/antiban/AntibanPlugin$2
instanceKlass net/runelite/client/plugins/itemcharges/ItemChargePlugin$1
instanceKlass net/runelite/client/plugins/idlenotifier/IdleNotifierPlugin$1
instanceKlass net/runelite/client/plugins/grandexchange/GrandExchangePlugin$2
instanceKlass net/runelite/client/plugins/chatnotifications/ChatNotificationsPlugin$1
instanceKlass net/runelite/client/plugins/chatfilter/ChatFilterPlugin$2
instanceKlass net/runelite/client/plugins/chatcommands/ChatCommandsPlugin$3
instanceKlass net/runelite/client/plugins/agility/AgilityPlugin$1
instanceKlass com/runecraftingtracker/PanelItemData
instanceKlass com/duckblade/osrs/toa/util/RaidStateTracker$1
instanceKlass com/andmcadams/wikisync/WikiSyncPlugin$3
instanceKlass at/nightfirec/fightcavewaves/FightCaveWavesPlugin$1
instanceKlass qw
instanceKlass ni
instanceKlass javax/swing/JComponent$IntVector
instanceKlass javax/swing/JComponent$KeyboardState
instanceKlass sun/awt/DebugSettings
instanceKlass ch/qos/logback/classic/spi/StackTraceElementProxy
instanceKlass ch/qos/logback/classic/spi/ThrowableProxyUtil
instanceKlass ch/qos/logback/classic/spi/ThrowableProxy
instanceKlass sun/net/util/SocketExceptions
instanceKlass net/runelite/http/api/config/ConfigPatchResult
instanceKlass net/runelite/client/config/ConfigClient$2
instanceKlass sun/security/ssl/Alert$AlertMessage
instanceKlass net/runelite/client/plugins/timetracking/farming/PatchState$1
instanceKlass java/awt/LightweightDispatcher$1
instanceKlass java/awt/Container$MouseEventTargetFilter
instanceKlass dn
instanceKlass ma
instanceKlass mv
instanceKlass mr
instanceKlass mk
instanceKlass mp
instanceKlass kh
instanceKlass java/security/DomainCombiner
instanceKlass net/runelite/client/plugins/xptracker/XpSnapshotSingle$XpSnapshotSingleBuilder
instanceKlass org/lwjgl/opengl/GL$ICDStatic$WriteOnce
instanceKlass org/apache/commons/lang3/reflect/MemberUtils
instanceKlass org/apache/commons/lang3/Validate
instanceKlass org/apache/commons/lang3/reflect/FieldUtils
instanceKlass org/lwjgl/system/APIUtil$Encoder
instanceKlass com/google/common/io/CharStreams
instanceKlass org/lwjgl/system/libc/LibCString
instanceKlass net/runelite/client/plugins/gpu/GpuPlugin$1
instanceKlass org/lwjgl/system/MultiReleaseTextDecoding
instanceKlass org/lwjgl/opengl/GL11C
instanceKlass org/lwjgl/system/CheckIntrinsics
instanceKlass org/lwjgl/system/MathUtil
instanceKlass org/lwjgl/system/JNI
instanceKlass org/lwjgl/opengl/WGL
instanceKlass org/lwjgl/system/SharedLibrary$Delegate
instanceKlass org/lwjgl/system/libc/LibCStdlib
instanceKlass org/lwjgl/system/MemoryManage$StdlibAllocator
instanceKlass org/lwjgl/system/MemoryManage
instanceKlass org/lwjgl/system/MemoryUtil$MemoryAllocator
instanceKlass org/lwjgl/system/MemoryUtil$LazyInit
instanceKlass org/lwjgl/system/ThreadLocalUtil
instanceKlass org/lwjgl/system/windows/WinBase
instanceKlass org/lwjgl/system/MemoryUtil$2
instanceKlass org/lwjgl/system/MemoryAccessJNI
instanceKlass java/util/function/LongPredicate
instanceKlass org/lwjgl/system/jni/JNINativeInterface
instanceKlass org/lwjgl/system/MemoryUtil$NativeShift
instanceKlass org/lwjgl/system/MemoryUtil
instanceKlass org/lwjgl/system/APIUtil$1
instanceKlass org/lwjgl/opengl/GL$2
instanceKlass java/nio/file/FileStore
instanceKlass sun/nio/fs/WindowsSecurity
instanceKlass sun/nio/fs/AbstractAclFileAttributeView
instanceKlass java/nio/file/attribute/AclFileAttributeView
instanceKlass java/nio/file/attribute/FileOwnerAttributeView
instanceKlass sun/nio/fs/WindowsLinkSupport
instanceKlass org/lwjgl/VersionImpl
instanceKlass org/lwjgl/Version
instanceKlass org/lwjgl/system/SharedLibraryLoader
instanceKlass org/lwjgl/system/Library
instanceKlass java/lang/invoke/MethodHandleImpl$BindCaller
instanceKlass org/lwjgl/opengl/GL$ICDStatic
instanceKlass org/lwjgl/opengl/GL$ICD
instanceKlass org/lwjgl/opengl/GL
instanceKlass tn
instanceKlass java/text/AttributedString$AttributedStringIterator
instanceKlass java/text/AttributedString
instanceKlass sun/awt/im/CompositionAreaHandler
instanceKlass com/formdev/flatlaf/ui/JBRCustomDecorations
instanceKlass com/formdev/flatlaf/util/MultiResolutionImageSupport
instanceKlass com/formdev/flatlaf/util/JavaCompatibility
instanceKlass com/formdev/flatlaf/util/HiDPIUtils
instanceKlass com/formdev/flatlaf/util/HiDPIUtils$Painter
instanceKlass java/awt/event/MouseEvent$1
instanceKlass sun/awt/AWTAccessor$MouseEventAccessor
instanceKlass net/runelite/client/ui/ClientUI$9
instanceKlass java/awt/Cursor$CursorDisposer
instanceKlass javax/swing/SwingHeavyWeight
instanceKlass sun/awt/windows/WTrayIconPeer$IconObserver
instanceKlass java/awt/TrayIcon$1
instanceKlass sun/awt/AWTAccessor$TrayIconAccessor
instanceKlass java/awt/peer/TrayIconPeer
instanceKlass java/awt/peer/SystemTrayPeer
instanceKlass sun/awt/AWTAccessor$SystemTrayAccessor
instanceKlass java/awt/SystemTray
instanceKlass javax/swing/GroupLayout$1
instanceKlass com/sun/jna/win32/W32APIFunctionMapper
instanceKlass com/sun/jna/win32/W32APITypeMapper$2
instanceKlass com/sun/jna/DefaultTypeMapper$Entry
instanceKlass com/sun/jna/win32/W32APITypeMapper$1
instanceKlass com/sun/jna/DefaultTypeMapper
instanceKlass com/sun/jna/win32/W32APIOptions
instanceKlass com/sun/jna/FunctionMapper
instanceKlass net/runelite/client/util/WinUtil$RLUser32
instanceKlass com/sun/jna/win32/StdCallLibrary
instanceKlass com/sun/jna/win32/StdCall
instanceKlass com/sun/jna/Native$AWT
instanceKlass com/formdev/flatlaf/ui/FlatRootPaneUI$FlatRootLayout
instanceKlass com/formdev/flatlaf/util/ScaledImageIcon
instanceKlass com/formdev/flatlaf/ui/FlatWindowsNativeWindowBorder$WndProc
instanceKlass java/awt/LightweightDispatcher$2
instanceKlass javax/swing/Autoscroller
instanceKlass java/awt/Window$1DisposeAction
instanceKlass net/runelite/client/TelemetryClient$1
instanceKlass net/runelite/http/api/telemetry/Telemetry
instanceKlass java/util/WeakHashMap$HashIterator
instanceKlass com/duckblade/osrs/toa/features/boss/kephri/swarmer/SwarmerPanelManager$1
instanceKlass com/duckblade/osrs/toa/features/scabaras/SkipObeliskOverlay$1
instanceKlass com/duckblade/osrs/toa/features/pointstracker/PointsOverlay$1
instanceKlass java/util/AbstractMap$1$1
instanceKlass com/attackranges/weapons/Weapon
instanceKlass com/attackranges/weapons/WeaponIds
instanceKlass com/attackranges/weapons/WeaponsGenerator
instanceKlass com/github/calebwhiting/runelite/data/Woodcutting
instanceKlass com/github/calebwhiting/runelite/data/Herblore$Ingredients
instanceKlass com/github/calebwhiting/runelite/data/Herblore
instanceKlass com/github/calebwhiting/runelite/data/Crafting
instanceKlass com/github/calebwhiting/runelite/data/Fletching
instanceKlass com/github/calebwhiting/runelite/plugins/actionprogress/CoalBag
instanceKlass com/github/calebwhiting/runelite/api/event/LocalAnimationChanged
instanceKlass com/github/calebwhiting/runelite/data/Ingredient
instanceKlass com/github/calebwhiting/runelite/api/ui/ItemIconSource
instanceKlass com/github/calebwhiting/runelite/api/ui/SpriteIconSource
instanceKlass com/github/calebwhiting/runelite/api/ui/IconSource
instanceKlass com/github/calebwhiting/runelite/plugins/actionprogress/ActionIcon
instanceKlass com/github/calebwhiting/runelite/plugins/actionprogress/ActionUtils
instanceKlass com/github/calebwhiting/runelite/data/Recipe
instanceKlass com/github/calebwhiting/runelite/api/LocalPlayerManager
instanceKlass com/github/calebwhiting/runelite/api/InventoryManager
instanceKlass java/text/DecimalFormat$DigitArrays
instanceKlass java/text/DecimalFormat$FastPathData
instanceKlass java/text/DigitList$1
instanceKlass org/jfree/chart/plot/PlotRenderingInfo
instanceKlass org/jfree/chart/entity/StandardEntityCollection
instanceKlass org/jfree/chart/entity/EntityCollection
instanceKlass org/jfree/chart/ChartMouseListener
instanceKlass org/jfree/chart/ChartRenderingInfo
instanceKlass org/jfree/chart/panel/Overlay
instanceKlass org/jfree/base/AbstractBoot
instanceKlass org/jfree/base/modules/SubSystem
instanceKlass org/jfree/base/BasicProjectInfo$OptionalLibraryHolder
instanceKlass org/jfree/util/ResourceBundleWrapper
instanceKlass org/jfree/JCommon
instanceKlass org/jfree/ui/about/Contributor
instanceKlass org/jfree/ui/about/Licences
instanceKlass java/util/ResourceBundle$Control$1
instanceKlass org/jfree/chart/block/BlockFrame
instanceKlass org/jfree/base/Library
instanceKlass org/jfree/data/xy/XYRangeInfo
instanceKlass org/jfree/data/xy/XYDomainInfo
instanceKlass org/jfree/chart/labels/StandardXYSeriesLabelGenerator
instanceKlass org/jfree/ui/TextAnchor
instanceKlass org/jfree/chart/labels/ItemLabelAnchor
instanceKlass org/jfree/chart/labels/ItemLabelPosition
instanceKlass org/jfree/chart/labels/AbstractXYItemLabelGenerator
instanceKlass org/jfree/data/RangeInfo
instanceKlass org/jfree/chart/axis/AxisLocation
instanceKlass org/jfree/data/xy/OHLCDataset
instanceKlass org/jfree/data/statistics/BoxAndWhiskerCategoryDataset
instanceKlass org/jfree/data/general/DatasetUtilities
instanceKlass org/jfree/util/AbstractObjectList
instanceKlass org/jfree/chart/plot/PlotOrientation
instanceKlass org/jfree/chart/plot/SeriesRenderingOrder
instanceKlass org/jfree/chart/plot/DatasetRenderingOrder
instanceKlass org/jfree/chart/util/ResourceBundleWrapper
instanceKlass org/jfree/text/TextMeasurer
instanceKlass org/jfree/data/RangeType
instanceKlass org/jfree/chart/event/ChartChangeEventType
instanceKlass org/jfree/chart/axis/DateTickMarkPosition
instanceKlass org/jfree/chart/axis/TickUnits
instanceKlass org/jfree/chart/axis/DateAxis$DefaultTimeline
instanceKlass org/jfree/chart/axis/DateTickUnitType
instanceKlass org/jfree/chart/axis/Timeline
instanceKlass org/jfree/chart/renderer/RendererState
instanceKlass org/jfree/chart/labels/XYSeriesLabelGenerator
instanceKlass org/jfree/chart/plot/Marker
instanceKlass org/jfree/data/general/PieDataset
instanceKlass org/jfree/data/KeyedValues
instanceKlass org/jfree/data/Values
instanceKlass org/jfree/chart/labels/PieSectionLabelGenerator
instanceKlass org/jfree/chart/urls/PieURLGenerator
instanceKlass org/jfree/chart/labels/PieToolTipGenerator
instanceKlass org/jfree/data/category/CategoryDataset
instanceKlass org/jfree/data/KeyedValues2D
instanceKlass org/jfree/data/Values2D
instanceKlass org/jfree/chart/renderer/PolarItemRenderer
instanceKlass org/jfree/chart/urls/CategoryURLGenerator
instanceKlass org/jfree/chart/labels/CategoryToolTipGenerator
instanceKlass org/jfree/chart/urls/XYURLGenerator
instanceKlass org/jfree/chart/labels/XYToolTipGenerator
instanceKlass org/jfree/chart/renderer/xy/XYItemRenderer
instanceKlass org/jfree/chart/ChartFactory
instanceKlass org/jfree/ui/GradientPaintTransformer
instanceKlass org/jfree/chart/labels/CategorySeriesLabelGenerator
instanceKlass java/awt/geom/Line2D
instanceKlass org/jfree/chart/renderer/AbstractRenderer
instanceKlass org/jfree/chart/renderer/category/CategoryItemRenderer
instanceKlass org/jfree/chart/Effect3D
instanceKlass org/jfree/chart/renderer/xy/GradientXYBarPainter
instanceKlass org/jfree/chart/renderer/category/GradientBarPainter
instanceKlass org/jfree/chart/plot/PieLabelLinkStyle
instanceKlass org/jfree/chart/plot/DefaultDrawingSupplier
instanceKlass org/jfree/util/UnitType
instanceKlass org/jfree/ui/RectangleInsets
instanceKlass org/jfree/data/Range
instanceKlass org/jfree/chart/axis/TickUnitSource
instanceKlass org/jfree/chart/axis/TickUnit
instanceKlass org/jfree/chart/entity/ChartEntity
instanceKlass org/jfree/chart/axis/Axis
instanceKlass org/jfree/chart/renderer/xy/XYBarPainter
instanceKlass org/jfree/chart/renderer/category/BarPainter
instanceKlass org/jfree/chart/plot/DrawingSupplier
instanceKlass org/jfree/chart/block/AbstractBlock
instanceKlass org/jfree/chart/block/Block
instanceKlass org/jfree/chart/event/RendererChangeListener
instanceKlass org/jfree/chart/plot/Zoomable
instanceKlass org/jfree/chart/plot/Pannable
instanceKlass org/jfree/chart/plot/ValueAxisPlot
instanceKlass org/jfree/chart/plot/Plot
instanceKlass org/jfree/chart/LegendItemSource
instanceKlass org/jfree/chart/event/MarkerChangeListener
instanceKlass org/jfree/data/general/DatasetChangeListener
instanceKlass org/jfree/chart/event/AxisChangeListener
instanceKlass org/jfree/chart/StandardChartTheme
instanceKlass org/jfree/util/PublicCloneable
instanceKlass org/jfree/chart/ChartTheme
instanceKlass org/jfree/data/time/TimeSeriesDataItem
instanceKlass org/jfree/date/SerialDate
instanceKlass com/adriansoftware/BankHistoryPanel$3
instanceKlass org/jfree/data/general/Series
instanceKlass org/jfree/data/time/TimePeriodAnchor
instanceKlass org/jfree/data/general/DatasetGroup
instanceKlass com/adriansoftware/BankValue$BankValueBuilder
instanceKlass java/time/OffsetDateTime
instanceKlass java/time/temporal/TemporalQueries$7
instanceKlass java/time/temporal/TemporalQueries$6
instanceKlass java/time/temporal/TemporalQueries$5
instanceKlass java/time/temporal/TemporalQueries$4
instanceKlass java/time/temporal/TemporalQueries$3
instanceKlass java/time/temporal/TemporalQueries$2
instanceKlass java/time/temporal/TemporalQueries$1
instanceKlass java/time/temporal/TemporalQueries
instanceKlass java/time/format/Parsed
instanceKlass java/time/format/DateTimeParseContext
instanceKlass com/google/gson/internal/bind/TreeTypeAdapter$GsonContextImpl
instanceKlass java/util/stream/SliceOps
instanceKlass java/util/Spliterators$AbstractSpliterator
instanceKlass javax/swing/SpringLayout$Constraints
instanceKlass javax/swing/Spring
instanceKlass javax/swing/SpringLayout
instanceKlass net/sourceforge/jdatepicker/impl/JDatePickerImpl$InternalEventHandler
instanceKlass net/sourceforge/jdatepicker/util/JDatePickerUtil
instanceKlass net/sourceforge/jdatepicker/graphics/JNextIcon
instanceKlass net/sourceforge/jdatepicker/graphics/JPreviousIcon
instanceKlass net/sourceforge/jdatepicker/impl/JDatePanelImpl$InternalController
instanceKlass net/sourceforge/jdatepicker/impl/JDatePanelImpl$InternalCalendarModel
instanceKlass net/sourceforge/jdatepicker/AbstractDateModel
instanceKlass net/sourceforge/jdatepicker/JDatePicker
instanceKlass net/sourceforge/jdatepicker/JDatePanel
instanceKlass net/sourceforge/jdatepicker/JDateComponent
instanceKlass net/sourceforge/jdatepicker/DateModel
instanceKlass java/time/zone/ZoneOffsetTransitionRule$1
instanceKlass java/time/LocalDate$1
instanceKlass java/time/temporal/TemporalAdjusters
instanceKlass org/jfree/data/general/AbstractDataset
instanceKlass java/io/ObjectInputValidation
instanceKlass org/jfree/data/general/SeriesChangeListener
instanceKlass org/jfree/data/DomainInfo
instanceKlass org/jfree/data/xy/IntervalXYDataset
instanceKlass org/jfree/chart/JFreeChart
instanceKlass org/jfree/chart/event/PlotChangeListener
instanceKlass org/jfree/chart/event/TitleChangeListener
instanceKlass org/jfree/ui/Drawable
instanceKlass org/jfree/data/time/RegularTimePeriod
instanceKlass org/jfree/date/MonthConstants
instanceKlass org/jfree/data/time/TimePeriod
instanceKlass org/jfree/chart/event/OverlayChangeListener
instanceKlass org/jfree/chart/event/ChartProgressListener
instanceKlass org/jfree/chart/event/ChartChangeListener
instanceKlass org/jfree/data/xy/XYDataset
instanceKlass org/jfree/data/general/SeriesDataset
instanceKlass org/jfree/data/general/Dataset
instanceKlass tictac7x/charges/store/utils/DynamicReplaceTarget
instanceKlass tictac7x/charges/events/CustomMenuOptionClicked
instanceKlass com/google/gson/JsonParser
instanceKlass tictac7x/charges/items/jewelry/ExplorersRingStorageItemId
instanceKlass tictac7x/charges/store/utils/ReplaceTarget
instanceKlass tictac7x/charges/events/CustomScriptPreFired
instanceKlass tictac7x/charges/store/utils/WidgetMenuAction
instanceKlass tictac7x/charges/store/utils/MaximumComboQuantity
instanceKlass tictac7x/charges/store/ids/WidgetId
instanceKlass tictac7x/charges/item/storage/StorageItems
instanceKlass tictac7x/charges/item/storage/Storage
instanceKlass tictac7x/charges/item/triggers/TriggerItem
instanceKlass tictac7x/charges/store/utils/WeaponAttackStyle
instanceKlass tictac7x/charges/item/triggers/TriggerBase
instanceKlass tictac7x/charges/item/storage/StorageItem
instanceKlass tictac7x/charges/item/listeners/ListenerBase
instanceKlass tictac7x/charges/events/CustomItemContainerChanged
instanceKlass sun/security/provider/certpath/CertId
instanceKlass sun/security/provider/certpath/OCSPResponse$SingleResponse
instanceKlass sun/security/provider/certpath/OCSP$RevocationStatus
instanceKlass sun/security/provider/certpath/ResponderId
instanceKlass sun/security/provider/certpath/OCSPResponse
instanceKlass sun/security/ssl/CertStatusExtension$CertStatusResponse
instanceKlass sun/security/ssl/CertStatusExtension$CertStatusResponseSpec
instanceKlass com/banktaglayouts/BankTagLayoutsPlugin$1
instanceKlass java/util/regex/Pattern$1MatcherIterator
instanceKlass dinkplugin/util/ConfigUtil
instanceKlass java/nio/channels/spi/AbstractSelector$1
instanceKlass org/java_websocket/AbstractWebSocket$1
instanceKlass org/java_websocket/util/NamedThreadFactory
instanceKlass java/nio/channels/SelectionKey
instanceKlass java/nio/BufferMismatch
instanceKlass net/runelite/api/events/PostStructComposition
instanceKlass sun/nio/ch/UnixDomainSocketsUtil
instanceKlass sun/nio/ch/UnixDomainSockets
instanceKlass sun/nio/ch/PipeImpl$Initializer$LoopbackConnector
instanceKlass sun/nio/ch/PipeImpl$Initializer
instanceKlass java/nio/channels/Pipe
instanceKlass sun/nio/ch/WEPoll
instanceKlass sun/nio/ch/Util$2
instanceKlass java/nio/channels/Selector
instanceKlass sun/nio/ch/ServerSocketChannelImpl$DefaultOptionsHolder
instanceKlass java/net/ServerSocket
instanceKlass sun/nio/ch/SelChImpl
instanceKlass sun/nio/ch/DefaultSelectorProvider
instanceKlass java/nio/channels/spi/SelectorProvider$Holder
instanceKlass java/nio/channels/spi/SelectorProvider
instanceKlass java/nio/channels/NetworkChannel
instanceKlass org/java_websocket/server/WebSocketServer$WebSocketWorker$1
instanceKlass org/java_websocket/server/DefaultWebSocketServerFactory
instanceKlass org/java_websocket/WebSocketServerFactory
instanceKlass org/java_websocket/WebSocketFactory
instanceKlass org/java_websocket/framing/Framedata
instanceKlass org/java_websocket/handshake/ServerHandshakeBuilder
instanceKlass org/java_websocket/handshake/ServerHandshake
instanceKlass org/java_websocket/handshake/HandshakeBuilder
instanceKlass com/andmcadams/wikisync/WikiSyncPlugin$2
instanceKlass com/timetrackingreminder/runelite/farming/PaymentTracker
instanceKlass com/timetrackingreminder/runelite/farming/CompostTracker
instanceKlass com/timetrackingreminder/runelite/farming/FarmingPatch
instanceKlass com/timetrackingreminder/runelite/farming/FarmingRegion
instanceKlass com/timetrackingreminder/runelite/farming/FarmingWorld
instanceKlass com/tilepacks/ui/panel/header/HeaderPanel$SearchTextFieldKeyListener
instanceKlass com/tilepacks/data/TilePackConfig
instanceKlass com/tilepacks/data/TilePack
instanceKlass java/time/format/DateTimeFormatterBuilder$LocalizedPrinterParser
instanceKlass net/runelite/client/plugins/xptracker/XpInfoBox$1
instanceKlass net/runelite/client/plugins/xptracker/XpPanel$1
instanceKlass net/runelite/client/plugins/microbot/util/npc/Rs2NpcStats$Builder
instanceKlass net/runelite/client/plugins/notes/NotesPanel$3
instanceKlass net/runelite/client/plugins/timetracking/clocks/ClockPanel$2
instanceKlass net/runelite/client/plugins/timetracking/clocks/ClockPanel$1
instanceKlass java/util/Collections$UnmodifiableMap$UnmodifiableEntrySet$UnmodifiableEntry
instanceKlass java/util/Collections$UnmodifiableMap$UnmodifiableEntrySet$1
instanceKlass net/runelite/client/plugins/gpu/Zone$AlphaModelComparator
instanceKlass org/lwjgl/system/Checks
instanceKlass org/lwjgl/system/SharedLibrary
instanceKlass org/lwjgl/system/FunctionProvider
instanceKlass org/lwjgl/system/APIUtil
instanceKlass org/lwjgl/BufferUtils
instanceKlass jdk/internal/loader/URLClassPath$JarLoader$3
instanceKlass net/runelite/client/util/QuantityFormatter
instanceKlass javax/swing/GroupLayout$ComponentInfo
instanceKlass javax/swing/GroupLayout
instanceKlass net/runelite/client/plugins/config/PluginListPanel$2
instanceKlass net/runelite/client/plugins/boosts/BoostsPlugin$1
instanceKlass com/google/common/primitives/Doubles
instanceKlass net/runelite/client/plugins/microbot/util/antiban/Rs2AntibanSettings$PersistentSettings
instanceKlass javax/swing/JTable$ModelChange
instanceKlass java/util/Timer$ThreadReaper
instanceKlass java/util/TaskQueue
instanceKlass net/runelite/client/plugins/microbot/util/antiban/ui/MasterPanel$1
instanceKlass sun/awt/image/ImageDecoder$1
instanceKlass sun/awt/image/GifFrame
instanceKlass sun/awt/image/JPEGImageDecoder$1
instanceKlass net/runelite/client/plugins/microbot/util/antiban/ui/MousePanel$1
instanceKlass javax/swing/plaf/basic/BasicSliderUI$ScrollListener
instanceKlass javax/swing/plaf/basic/BasicSliderUI$Handler
instanceKlass javax/swing/JSlider$ModelListener
instanceKlass com/google/common/primitives/Floats
instanceKlass ka
instanceKlass net/runelite/client/plugins/emojis/EmojiPlugin$1
instanceKlass yt
instanceKlass rl20
instanceKlass org/fife/ui/rsyntaxtextarea/DefaultOccurrenceMarker
instanceKlass sun/swing/table/DefaultTableCellHeaderRenderer$1
instanceKlass javax/swing/JComponent$ActionStandin
instanceKlass java/util/prefs/AbstractPreferences$1
instanceKlass java/util/prefs/NodeChangeListener
instanceKlass java/util/prefs/PreferenceChangeListener
instanceKlass java/util/prefs/WindowsPreferencesFactory
instanceKlass java/util/prefs/PreferencesFactory
instanceKlass java/util/prefs/Preferences$2
instanceKlass java/util/prefs/Preferences$1
instanceKlass java/util/prefs/Preferences
instanceKlass jdk/internal/icu/text/ReplaceableString
instanceKlass jdk/internal/icu/text/Replaceable
instanceKlass jdk/internal/icu/text/UCharacterIterator
instanceKlass sun/text/CollatorUtilities
instanceKlass java/text/CollationElementIterator
instanceKlass javax/swing/DefaultRowSorter$Row
instanceKlass sun/text/ComposedCharIter
instanceKlass java/text/EntryPair
instanceKlass java/text/PatternEntry
instanceKlass java/text/PatternEntry$Parser
instanceKlass java/text/MergeCollation
instanceKlass jdk/internal/icu/impl/Norm2AllModes$NFCSingleton
instanceKlass sun/text/UCompactIntArray
instanceKlass sun/text/IntHashtable
instanceKlass java/text/RBCollationTables$BuildAPI
instanceKlass java/text/RBTableBuilder
instanceKlass java/text/RBCollationTables
instanceKlass java/text/Collator
instanceKlass javax/swing/RowSorter$SortKey
instanceKlass sun/awt/image/PNGImageDecoder$Chromaticities
instanceKlass com/formdev/flatlaf/extras/FlatUIDefaultsInspector$Item
instanceKlass com/formdev/flatlaf/extras/FlatUIDefaultsInspector$1
instanceKlass javax/swing/JTable$SortManager
instanceKlass javax/swing/DefaultRowSorter$ModelWrapper
instanceKlass javax/swing/table/TableRowSorter$ComparableComparator
instanceKlass javax/swing/RowSorter
instanceKlass com/formdev/flatlaf/ui/FlatTextFieldUI$FlatTextFieldLayout
instanceKlass com/formdev/flatlaf/ui/FlatTextFieldUI$FlatDocumentListener
instanceKlass com/formdev/flatlaf/extras/components/FlatStyleableComponent
instanceKlass com/formdev/flatlaf/extras/components/FlatComponentExtension
instanceKlass com/formdev/flatlaf/extras/FlatUIDefaultsInspector
instanceKlass jdk/internal/misc/ScopedMemoryAccess$Scope$Handle
instanceKlass jdk/jshell/JShell$Builder
instanceKlass jdk/jshell/SourceCodeAnalysis
instanceKlass jdk/jshell/spi/ExecutionEnv
instanceKlass jdk/jshell/JShell
instanceKlass net/runelite/jshell/TeeLogger
instanceKlass com/sun/org/apache/xerces/internal/impl/dtd/models/SimpleContentModel
instanceKlass com/sun/org/apache/xerces/internal/impl/dtd/models/CMStateSet
instanceKlass com/sun/org/apache/xerces/internal/impl/dtd/models/DFAContentModel
instanceKlass com/sun/org/apache/xerces/internal/impl/dtd/models/CMNode
instanceKlass com/sun/xml/internal/stream/StaxXMLInputSource
instanceKlass com/sun/org/apache/xerces/internal/impl/XMLDocumentScannerImpl$DTDDriver
instanceKlass com/sun/org/apache/xerces/internal/impl/dtd/XMLContentSpec
instanceKlass com/sun/org/apache/xerces/internal/impl/dtd/models/ContentModelValidator
instanceKlass com/sun/org/apache/xerces/internal/impl/dtd/DTDGrammar
instanceKlass com/sun/org/apache/xerces/internal/xni/grammars/Grammar
instanceKlass com/sun/org/apache/xerces/internal/impl/validation/EntityState
instanceKlass javax/xml/transform/Source
instanceKlass javax/xml/transform/Result
instanceKlass org/w3c/dom/Node
instanceKlass org/fife/ui/rtextarea/FoldIndicator$FoldIcon
instanceKlass org/fife/ui/rtextarea/IconRowHeader$GutterIconImpl
instanceKlass org/fife/ui/rtextarea/LineNumberList$Listener
instanceKlass org/fife/ui/rtextarea/GutterIconInfo
instanceKlass org/fife/ui/rsyntaxtextarea/focusabletip/FocusableTip
instanceKlass org/fife/ui/rsyntaxtextarea/ParserManager
instanceKlass org/fife/ui/rsyntaxtextarea/Style
instanceKlass org/fife/ui/rsyntaxtextarea/folding/YamlFoldParser
instanceKlass org/fife/ui/rsyntaxtextarea/folding/PythonFoldParser
instanceKlass org/fife/ui/rsyntaxtextarea/folding/NsisFoldParser
instanceKlass org/fife/ui/rsyntaxtextarea/folding/LatexFoldParser
instanceKlass org/fife/ui/rsyntaxtextarea/folding/JsonFoldParser
instanceKlass org/fife/ui/rsyntaxtextarea/folding/HtmlFoldParser
instanceKlass org/fife/ui/rsyntaxtextarea/folding/XmlFoldParser
instanceKlass org/fife/ui/rsyntaxtextarea/folding/LinesWithContentFoldParser
instanceKlass org/fife/ui/rsyntaxtextarea/folding/CurlyFoldParser
instanceKlass org/fife/ui/rsyntaxtextarea/folding/FoldParser
instanceKlass org/fife/ui/rsyntaxtextarea/folding/FoldParserManager
instanceKlass org/fife/ui/rsyntaxtextarea/folding/DefaultFoldManager$Listener
instanceKlass org/fife/ui/rsyntaxtextarea/folding/DefaultFoldManager
instanceKlass org/fife/ui/rsyntaxtextarea/MarkOccurrencesSupport
instanceKlass org/fife/ui/rsyntaxtextarea/DefaultTokenPainter
instanceKlass org/fife/ui/rsyntaxtextarea/RSyntaxUtilities
instanceKlass org/fife/ui/rtextarea/RTextAreaHighlighter$LayeredHighlightInfo
instanceKlass org/fife/ui/rtextarea/RTextAreaHighlighter$HighlightInfoImpl
instanceKlass org/fife/ui/rtextarea/RTextAreaHighlighter$HighlightInfo
instanceKlass org/fife/ui/rtextarea/ColorBackgroundPainterStrategy
instanceKlass org/fife/ui/rsyntaxtextarea/folding/FoldCollapser
instanceKlass java/util/ImmutableCollections$Access$1
instanceKlass jdk/internal/access/JavaUtilCollectionAccess
instanceKlass java/util/ImmutableCollections$Access
instanceKlass java/util/ServiceLoader$ProviderSpliterator
instanceKlass java/util/spi/ResourceBundleControlProvider
instanceKlass java/util/ResourceBundle$ResourceBundleControlProviderHolder
instanceKlass org/fife/ui/rtextarea/ClipboardHistory
instanceKlass org/fife/ui/rsyntaxtextarea/TokenOrientedView
instanceKlass org/fife/ui/rsyntaxtextarea/RSTAView
instanceKlass org/fife/ui/rsyntaxtextarea/DefaultTokenFactory
instanceKlass org/fife/ui/rsyntaxtextarea/OccurrenceMarker
instanceKlass org/fife/ui/rsyntaxtextarea/TokenFactory
instanceKlass org/fife/ui/rsyntaxtextarea/TokenMakerBase
instanceKlass org/fife/ui/rsyntaxtextarea/AbstractTokenMakerFactory$TokenMakerCreator
instanceKlass org/fife/ui/rsyntaxtextarea/TokenMaker
instanceKlass org/fife/ui/rsyntaxtextarea/TokenMakerFactory
instanceKlass org/fife/util/DynamicIntArray
instanceKlass org/fife/ui/rsyntaxtextarea/folding/Fold
instanceKlass org/fife/ui/rsyntaxtextarea/TokenImpl
instanceKlass org/fife/ui/rsyntaxtextarea/Theme
instanceKlass org/fife/ui/rsyntaxtextarea/SyntaxScheme
instanceKlass org/fife/ui/rsyntaxtextarea/CodeTemplateManager
instanceKlass org/fife/ui/rsyntaxtextarea/ActiveLineRangeListener
instanceKlass org/fife/ui/rsyntaxtextarea/parser/Parser
instanceKlass org/fife/ui/rsyntaxtextarea/LinkGeneratorResult
instanceKlass org/fife/ui/rsyntaxtextarea/LinkGenerator
instanceKlass javax/swing/event/HyperlinkEvent$EventType
instanceKlass org/fife/ui/rtextarea/IconGroup
instanceKlass org/fife/ui/rtextarea/ToolTipSupplier
instanceKlass org/fife/ui/rtextarea/Macro
instanceKlass org/fife/ui/rtextarea/LineHighlightManager
instanceKlass java/awt/print/PageFormat
instanceKlass javax/swing/event/HyperlinkListener
instanceKlass org/fife/ui/rsyntaxtextarea/Token
instanceKlass org/fife/ui/rsyntaxtextarea/TokenTypes
instanceKlass org/fife/ui/rsyntaxtextarea/folding/FoldManager
instanceKlass org/fife/ui/rsyntaxtextarea/TokenPainter
instanceKlass org/fife/ui/rtextarea/ImageBackgroundPainterStrategy
instanceKlass org/fife/ui/rtextarea/BackgroundPainterStrategy
instanceKlass jdk/jshell/Diag
instanceKlass jdk/jshell/Snippet
instanceKlass org/fife/ui/autocomplete/CompletionProvider
instanceKlass sun/security/util/ManifestEntryVerifier
instanceKlass jdk/jshell/execution/DirectExecutionControl
instanceKlass jdk/jshell/spi/ExecutionControl
instanceKlass jdk/jshell/spi/ExecutionControlProvider
instanceKlass org/fife/ui/rsyntaxtextarea/SyntaxConstants
instanceKlass java/awt/print/Printable
instanceKlass net/runelite/client/plugins/devtools/InventoryInspector$1
instanceKlass javax/swing/JTree$TreeSelectionRedirector
instanceKlass net/runelite/api/gameval/InventoryID
instanceKlass javax/swing/plaf/basic/BasicSpinnerUI$Handler
instanceKlass com/formdev/flatlaf/ui/FlatSpinnerUI$Handler
instanceKlass javax/swing/JSpinner$ModelListener
instanceKlass java/text/FieldPosition$Delegate
instanceKlass javax/swing/text/NavigationFilter$FilterBypass
instanceKlass javax/swing/text/NavigationFilter
instanceKlass java/util/Currency$OtherCurrencyEntry
instanceKlass java/util/Currency$SpecialCaseEntry
instanceKlass java/util/Currency$1
instanceKlass javax/swing/JFormattedTextField$DocumentHandler
instanceKlass javax/swing/AbstractSpinnerModel
instanceKlass javax/swing/JSpinner$DisabledAction
instanceKlass java/util/Collections$UnmodifiableList$1
instanceKlass net/runelite/client/plugins/devtools/ScriptInspector$1
instanceKlass net/runelite/client/plugins/devtools/VarInspector$1
instanceKlass net/runelite/api/gameval/VarPlayerID
instanceKlass net/runelite/api/gameval/VarClientID
instanceKlass net/runelite/api/gameval/VarbitID
instanceKlass javax/swing/JTable$5
instanceKlass javax/swing/JTable$2
instanceKlass javax/swing/JTable$Resizable3
instanceKlass javax/swing/JTable$Resizable2
instanceKlass javax/swing/plaf/basic/BasicSplitPaneUI$Handler
instanceKlass javax/swing/plaf/basic/BasicSplitPaneUI$BasicHorizontalLayoutManager
instanceKlass javax/swing/plaf/basic/BasicSplitPaneDivider$DividerLayout
instanceKlass javax/swing/plaf/basic/BasicTableUI$FocusHandler
instanceKlass com/formdev/flatlaf/ui/FlatViewportUI$ViewportPainter
instanceKlass javax/swing/JTree$TreeModelHandler
instanceKlass javax/swing/tree/AbstractLayoutCache$NodeDimensions
instanceKlass javax/swing/tree/AbstractLayoutCache
instanceKlass javax/swing/tree/RowMapper
instanceKlass javax/swing/tree/TreeCellRenderer
instanceKlass javax/swing/plaf/basic/BasicTreeUI$Handler
instanceKlass javax/swing/event/TreeSelectionListener
instanceKlass javax/swing/event/TreeModelListener
instanceKlass javax/swing/event/TreeExpansionListener
instanceKlass javax/swing/tree/TreePath
instanceKlass javax/swing/tree/DefaultTreeSelectionModel
instanceKlass javax/swing/tree/TreeSelectionModel
instanceKlass javax/swing/tree/DefaultTreeModel
instanceKlass javax/swing/ButtonGroup
instanceKlass java/awt/FocusManager
instanceKlass javax/swing/tree/TreeModel
instanceKlass com/google/common/collect/StandardTable$RowMap$EntrySet$1
instanceKlass com/google/common/collect/StandardTable$CellIterator
instanceKlass net/runelite/client/plugins/grounditems/GroundItemsPlugin$PriceHighlight
instanceKlass net/runelite/client/discord/events/DiscordReady
instanceKlass com/sun/jna/Structure$NativeStringTracking
instanceKlass com/google/common/collect/Ordering
instanceKlass net/runelite/client/plugins/worldhopper/WorldTableRow$3
instanceKlass net/runelite/client/plugins/worldhopper/WorldSwitcherPanel$5
instanceKlass com/sun/jna/Klass
instanceKlass com/sun/jna/NativeMappedConverter
instanceKlass com/sun/jna/TypeConverter
instanceKlass net/runelite/client/plugins/worldhopper/ping/Ping$1
instanceKlass com/google/common/base/Charsets
instanceKlass fn
instanceKlass net/runelite/client/hiscore/Skill
instanceKlass com/google/common/base/Predicates$IsEqualToPredicate
instanceKlass net/runelite/api/Experience
instanceKlass net/runelite/client/plugins/worldmap/MiningSiteLocation$Rock
instanceKlass net/runelite/client/plugins/worldmap/WorldMapPlugin$1
instanceKlass net/runelite/client/ui/overlay/worldmap/WorldMapPoint$WorldMapPointBuilder
instanceKlass net/runelite/client/util/WorldUtil$1
instanceKlass net/runelite/client/util/WorldUtil
instanceKlass javax/swing/text/DocumentFilter$FilterBypass
instanceKlass net/runelite/client/plugins/microbot/inventorysetups/ui/InventorySetupsNameActions$2
instanceKlass javax/swing/text/DocumentFilter
instanceKlass net/runelite/client/plugins/microbot/inventorysetups/ui/InventorySetupsPluginPanel$9
instanceKlass jdk/internal/ValueBased
instanceKlass com/google/common/primitives/UnsignedBytes
instanceKlass joptsimple/internal/Strings
instanceKlass net/runelite/client/plugins/microbot/inventorysetups/MInventorySetupsPlugin$9
instanceKlass net/runelite/client/ui/components/DragAndDropReorderPane$DragListener
instanceKlass sun/java2d/pipe/AlphaPaintPipe$TileContext
instanceKlass java/awt/ColorPaintContext
instanceKlass java/awt/PaintContext
instanceKlass net/runelite/client/plugins/microbot/inventorysetups/ui/InventorySetupsPluginPanel$8
instanceKlass net/runelite/client/plugins/microbot/inventorysetups/ui/InventorySetupsNotesPanel$3
instanceKlass net/runelite/client/plugins/microbot/inventorysetups/InventorySetupsAmmoHandler$1
instanceKlass net/runelite/client/plugins/microbot/inventorysetups/ui/InventorySetupsSlot$2
instanceKlass javax/swing/plaf/basic/BasicMenuUI$MouseInputHandler
instanceKlass javax/swing/JMenu$MenuChangeListener
instanceKlass com/formdev/flatlaf/ui/FlatComboBoxUI$FlatKeySelectionManager
instanceKlass javax/swing/plaf/basic/BasicComboBoxUI$DefaultKeySelectionManager
instanceKlass javax/swing/plaf/basic/BasicComboBoxUI$ComboBoxLayoutManager
instanceKlass javax/swing/plaf/basic/BasicComboBoxUI$FocusHandler
instanceKlass javax/swing/plaf/basic/BasicComboBoxUI$Handler
instanceKlass javax/swing/plaf/basic/BasicComboBoxEditor
instanceKlass javax/swing/ComboBoxEditor
instanceKlass com/formdev/flatlaf/ui/FlatComboBoxUI$FlatComboPopup$PopupListCellRenderer
instanceKlass com/formdev/flatlaf/ui/FlatUIUtils$NonUIResourceBorder
instanceKlass javax/swing/plaf/basic/BasicComboPopup$Handler
instanceKlass javax/swing/plaf/basic/BasicComboPopup$EmptyListModelClass
instanceKlass javax/swing/plaf/basic/ComboPopup
instanceKlass javax/swing/JComboBox$KeySelectionManager
instanceKlass javax/swing/JComboBox$1
instanceKlass javax/swing/MutableComboBoxModel
instanceKlass net/runelite/client/plugins/microbot/shortestpath/PrimitiveIntHashMap$IntNode
instanceKlass net/runelite/client/plugins/microbot/shortestpath/TransportType$1
instanceKlass java/util/regex/Matcher$ImmutableMatchResult
instanceKlass java/util/Scanner$PatternLRUCache
instanceKlass java/util/Scanner
instanceKlass net/runelite/client/plugins/microbot/shortestpath/pathfinder/SplitFlagMap$RegionExtent
instanceKlass sun/font/CMap$UVS
instanceKlass java/awt/font/TextHitInfo
instanceKlass sun/font/DelegatingShape
instanceKlass sun/font/StandardGlyphVector$GlyphStrike
instanceKlass java/awt/font/GraphicAttribute
instanceKlass java/awt/font/CharArrayIterator
instanceKlass java/awt/font/StyledParagraph
instanceKlass jdk/internal/icu/text/BidiBase$TextAttributeConstants
instanceKlass java/awt/font/TextMeasurer
instanceKlass java/awt/font/LineBreakMeasurer
instanceKlass java/text/BreakIterator$BreakIteratorCache
instanceKlass sun/text/SupplementaryCharacterData
instanceKlass sun/text/CompactByteArray
instanceKlass java/text/AttributedCharacterIterator
instanceKlass jdk/internal/icu/text/BidiLine
instanceKlass sun/font/BidiUtils
instanceKlass jdk/internal/icu/text/UTF16
instanceKlass jdk/internal/icu/text/BidiBase$Point
instanceKlass jdk/internal/icu/text/BidiBase$InsertPoints
instanceKlass jdk/internal/icu/text/BidiRun
instanceKlass java/util/stream/StreamSpliterators
instanceKlass javax/swing/plaf/basic/BasicButtonUI$KeyHandler
instanceKlass java/text/BreakIterator
instanceKlass javax/swing/text/GlyphView$GlyphPainter
instanceKlass javax/swing/text/html/StyleSheet$1
instanceKlass javax/swing/text/html/CSSBorder$StrokePainter
instanceKlass javax/swing/text/html/CSSBorder$SolidPainter
instanceKlass javax/swing/text/html/CSSBorder$NullPainter
instanceKlass javax/swing/text/html/CSSBorder$BorderPainter
instanceKlass javax/swing/text/html/StyleSheet$BoxPainter
instanceKlass javax/swing/text/html/StyleSheet$SearchBuffer
instanceKlass javax/swing/text/html/MuxingAttributeSet
instanceKlass javax/swing/text/DefaultStyledDocument$ElementBuffer$ElemChanges
instanceKlass javax/swing/text/DefaultStyledDocument$ElementSpec
instanceKlass javax/swing/text/html/parser/ContentModelState
instanceKlass javax/swing/text/html/parser/TagStack
instanceKlass javax/swing/text/html/parser/TagElement
instanceKlass javax/swing/text/html/parser/Parser
instanceKlass javax/swing/text/html/HTMLDocument$HTMLReader$TagAction
instanceKlass javax/swing/text/html/HTMLEditorKit$ParserCallback
instanceKlass javax/swing/text/html/parser/AttributeList
instanceKlass javax/swing/text/html/parser/ContentModel
instanceKlass javax/swing/text/html/parser/ParserDelegator$1
instanceKlass javax/swing/text/html/parser/Entity
instanceKlass javax/swing/text/html/parser/Element
instanceKlass javax/swing/text/html/parser/DTD
instanceKlass javax/swing/text/html/parser/DTDConstants
instanceKlass javax/swing/text/html/HTMLEditorKit$Parser
instanceKlass java/util/stream/StreamSpliterators$AbstractWrappingSpliterator
instanceKlass com/google/common/collect/ComparisonChain
instanceKlass net/runelite/client/config/ConfigSection
instanceKlass net/runelite/client/plugins/microbot/ui/MicrobotPluginListPanel$2
instanceKlass javax/swing/plaf/basic/BasicListUI$FocusHandler
instanceKlass com/sun/jna/Structure$ByReference
instanceKlass com/sun/jna/Function$PostCallRead
instanceKlass com/sun/jna/CallbackReference$DefaultCallbackProxy
instanceKlass com/sun/jna/NativeString
instanceKlass com/sun/jna/Library$Handler$FunctionInfo
instanceKlass com/sun/jna/VarArgsChecker
instanceKlass java/lang/reflect/AnnotatedType
instanceKlass com/sun/jna/internal/ReflectionUtils
instanceKlass com/sun/jna/WeakMemoryHolder
instanceKlass com/sun/jna/Structure$StructField
instanceKlass com/sun/jna/Structure$LayoutInfo
instanceKlass com/sun/jna/Native$Buffers
instanceKlass com/sun/jna/TypeMapper
instanceKlass net/runelite/discord/DiscordEventHandlers$OnJoinRequest
instanceKlass net/runelite/discord/DiscordEventHandlers$OnGameUpdate
instanceKlass net/runelite/discord/DiscordEventHandlers$OnStatus
instanceKlass net/runelite/discord/DiscordEventHandlers$OnReady
instanceKlass net/runelite/client/util/WinUtil
instanceKlass com/formdev/flatlaf/ui/FlatNativeWindowsLibrary
instanceKlass com/formdev/flatlaf/FlatClientProperties
instanceKlass javax/swing/KeyboardManager$ComponentKeyStrokePair
instanceKlass javax/swing/KeyboardManager
instanceKlass javax/swing/plaf/basic/BasicMenuBarUI$Handler
instanceKlass java/util/TreeMap$NavigableSubMap$SubMapIterator
instanceKlass javax/swing/plaf/basic/BasicMenuItemUI$Handler
instanceKlass javax/swing/event/MenuDragMouseListener
instanceKlass com/formdev/flatlaf/ui/FlatMenuItemRenderer
instanceKlass sun/swing/MenuItemLayoutHelper
instanceKlass javax/swing/JMenuItem$MenuItemFocusListener
instanceKlass net/runelite/client/ui/NavigationButton$NavigationButtonBuilder
instanceKlass java/lang/FdLibm
instanceKlass java/lang/FdLibm$Cbrt
instanceKlass net/runelite/client/ui/ClientUI$6
instanceKlass com/formdev/flatlaf/ui/FlatStylingSupport$StyleableFields
instanceKlass com/formdev/flatlaf/ui/FlatStylingSupport$StyleableField
instanceKlass com/formdev/flatlaf/ui/FlatStylingSupport$Styleable
instanceKlass com/formdev/flatlaf/ui/FlatScrollPaneUI$Handler
instanceKlass com/formdev/flatlaf/icons/FlatAbstractIcon
instanceKlass com/formdev/flatlaf/ui/FlatStylingSupport$StyleableBorder
instanceKlass com/formdev/flatlaf/ui/FlatStylingSupport$StyleableLookupProvider
instanceKlass com/formdev/flatlaf/ui/FlatUIUtils$RepaintFocusListener
instanceKlass net/runelite/client/ui/ClientUI$Layout
instanceKlass java/awt/event/WindowAdapter
instanceKlass sun/security/ssl/Alert$AlertConsumer
instanceKlass com/formdev/flatlaf/util/NativeLibrary
instanceKlass com/formdev/flatlaf/ui/FlatNativeLibrary
instanceKlass com/formdev/flatlaf/ui/FlatWindowsNativeWindowBorder
instanceKlass com/formdev/flatlaf/ui/FlatNativeWindowBorder$Provider
instanceKlass com/formdev/flatlaf/ui/FlatNativeWindowBorder
instanceKlass com/formdev/flatlaf/ui/FlatWindowResizer
instanceKlass sun/reflect/misc/Trampoline
instanceKlass sun/reflect/misc/MethodUtil$1
instanceKlass javax/swing/text/html/CSS$ShorthandMarginParser
instanceKlass javax/swing/text/html/CSS$LengthUnit
instanceKlass javax/swing/text/html/CSSParser
instanceKlass javax/swing/text/html/StyleSheet$CssParser
instanceKlass javax/swing/text/html/CSSParser$CSSParserCallback
instanceKlass javax/swing/text/html/HTMLEditorKit$1
instanceKlass javax/swing/text/html/StyleSheet$SelectorMapping
instanceKlass javax/swing/text/html/CSS$CssValue
instanceKlass javax/swing/text/html/CSS$Value
instanceKlass javax/swing/text/html/CSS$Attribute
instanceKlass javax/swing/text/html/CSS
instanceKlass javax/swing/text/html/HTML$Attribute
instanceKlass javax/swing/text/html/HTML
instanceKlass javax/swing/text/html/HTML$Tag
instanceKlass javax/swing/text/html/HTMLEditorKit$HTMLFactory
instanceKlass com/formdev/flatlaf/util/FontUtils
instanceKlass com/formdev/flatlaf/util/ColorFunctions$HSLChange
instanceKlass com/formdev/flatlaf/util/ColorFunctions$Fade
instanceKlass com/formdev/flatlaf/util/HSLColor
instanceKlass com/formdev/flatlaf/util/ColorFunctions$Mix
instanceKlass com/formdev/flatlaf/util/ColorFunctions
instanceKlass com/formdev/flatlaf/util/ColorFunctions$HSLIncreaseDecrease
instanceKlass com/formdev/flatlaf/UIDefaultsLoader$1
instanceKlass com/formdev/flatlaf/util/SoftCache
instanceKlass com/formdev/flatlaf/util/ColorFunctions$ColorFunction
instanceKlass com/formdev/flatlaf/UIDefaultsLoader
instanceKlass com/formdev/flatlaf/FlatDefaultsAddon
instanceKlass com/formdev/flatlaf/FlatInputMaps$LazyInputMapEx
instanceKlass com/formdev/flatlaf/FlatInputMaps$LazyModifyInputMap
instanceKlass com/formdev/flatlaf/FlatInputMaps
instanceKlass com/formdev/flatlaf/FlatLaf$ActiveFont
instanceKlass java/util/ResourceBundle$Control$2
instanceKlass com/formdev/flatlaf/SubMenuUsabilityHelper
instanceKlass com/formdev/flatlaf/MnemonicHandler
instanceKlass javax/swing/Popup
instanceKlass javax/swing/PopupFactory$1
instanceKlass sun/swing/SwingAccessor$PopupFactoryAccessor
instanceKlass javax/swing/plaf/basic/BasicPopupMenuUI$MouseGrabber$2
instanceKlass javax/swing/PopupFactory
instanceKlass work/fking/masteringmixology/PotionOrder
instanceKlass work/fking/masteringmixology/PotionComparators
instanceKlass net/runelite/client/plugins/microbot/agility/courses/PyramidObstacleData$ObstacleArea
instanceKlass org/apache/commons/text/WordUtils
instanceKlass net/runelite/client/config/ConfigButtonSerializer
instanceKlass net/runelite/http/api/gson/ColorTypeAdapter$1
instanceKlass net/runelite/client/config/NotificationSerializer
instanceKlass net/runelite/client/config/FontTypeSerializer
instanceKlass com/google/common/collect/CollectSpliterators$1
instanceKlass com/google/common/collect/CollectSpliterators
instanceKlass com/duckblade/osrs/toa/features/boss/kephri/swarmer/SwarmNpc
instanceKlass com/duckblade/osrs/toa/features/boss/kephri/swarmer/SwarmerRoomData
instanceKlass com/duckblade/osrs/toa/features/scabaras/overlay/MatchingTile
instanceKlass com/duckblade/osrs/toa/features/pointstracker/PurpleWeightingManager$PurpleWeightChanged
instanceKlass com/duckblade/osrs/toa/features/pointstracker/PurpleWeightingManager$PurpleWeighting
instanceKlass com/duckblade/osrs/toa/features/invocationpresets/InvocationPreset
instanceKlass com/duckblade/osrs/toa/features/het/solver/HetSolutionResult
instanceKlass com/duckblade/osrs/toa/features/het/solver/HetTileState
instanceKlass com/duckblade/osrs/toa/util/RaidStateChanged
instanceKlass com/duckblade/osrs/toa/util/RaidState
instanceKlass com/duckblade/osrs/toa/features/updatenotifier/UpdateNotifier
instanceKlass com/duckblade/osrs/toa/features/timetracking/TargetTimeManager
instanceKlass com/duckblade/osrs/toa/features/boss/kephri/swarmer/SwarmerDataManager
instanceKlass com/duckblade/osrs/toa/features/boss/kephri/swarmer/SwarmerPanelManager
instanceKlass com/duckblade/osrs/toa/features/timetracking/SplitsTracker
instanceKlass com/duckblade/osrs/toa/features/SmellingSaltsCooldown
instanceKlass com/duckblade/osrs/toa/features/scabaras/overlay/SequencePuzzleSolver
instanceKlass com/duckblade/osrs/toa/features/scabaras/panel/ScabarasPanelManager
instanceKlass com/duckblade/osrs/toa/features/scabaras/overlay/ScabarasOverlayManager
instanceKlass com/duckblade/osrs/toa/features/tomb/SarcophagusRecolorer
instanceKlass com/duckblade/osrs/toa/features/tomb/SarcophagusOpeningSoundPlayer
instanceKlass com/duckblade/osrs/toa/util/RaidStateTracker
instanceKlass com/duckblade/osrs/toa/util/RaidCompletionTracker
instanceKlass com/duckblade/osrs/toa/features/QuickProceedSwaps
instanceKlass com/duckblade/osrs/toa/features/pointstracker/PurpleWeightingPartyBoardManager
instanceKlass com/duckblade/osrs/toa/features/pointstracker/PurpleWeightingManager
instanceKlass com/duckblade/osrs/toa/features/pointstracker/PointsTracker
instanceKlass com/duckblade/osrs/toa/features/PathLevelTracker
instanceKlass com/duckblade/osrs/toa/features/pointstracker/PartyPointsTracker
instanceKlass com/duckblade/osrs/toa/features/scabaras/overlay/ObeliskPuzzleSolver
instanceKlass com/duckblade/osrs/toa/features/scabaras/overlay/MatchingPuzzleSolver
instanceKlass com/duckblade/osrs/toa/features/scabaras/overlay/LightPuzzleSolver
instanceKlass com/duckblade/osrs/toa/features/LeftClickBankAll
instanceKlass com/duckblade/osrs/toa/features/InvocationScreenshot
instanceKlass com/duckblade/osrs/toa/features/invocationpresets/InvocationPresetsManager
instanceKlass com/duckblade/osrs/toa/features/hporbs/HpOrbManager
instanceKlass com/duckblade/osrs/toa/features/het/solver/HetSolver
instanceKlass com/duckblade/osrs/toa/features/FadeDisabler
instanceKlass com/duckblade/osrs/toa/features/tomb/DryStreakTracker
instanceKlass com/duckblade/osrs/toa/features/het/pickaxe/DepositPickaxeSwap
instanceKlass com/duckblade/osrs/toa/features/het/pickaxe/DepositPickaxePreventEntry
instanceKlass com/duckblade/osrs/toa/features/nexus/DepositBoxFilter
instanceKlass com/duckblade/osrs/toa/features/tomb/CursedPhalanxDetector
instanceKlass com/duckblade/osrs/toa/features/CameraShakeDisabler
instanceKlass com/duckblade/osrs/toa/features/het/beamtimer/BeamTimerTracker
instanceKlass com/duckblade/osrs/toa/features/apmeken/ApmekenWaveInstaller
instanceKlass com/duckblade/osrs/toa/features/apmeken/ApmekenBaboonIndicator
instanceKlass com/duckblade/osrs/toa/features/boss/akkha/AkkhaShadowHealth
instanceKlass com/duckblade/osrs/toa/features/AdrenalineCooldown
instanceKlass com/duckblade/osrs/toa/features/scabaras/overlay/AdditionPuzzleSolver
instanceKlass com/duckblade/osrs/toa/module/PluginLifecycleComponent
instanceKlass com/duckblade/osrs/toa/TombsOfAmascutConfig
instanceKlass com/duckblade/osrs/toa/module/ComponentManager
instanceKlass com/duckblade/osrs/toa/ConfigMigrationService
instanceKlass net/runelite/client/util/ReflectUtil$PrivateLookupHelper
instanceKlass com/github/iant89/ultimatenmz/icons/IconManager
instanceKlass com/github/iant89/ultimatenmz/drivers/ValueDriver
instanceKlass com/github/iant89/ultimatenmz/notifications/VisualNotification
instanceKlass com/github/iant89/ultimatenmz/notifications/VisualNotificationManager
instanceKlass com/github/iant89/ultimatenmz/UltimateNMZConfig
instanceKlass net/runelite/client/util/ReflectUtil$PrivateLookupHelper
instanceKlass net/runelite/api/geometry/SimplePolygon
instanceKlass treecount/PlayerOrientationChanged
instanceKlass treecount/TreeCountConfig
instanceKlass net/runelite/client/util/ReflectUtil$PrivateLookupHelper
instanceKlass com/betternpchighlight/data/HighlightColor
instanceKlass com/betternpchighlight/managers/ColorManager
instanceKlass com/betternpchighlight/data/NpcSpawn
instanceKlass com/betternpchighlight/data/NPCInfo
instanceKlass com/betternpchighlight/managers/ChatCommandManager
instanceKlass com/betternpchighlight/data/NameAndIdContainer
instanceKlass com/betternpchighlight/managers/ConfigTransformManager
instanceKlass com/betternpchighlight/managers/MenuManager
instanceKlass com/betternpchighlight/managers/SlayerPluginManager
instanceKlass com/betternpchighlight/BetterNpcHighlightConfig
instanceKlass net/runelite/client/util/ReflectUtil$PrivateLookupHelper
instanceKlass com/example/FrozenIconConfig
instanceKlass net/runelite/client/util/ReflectUtil$PrivateLookupHelper
instanceKlass com/attackranges/UpdateManager
instanceKlass com/attackranges/AttackRangesConfig
instanceKlass net/runelite/client/util/ReflectUtil$PrivateLookupHelper
instanceKlass equipmentinspector/EquipmentInspectorPlugin$PlayerInfo
instanceKlass equipmentinspector/EquipmentInspectorConfig
instanceKlass net/runelite/client/util/ReflectUtil$PrivateLookupHelper
instanceKlass com/herbiafk/HerbiAfkConfig
instanceKlass net/runelite/client/util/ReflectUtil$PrivateLookupHelper
instanceKlass com/radiusmarkers/RadiusMarker
instanceKlass com/radiusmarkers/RadiusMarkerConfig
instanceKlass com/radiusmarkers/ColourRadiusMarker
instanceKlass net/runelite/client/util/ReflectUtil$PrivateLookupHelper
instanceKlass com/gpperhour/GoldDropManager$InventoryWidgetData
instanceKlass com/gpperhour/LootingBagManager$PickupAction
instanceKlass com/gpperhour/itemcharges/ChargedItem
instanceKlass com/gpperhour/weaponcharges/ChargesMessage
instanceKlass com/gpperhour/weaponcharges/DialogTracker$DialogState
instanceKlass com/gpperhour/weaponcharges/WeaponChargesManager$PickupAction
instanceKlass com/gpperhour/weaponcharges/DialogTracker
instanceKlass com/gpperhour/ActiveTripOverlay$LedgerEntry
instanceKlass com/gpperhour/LedgerItem
instanceKlass com/gpperhour/ActiveTripOverlay$InventoryWidgetData
instanceKlass com/gpperhour/SessionStats
instanceKlass com/gpperhour/TripData
instanceKlass com/gpperhour/SessionManager
instanceKlass com/gpperhour/LootingBagManager
instanceKlass com/gpperhour/GPPerHourConfig
instanceKlass com/gpperhour/itemcharges/ChargedItemManager
instanceKlass com/gpperhour/weaponcharges/WeaponChargesManager
instanceKlass net/runelite/client/util/ReflectUtil$PrivateLookupHelper
instanceKlass com/gimserenity/GemstoneCrabUtil
instanceKlass com/gimserenity/GemstoneCrabConfigStore
instanceKlass com/gimserenity/GemstoneCrabTimerConfig
instanceKlass net/runelite/client/util/ReflectUtil$PrivateLookupHelper
instanceKlass com/menuhp/MenuHpConfig
instanceKlass net/runelite/client/util/ReflectUtil$PrivateLookupHelper
instanceKlass net/runelite/client/util/ReflectUtil$PrivateLookupHelper
instanceKlass com/visualticks/VisualTicksConfig
instanceKlass net/runelite/client/util/ReflectUtil$PrivateLookupHelper
instanceKlass com/github/calebwhiting/runelite/api/event/LocalInteractingChanged
instanceKlass com/github/calebwhiting/runelite/api/event/DestinationChanged
instanceKlass com/github/calebwhiting/runelite/api/event/Interrupt
instanceKlass com/github/calebwhiting/runelite/api/TickManager
instanceKlass com/github/calebwhiting/runelite/api/InterruptManager
instanceKlass com/github/calebwhiting/runelite/plugins/actionprogress/event/GameActionEvent
instanceKlass com/github/calebwhiting/runelite/plugins/actionprogress/ActionManager
instanceKlass com/github/calebwhiting/runelite/plugins/actionprogress/ActionProgressConfig
instanceKlass com/github/calebwhiting/runelite/plugins/actionprogress/detect/ActionDetector
instanceKlass net/runelite/client/util/ReflectUtil$PrivateLookupHelper
instanceKlass net/runelite/client/util/ReflectUtil$PrivateLookupHelper
instanceKlass com/dexhonsa/NpcLevelConfig
instanceKlass net/runelite/client/util/ReflectUtil$PrivateLookupHelper
instanceKlass com/afkoverlay/PlayerInfo
instanceKlass com/afkoverlay/AFKOverlayConfig
instanceKlass net/runelite/client/util/ReflectUtil$PrivateLookupHelper
instanceKlass work/fking/masteringmixology/MasteringMixologyConfig
instanceKlass work/fking/masteringmixology/Goal
instanceKlass net/runelite/client/util/ReflectUtil$PrivateLookupHelper
instanceKlass com/monkeymetrics/MonkeyMetricsConfig
instanceKlass com/monkeymetrics/AttackMetrics
instanceKlass net/runelite/client/util/ReflectUtil$PrivateLookupHelper
instanceKlass com/afkcrabhelper/AfkCrabHelperConfig
instanceKlass net/runelite/client/util/ReflectUtil$PrivateLookupHelper
instanceKlass com/wastedbankspace/WastedBankSpaceConfig
instanceKlass com/wastedbankspace/model/StorageLocationEnabler
instanceKlass com/wastedbankspace/model/StorableItem
instanceKlass net/runelite/client/util/ReflectUtil$PrivateLookupHelper
instanceKlass net/runelite/client/config/Alpha
instanceKlass net/runelite/client/config/Units
instanceKlass com/onetickflick/OneTickFlickConfig
instanceKlass net/runelite/client/util/ReflectUtil$PrivateLookupHelper
instanceKlass com/pricegraphopener/PriceGraphOpenerConfig
instanceKlass net/runelite/client/util/ReflectUtil$PrivateLookupHelper
instanceKlass info/sigterm/plugins/gpulegacy/regions/Region
instanceKlass org/lwjgl/system/Configuration$StateInit
instanceKlass org/lwjgl/system/Configuration
instanceKlass info/sigterm/plugins/gpulegacy/regions/Regions
instanceKlass org/lwjgl/system/Pointer$Default
instanceKlass org/lwjgl/opencl/CLContextCallbackI
instanceKlass org/lwjgl/system/CallbackI
instanceKlass info/sigterm/plugins/gpulegacy/template/Template
instanceKlass info/sigterm/plugins/gpulegacy/GpuFloatBuffer
instanceKlass info/sigterm/plugins/gpulegacy/GpuIntBuffer
instanceKlass info/sigterm/plugins/gpulegacy/SceneUploader
instanceKlass info/sigterm/plugins/gpulegacy/TextureManager
instanceKlass info/sigterm/plugins/gpulegacy/GpuPluginConfig
instanceKlass info/sigterm/plugins/gpulegacy/OpenCLManager
instanceKlass info/sigterm/plugins/gpulegacy/GLBuffer
instanceKlass info/sigterm/plugins/gpulegacy/Shader$Unit
instanceKlass info/sigterm/plugins/gpulegacy/Shader
instanceKlass net/runelite/client/util/ReflectUtil$PrivateLookupHelper
instanceKlass com/konarreminder/KonarReminderConfig
instanceKlass net/runelite/client/util/ReflectUtil$PrivateLookupHelper
instanceKlass com/adriansoftware/BankValueHistoryTracker$1
instanceKlass com/google/gson/internal/bind/TreeTypeAdapter$SingleTypeFactory
instanceKlass com/google/gson/JsonDeserializationContext
instanceKlass com/google/gson/JsonSerializationContext
instanceKlass com/adriansoftware/BankValueHistoryDeserializer
instanceKlass com/adriansoftware/BankValueHistoryContainer
instanceKlass com/adriansoftware/BankValue
instanceKlass com/adriansoftware/ContainerCalculation
instanceKlass com/adriansoftware/BankHistoryConfig
instanceKlass com/adriansoftware/BankValueHistoryTracker
instanceKlass net/runelite/client/util/ReflectUtil$PrivateLookupHelper
instanceKlass com/github/dappermickie/runepouch/loadout/names/RunepouchLoadoutNamesConfig
instanceKlass net/runelite/client/util/ReflectUtil$PrivateLookupHelper
instanceKlass com/spawnpredictor/util/FightCavesNpcSpawn
instanceKlass com/spawnpredictor/util/AccountMemory
instanceKlass com/spawnpredictor/SpawnPredictorConfig
instanceKlass net/runelite/client/util/ReflectUtil$PrivateLookupHelper
instanceKlass com/weaponcharges/DialogTracker$DialogState
instanceKlass com/weaponcharges/ChargesMessage
instanceKlass com/weaponcharges/Devtools
instanceKlass com/weaponcharges/DialogTracker
instanceKlass com/weaponcharges/WeaponChargesConfig
instanceKlass net/runelite/client/util/ReflectUtil$PrivateLookupHelper
instanceKlass tictac7x/charges/item/ChargedItemBase
instanceKlass tictac7x/charges/store/Store
instanceKlass tictac7x/charges/store/Provider
instanceKlass tictac7x/charges/TicTac7xChargesImprovedConfig
instanceKlass net/runelite/client/util/ReflectUtil$PrivateLookupHelper
instanceKlass net/runelite/client/util/ReflectUtil$PrivateLookupHelper
instanceKlass java/util/stream/Nodes$ArrayNode
instanceKlass java/util/stream/SortedOps
instanceKlass javax/swing/table/TableColumn
instanceKlass javax/swing/plaf/basic/BasicTableUI$Handler
instanceKlass javax/swing/AbstractCellEditor
instanceKlass javax/swing/tree/TreeCellEditor
instanceKlass javax/swing/table/TableCellEditor
instanceKlass javax/swing/CellEditor
instanceKlass javax/swing/plaf/basic/BasicTableHeaderUI$MouseInputHandler
instanceKlass javax/swing/plaf/basic/BasicTableHeaderUI$1
instanceKlass sun/swing/table/DefaultTableCellHeaderRenderer$EmptyIcon
instanceKlass javax/swing/table/DefaultTableColumnModel
instanceKlass javax/swing/table/TableColumnModel
instanceKlass javax/swing/table/TableCellRenderer
instanceKlass javax/swing/event/RowSorterListener
instanceKlass javax/swing/event/CellEditorListener
instanceKlass javax/swing/event/TableColumnModelListener
instanceKlass javax/swing/event/TableModelListener
instanceKlass javax/accessibility/AccessibleRelationSet
instanceKlass javax/accessibility/AccessibleContext$1
instanceKlass sun/awt/AWTAccessor$AccessibleContextAccessor
instanceKlass javax/accessibility/AccessibleValue
instanceKlass javax/accessibility/AccessibleComponent
instanceKlass javax/swing/text/TabableView
instanceKlass javax/swing/text/FlowView$FlowStrategy
instanceKlass javax/swing/text/DefaultStyledDocument$AbstractChangeHandler
instanceKlass javax/swing/text/DefaultStyledDocument$ElementBuffer
instanceKlass javax/swing/text/StyledDocument
instanceKlass javax/swing/text/StyledEditorKit$AttributeTracker
instanceKlass javax/swing/event/CaretListener
instanceKlass javax/swing/text/StyledEditorKit$StyledViewFactory
instanceKlass java/util/function/UnaryOperator
instanceKlass com/formdev/flatlaf/ui/FlatStylingSupport
instanceKlass com/formdev/flatlaf/ui/FlatTabbedPaneUI$FlatSelectedTabRepainter
instanceKlass com/formdev/flatlaf/ui/FlatTabbedPaneUI$RunWithOriginalLayoutManagerDelegateAction
instanceKlass net/runelite/client/ui/laf/RuneLiteTabbedPaneUI$1
instanceKlass com/formdev/flatlaf/ui/FlatTabbedPaneUI$Handler
instanceKlass com/formdev/flatlaf/ui/MigLayoutVisualPadding
instanceKlass com/formdev/flatlaf/util/StringUtils
instanceKlass com/formdev/flatlaf/util/SystemInfo
instanceKlass com/formdev/flatlaf/util/UIScale$1
instanceKlass com/formdev/flatlaf/FlatSystemProperties
instanceKlass com/formdev/flatlaf/util/UIScale
instanceKlass com/formdev/flatlaf/ui/FlatUIUtils
instanceKlass javax/swing/plaf/basic/BasicTabbedPaneUI$Handler
instanceKlass javax/swing/plaf/basic/BasicTabbedPaneUI$TabbedPaneLayout
instanceKlass javax/swing/JTabbedPane$ModelListener
instanceKlass com/slayerassistant/domain/Tab
instanceKlass com/formdev/flatlaf/ui/FlatStylingSupport$StyleableUI
instanceKlass com/slayerassistant/presentation/components/SelectList$1
instanceKlass sun/awt/image/ImageDecoder
instanceKlass sun/net/www/MimeEntry
instanceKlass sun/net/www/MimeTable$DefaultInstanceHolder$1
instanceKlass sun/net/www/MimeTable$DefaultInstanceHolder
instanceKlass sun/net/www/MimeTable$1
instanceKlass sun/net/www/MimeTable
instanceKlass java/net/URLConnection$1
instanceKlass java/net/FileNameMap
instanceKlass sun/awt/image/ImageFetcher$1
instanceKlass sun/awt/image/FetcherInfo
instanceKlass sun/awt/image/ImageConsumerQueue
instanceKlass com/slayerassistant/presentation/components/SearchBar$1
instanceKlass net/runelite/client/ui/components/IconTextField$4
instanceKlass javax/swing/plaf/basic/BasicPopupMenuUI$MenuKeyboardHelper
instanceKlass javax/swing/MenuSelectionManager
instanceKlass javax/swing/plaf/basic/BasicPopupMenuUI$MouseGrabber
instanceKlass javax/swing/plaf/basic/BasicPopupMenuUI$BasicMenuKeyListener
instanceKlass javax/swing/plaf/basic/BasicPopupMenuUI$BasicPopupMenuListener
instanceKlass javax/swing/event/PopupMenuListener
instanceKlass javax/swing/BoxLayout
instanceKlass javax/swing/plaf/basic/BasicLookAndFeel$1
instanceKlass java/awt/Toolkit$SelectiveAWTEventListener
instanceKlass javax/swing/plaf/basic/BasicLookAndFeel$AWTEventHelper
instanceKlass javax/swing/DefaultSingleSelectionModel
instanceKlass javax/swing/SingleSelectionModel
instanceKlass javax/swing/JList$ListSelectionHandler
instanceKlass javax/swing/plaf/basic/BasicListUI$Handler
instanceKlass javax/swing/event/ListSelectionListener
instanceKlass javax/swing/DefaultListSelectionModel
instanceKlass javax/swing/ListSelectionModel
instanceKlass net/runelite/client/ui/components/IconTextField$2
instanceKlass javax/swing/AbstractListModel
instanceKlass sun/awt/image/ImageWatched$Link
instanceKlass sun/awt/image/ImageWatched
instanceKlass sun/awt/image/InputStreamImageSource
instanceKlass sun/awt/image/ImageFetchable
instanceKlass java/awt/image/FilteredImageSource
instanceKlass java/awt/image/ImageFilter
instanceKlass com/slayerassistant/domain/WikiLink
instanceKlass com/slayerassistant/domain/Task
instanceKlass com/slayerassistant/services/TaskServiceImpl
instanceKlass com/slayerassistant/services/TaskService
instanceKlass net/runelite/client/util/ReflectUtil$PrivateLookupHelper
instanceKlass com/attacktimer/AttackTimerMetronomeConfig
instanceKlass net/runelite/client/util/ReflectUtil$PrivateLookupHelper
instanceKlass com/portaguy/SpellReminderInfoboxFactory
instanceKlass com/portaguy/SpellReminderOverlayFactory
instanceKlass com/portaguy/SpellReminderConfig
instanceKlass com/portaguy/SpellTracker
instanceKlass com/portaguy/SharedKeyListener
instanceKlass net/runelite/client/util/ReflectUtil$PrivateLookupHelper
instanceKlass com/flippingutilities/ui/widgets/TickIntervalCalculator
instanceKlass com/flippingutilities/ui/uiutilities/CustomColors
instanceKlass com/flippingutilities/ui/widgets/ChartConfig$ChartConfigBuilder
instanceKlass com/flippingutilities/ui/widgets/ChartConfig
instanceKlass com/flippingutilities/ui/widgets/OfferGraphChartOverlay$1
instanceKlass com/flippingutilities/model/TimeseriesResponse
instanceKlass com/flippingutilities/ui/widgets/TimeSeriesChart
instanceKlass com/flippingutilities/ui/uiutilities/ChartLoadingAnimation
instanceKlass com/flippingutilities/model/RecipeFlipGroup
instanceKlass com/flippingutilities/model/PartialOffer
instanceKlass com/flippingutilities/model/RecipeFlip
instanceKlass com/flippingutilities/model/AccountData
instanceKlass com/flippingutilities/ui/widgets/SlotActivityTimer
instanceKlass com/flippingutilities/model/Option
instanceKlass com/flippingutilities/model/OfferEvent
instanceKlass com/flippingutilities/model/FlippingItem
instanceKlass com/flippingutilities/utilities/Searchable
instanceKlass com/flippingutilities/utilities/Recipe
instanceKlass com/flippingutilities/ui/widgets/SlotStateDrawer
instanceKlass com/flippingutilities/controller/FlippingItemHandler
instanceKlass com/flippingutilities/controller/RecipeHandler
instanceKlass com/flippingutilities/db/TradePersister
instanceKlass com/flippingutilities/utilities/WikiRequestWrapper
instanceKlass com/flippingutilities/controller/ApiRequestHandler
instanceKlass com/flippingutilities/controller/ApiAuthHandler
instanceKlass com/flippingutilities/controller/NewOfferEventPipelineHandler
instanceKlass com/flippingutilities/controller/GameUiChangesHandler
instanceKlass com/flippingutilities/controller/DataHandler
instanceKlass com/flippingutilities/controller/OptionHandler
instanceKlass com/flippingutilities/jobs/SlotSenderJob
instanceKlass com/flippingutilities/jobs/WikiDataFetcherJob
instanceKlass com/flippingutilities/jobs/CacheUpdaterJob
instanceKlass com/flippingutilities/jobs/TimeseriesFetcher
instanceKlass com/flippingutilities/FlippingConfig
instanceKlass net/runelite/client/util/ReflectUtil$PrivateLookupHelper
instanceKlass at/nightfirec/fightcavewaves/FightCaveWavesConfig
instanceKlass at/nightfirec/fightcavewaves/WaveMonster
instanceKlass net/runelite/client/util/ReflectUtil$PrivateLookupHelper
instanceKlass com/projectileoverride/ProjectileOverride
instanceKlass com/projectileoverride/ProjectileOverrideConfig
instanceKlass net/runelite/client/util/ReflectUtil$PrivateLookupHelper
instanceKlass com/mjhylkema/SlayerTaskSorter/TaskEntry
instanceKlass com/mjhylkema/SlayerTaskSorter/SlayerTaskSorterConfig
instanceKlass net/runelite/client/util/ReflectUtil$PrivateLookupHelper
instanceKlass com/unpottedreminder/UnpottedReminderConfig
instanceKlass net/runelite/client/util/ReflectUtil$PrivateLookupHelper
instanceKlass com/github/m0bilebtw/SkillsTabProgressBarsConfig
instanceKlass com/github/m0bilebtw/SkillBarWidgetGrouping
instanceKlass net/runelite/client/util/ReflectUtil$PrivateLookupHelper
instanceKlass com/banktaglayouts/VersionNumber
instanceKlass com/banktaglayouts/BankTagLayoutsPlugin$functionalinterfacetrashname
instanceKlass com/banktaglayouts/BankTagLayoutsPlugin$FakeItem
instanceKlass com/banktaglayouts/Layout
instanceKlass com/banktaglayouts/BankTagLayoutsPlugin$LayoutableThing
instanceKlass com/banktaglayouts/UsedToBeReflection
instanceKlass com/banktaglayouts/BankTagLayoutsConfig
instanceKlass com/banktaglayouts/LayoutGenerator
instanceKlass com/banktaglayouts/AntiDragPluginUtil
instanceKlass net/runelite/client/util/ReflectUtil$PrivateLookupHelper
instanceKlass dinkplugin/notifiers/PetNotifier$Source
instanceKlass dinkplugin/util/Utils$1
instanceKlass dinkplugin/util/Utils
instanceKlass dinkplugin/util/MathUtils
instanceKlass java/util/AbstractList$RandomAccessSpliterator
instanceKlass dinkplugin/util/AbstractRarityService$RawDrop
instanceKlass org/apache/commons/lang3/StringUtils
instanceKlass dinkplugin/util/ConfigProxyAuth
instanceKlass dinkplugin/domain/ExternalNotificationRequest
instanceKlass dinkplugin/util/SerializedOffer
instanceKlass dinkplugin/notifiers/GambleNotifier$ParsedData
instanceKlass dinkplugin/notifiers/KillCountNotifier$ParsedTime
instanceKlass dinkplugin/message/templating/impl/JoiningReplacement$JoiningReplacementBuilder
instanceKlass dinkplugin/notifiers/data/SerializedItemStack
instanceKlass dinkplugin/message/templating/Template
instanceKlass dinkplugin/notifiers/PetNotifier$ParseResult
instanceKlass dinkplugin/message/templating/Evaluable
instanceKlass dinkplugin/util/ItemSearcher
instanceKlass dinkplugin/message/NotificationBody
instanceKlass dinkplugin/message/DiscordMessageHandler
instanceKlass dinkplugin/notifiers/data/NotificationData
instanceKlass dinkplugin/util/Sanitizable
instanceKlass java/util/OptionalDouble
instanceKlass dinkplugin/util/AbstractRarityService$RareDrop
instanceKlass dinkplugin/util/SerializedLoot
instanceKlass dinkplugin/util/Drop
instanceKlass dinkplugin/util/AbstractRarityService
instanceKlass dinkplugin/VersionManager$Version
instanceKlass org/apache/commons/lang3/tuple/Pair
instanceKlass dinkplugin/util/MigrationUtil$Metadata
instanceKlass net/runelite/client/events/NotificationFired
instanceKlass net/runelite/client/events/NpcLootReceived
instanceKlass dinkplugin/DinkPluginConfig
instanceKlass dinkplugin/notifiers/BaseNotifier
instanceKlass dinkplugin/util/KillCountService
instanceKlass dinkplugin/util/BooleanStateTracker
instanceKlass dinkplugin/VersionManager
instanceKlass dinkplugin/SettingsManager
instanceKlass net/runelite/client/util/ReflectUtil$PrivateLookupHelper
instanceKlass com/npccontactfilter/NPCContactFilterConfig
instanceKlass net/runelite/client/util/ReflectUtil$PrivateLookupHelper
instanceKlass com/thatgamerblue/runelite/plugins/rsnhider/RsnHiderConfig
instanceKlass net/runelite/client/util/ReflectUtil$PrivateLookupHelper
instanceKlass com/molte/storageinteractions/MenuEntrySwapperConfigLoader
instanceKlass com/molte/storageinteractions/settings/StorageInteractionsConfig
instanceKlass com/molte/storageinteractions/widget/BaseWidgetHandler
instanceKlass com/molte/storageinteractions/IMenuSwapperConfigLoader
instanceKlass net/runelite/client/util/ReflectUtil$PrivateLookupHelper
instanceKlass com/cannonhighlight/CannonHighlighterConfig
instanceKlass net/runelite/client/util/ReflectUtil$PrivateLookupHelper
instanceKlass com/braceletreminder/BraceletReminderConfig
instanceKlass net/runelite/client/util/ReflectUtil$PrivateLookupHelper
instanceKlass com/google/common/util/concurrent/ThreadFactoryBuilder$1
instanceKlass com/google/common/util/concurrent/ThreadFactoryBuilder
instanceKlass com/andmcadams/wikisync/dps/messages/Request
instanceKlass org/java_websocket/handshake/ClientHandshake
instanceKlass org/java_websocket/handshake/Handshakedata
instanceKlass org/java_websocket/WebSocket
instanceKlass com/andmcadams/wikisync/dps/messages/response/UsernameChanged
instanceKlass org/java_websocket/WebSocketAdapter
instanceKlass org/java_websocket/WebSocketListener
instanceKlass com/andmcadams/wikisync/PlayerProfile
instanceKlass com/andmcadams/wikisync/PlayerData
instanceKlass com/andmcadams/wikisync/Manifest
instanceKlass com/andmcadams/wikisync/SyncButtonManager
instanceKlass com/andmcadams/wikisync/WikiSyncConfig
instanceKlass com/andmcadams/wikisync/dps/DpsDataFetcher
instanceKlass com/andmcadams/wikisync/dps/WebSocketManager
instanceKlass com/andmcadams/wikisync/dps/ws/WSHandler
instanceKlass net/runelite/client/util/ReflectUtil$PrivateLookupHelper
instanceKlass com/monsterhp/WanderingNPC
instanceKlass com/monsterhp/NpcRule
instanceKlass com/monsterhp/MonsterHPConfig
instanceKlass net/runelite/client/util/ReflectUtil$PrivateLookupHelper
instanceKlass bankequipmentstatfilter/BankEquipmentStatFilterConfig
instanceKlass bankequipmentstatfilter/ItemWithStat
instanceKlass net/runelite/client/util/ReflectUtil$PrivateLookupHelper
instanceKlass begosrs/barbarianassault/menuentryswapper/Hide
instanceKlass begosrs/barbarianassault/grounditems/GroundItem$Key
instanceKlass net/runelite/client/chat/ChatMessageBuilder
instanceKlass begosrs/barbarianassault/grounditems/GroundItem
instanceKlass begosrs/barbarianassault/Wave
instanceKlass begosrs/barbarianassault/Round
instanceKlass begosrs/barbarianassault/Session
instanceKlass begosrs/barbarianassault/timer/Timer
instanceKlass begosrs/barbarianassault/BaMinigameInputListener
instanceKlass begosrs/barbarianassault/attackstyle/AttackStyleUtil
instanceKlass begosrs/barbarianassault/menuentryswapper/MenuEntrySwapper
instanceKlass begosrs/barbarianassault/BaMinigameConfig
instanceKlass net/runelite/client/util/ReflectUtil$PrivateLookupHelper
instanceKlass com/optimalpoints/CurrentBossData
instanceKlass com/optimalpoints/MemorizedNpc
instanceKlass com/optimalpoints/OptimalPointsConfig
instanceKlass net/runelite/client/util/ReflectUtil$PrivateLookupHelper
instanceKlass com/timetrackingreminder/runelite/farming/FarmingContractManager
instanceKlass com/timetrackingreminder/runelite/farming/FarmingTracker
instanceKlass com/timetrackingreminder/runelite/hunter/BirdHouseTracker
instanceKlass com/timetrackingreminder/TimeTrackingReminderConfig
instanceKlass net/runelite/client/util/ReflectUtil$PrivateLookupHelper
instanceKlass com/equipalert/EquipAlertConfig
instanceKlass net/runelite/client/util/ReflectUtil$PrivateLookupHelper
instanceKlass com/zom/nmz_util/NMZUtilConfig
instanceKlass net/runelite/client/util/ReflectUtil$PrivateLookupHelper
instanceKlass com/WildernessPlayerAlarm/WildernessPlayerAlarmConfig
instanceKlass com/WildernessPlayerAlarm/SafeZoneHelper$Edge
instanceKlass com/WildernessPlayerAlarm/SafeZoneHelper
instanceKlass com/google/common/base/Splitter$3
instanceKlass com/google/common/base/CommonMatcher
instanceKlass net/runelite/client/util/ReflectUtil$PrivateLookupHelper
instanceKlass thestonedturtle/mahoganyhomes/RequiredMaterials
instanceKlass thestonedturtle/mahoganyhomes/TeleportItem
instanceKlass thestonedturtle/mahoganyhomes/MahoganyHomesConfig
instanceKlass net/runelite/client/util/ReflectUtil$PrivateLookupHelper
instanceKlass com/tilepacks/FilterManager
instanceKlass com/tilepacks/TilePackConfigManager
instanceKlass com/tilepacks/PointManager
instanceKlass com/tilepacks/TilePackManager
instanceKlass com/tilepacks/TilePacksConfig
instanceKlass net/runelite/client/util/ReflectUtil$PrivateLookupHelper
instanceKlass com/datbear/CellTileInfo
instanceKlass com/datbear/GuardiansOfTheRiftHelperConfig
instanceKlass com/datbear/GuardianInfo
instanceKlass java/net/URLClassLoader$1
instanceKlass net/runelite/client/util/ReflectUtil$PrivateLookupHelper
instanceKlass net/runelite/client/util/ReflectUtil$PrivateLookupHelper
instanceKlass java/net/URLClassLoader$2
instanceKlass jdk/internal/math/FormattedFloatingDecimal$2
instanceKlass jdk/internal/math/FDBigInteger
instanceKlass jdk/internal/math/FormattedFloatingDecimal
instanceKlass com/google/common/io/CharSink
instanceKlass java/util/stream/ReduceOps$5ReducingSink
instanceKlass java/util/function/IntBinaryOperator
instanceKlass net/runelite/client/externalplugins/PluginHubManifest
instanceKlass com/google/common/hash/HashCode
instanceKlass com/google/common/io/ByteArrayDataOutput
instanceKlass com/google/common/io/ByteArrayDataInput
instanceKlass com/google/common/io/ByteStreams
instanceKlass com/google/common/io/Closer$SuppressingSuppressor
instanceKlass com/google/common/io/Closer$Suppressor
instanceKlass com/google/common/io/Closer
instanceKlass com/google/common/hash/Funnel
instanceKlass com/google/common/hash/Funnels
instanceKlass com/google/common/hash/AbstractHasher
instanceKlass com/google/common/hash/Hasher
instanceKlass com/google/common/hash/AbstractHashFunction
instanceKlass com/google/common/hash/Hashing$Sha256Holder
instanceKlass com/google/common/hash/HashFunction
instanceKlass com/google/common/hash/Hashing
instanceKlass com/google/common/io/CharSource
instanceKlass com/google/common/hash/PrimitiveSink
instanceKlass com/google/common/io/LineProcessor
instanceKlass com/google/common/io/ByteSink
instanceKlass com/google/common/io/ByteSource
instanceKlass com/google/common/collect/TreeTraverser
instanceKlass com/google/common/io/Files
instanceKlass com/google/common/collect/RangeGwtSerializationDependencies
instanceKlass com/google/common/collect/ImmutableRangeSet$Builder
instanceKlass com/google/common/collect/AbstractRangeSet
instanceKlass com/google/common/collect/RangeSet
instanceKlass com/google/common/collect/CollectCollectors
instanceKlass java/util/Base64$Encoder
instanceKlass java/util/Base64$Decoder
instanceKlass java/util/Base64
instanceKlass java/util/function/IntUnaryOperator
instanceKlass java/time/Duration$1
instanceKlass net/runelite/api/events/PreMapLoad
instanceKlass net/runelite/client/ui/overlay/components/ProgressBarComponent
instanceKlass sun/java2d/pipe/RegionSpanIterator
instanceKlass java/awt/event/KeyAdapter
instanceKlass javax/swing/event/MenuKeyListener
instanceKlass java/awt/event/MouseMotionAdapter
instanceKlass javax/swing/ToolTipManager$stillInsideTimerAction
instanceKlass javax/swing/ToolTipManager$outsideTimerAction
instanceKlass javax/swing/ToolTipManager$insideTimerAction
instanceKlass net/runelite/client/util/SwingUtil
instanceKlass java/awt/image/ConvolveOp
instanceKlass java/awt/image/AffineTransformOp
instanceKlass java/awt/image/LookupOp
instanceKlass sun/awt/image/ImagingLib$1
instanceKlass sun/awt/image/ImagingLib
instanceKlass java/awt/image/RescaleOp
instanceKlass java/awt/image/RasterOp
instanceKlass java/awt/image/BufferedImageOp
instanceKlass net/runelite/client/plugins/timetracking/farming/CompostTracker$PendingCompost
instanceKlass sun/reflect/generics/tree/FloatSignature
instanceKlass net/runelite/client/plugins/gpu/GpuPlugin$SceneContext
instanceKlass net/runelite/client/plugins/gpu/GpuPlugin$RenderThread
instanceKlass org/lwjgl/opengl/GLCapabilities
instanceKlass org/lwjgl/system/Callback
instanceKlass org/lwjgl/system/NativeResource
instanceKlass org/lwjgl/system/Pointer
instanceKlass net/runelite/rlawt/AWTContext
instanceKlass net/runelite/client/plugins/gpu/Shader$Unit
instanceKlass net/runelite/api/clan/ClanChannelMember
instanceKlass net/runelite/api/events/VarClientStrChanged
instanceKlass net/runelite/http/api/loottracker/GameItem
instanceKlass net/runelite/client/events/ServerNpcLoot
instanceKlass net/runelite/client/events/ConfigSync
instanceKlass net/runelite/client/plugins/loottracker/LootTrackerPlugin$InvChangeCallback
instanceKlass net/runelite/client/game/LootManager
instanceKlass net/runelite/client/plugins/playerindicators/PlayerIndicatorsService$Decorations
instanceKlass java/awt/event/FocusAdapter
instanceKlass net/runelite/client/plugins/config/NotificationPanel$NotificationOption
instanceKlass net/runelite/api/events/AmbientSoundEffectCreated
instanceKlass net/runelite/api/events/FakeXpDrop
instanceKlass java/util/Timer
instanceKlass java/util/TimerTask
instanceKlass sun/reflect/generics/tree/IntSignature
instanceKlass com/google/common/collect/ForwardingObject
instanceKlass net/runelite/client/events/PartyMemberAvatar
instanceKlass net/runelite/api/events/RemovedFriend
instanceKlass net/runelite/api/events/NameableNameChanged
instanceKlass net/runelite/client/plugins/microbot/shortestpath/DebugOverlayPanel$SeparatorLine
instanceKlass net/runelite/client/events/PluginMessage
instanceKlass net/runelite/client/plugins/microbot/questhelper/helpers/mischelpers/farmruns/FarmingUtils$PlantableItem
instanceKlass net/runelite/client/plugins/microbot/questhelper/helpers/mischelpers/farmruns/FarmingUtils$ConfigEnum
instanceKlass java/util/concurrent/atomic/AtomicReference
instanceKlass net/runelite/api/events/ClanChannelChanged
instanceKlass net/runelite/api/events/PlayerSpawned
instanceKlass net/runelite/api/events/FriendsChatChanged
instanceKlass net/runelite/api/events/FriendsChatMemberJoined
instanceKlass net/runelite/api/events/FriendsChatMemberLeft
instanceKlass net/runelite/api/events/ClanMemberLeft
instanceKlass net/runelite/api/events/ClanMemberJoined
instanceKlass net/runelite/api/events/PlayerDespawned
instanceKlass net/runelite/client/plugins/microbot/example/ExampleScript$CheckResult
instanceKlass net/runelite/client/game/AlternateSprites
instanceKlass java/awt/geom/Area
instanceKlass sun/reflect/annotation/AnnotationInvocationHandler$1
instanceKlass javax/swing/GroupLayout$Spring
instanceKlass javax/swing/filechooser/FileFilter
instanceKlass net/runelite/client/plugins/microbot/ui/MicrobotNotificationPanel$NotificationOption
instanceKlass java/beans/BeanProperty
instanceKlass javax/swing/TransferHandler$DropLocation
instanceKlass javax/swing/AncestorNotifier
instanceKlass javax/swing/InputVerifier
instanceKlass java/beans/VetoableChangeSupport
instanceKlass javax/swing/ComboBoxModel
instanceKlass javax/swing/ListModel
instanceKlass javax/swing/event/ListDataListener
instanceKlass javax/swing/SpinnerModel
instanceKlass net/runelite/api/events/WorldViewLoaded
instanceKlass net/runelite/api/clan/ClanTitle
instanceKlass net/runelite/client/plugins/emojis/EmojiPlugin$Index
instanceKlass net/runelite/client/game/ChatIconManager
instanceKlass net/runelite/client/plugins/microbot/testing/webwalker/GeLumbridgeTeleportHarnessPlugin$LegOutcome
instanceKlass net/runelite/client/plugins/banktags/tabs/LayoutManager$DefaultLayout
instanceKlass net/runelite/client/plugins/banktags/tabs/LayoutManager$PluginAutoLayout
instanceKlass net/runelite/api/events/WidgetClosed
instanceKlass net/runelite/api/events/PostHealthBarConfig
instanceKlass net/runelite/api/events/BeforeMenuRender
instanceKlass java/util/stream/Streams$2
instanceKlass java/util/stream/Streams$ConcatSpliterator
instanceKlass java/util/AbstractMap$2$1
instanceKlass net/runelite/client/game/ItemVariationMapping
instanceKlass net/runelite/client/events/OverlayMenuClicked
instanceKlass net/runelite/api/events/AreaSoundEffectPlayed
instanceKlass net/runelite/api/events/SoundEffectPlayed
instanceKlass java/awt/Polygon
instanceKlass net/runelite/client/config/Range
instanceKlass net/runelite/api/events/VarClientIntChanged
instanceKlass net/runelite/api/events/DecorativeObjectDespawned
instanceKlass net/runelite/api/events/DecorativeObjectSpawned
instanceKlass net/runelite/client/ui/overlay/components/ProgressPieComponent
instanceKlass net/runelite/client/ui/overlay/components/TextComponent
instanceKlass net/runelite/api/events/ItemQuantityChanged
instanceKlass net/runelite/api/events/WorldViewUnloaded
instanceKlass com/google/common/collect/Synchronized$SynchronizedObject
instanceKlass com/google/common/collect/Synchronized
instanceKlass com/google/common/collect/Tables$1
instanceKlass com/google/common/collect/Table$Cell
instanceKlass com/google/common/collect/RowSortedTable
instanceKlass com/google/common/collect/Tables
instanceKlass net/runelite/client/game/chatbox/ChatboxTextMenuInput$Entry
instanceKlass net/runelite/client/game/chatbox/ChatboxPanelManager
instanceKlass net/runelite/api/events/MenuShouldLeftClick
instanceKlass net/runelite/client/plugins/bank/BankPlugin$1
instanceKlass net/runelite/client/ui/components/colorpicker/ColorPickerManager
instanceKlass net/runelite/api/events/ProjectileMoved
instanceKlass net/runelite/api/events/GraphicsObjectCreated
instanceKlass net/runelite/client/ui/overlay/OverlayManager$1
instanceKlass net/runelite/client/ui/overlay/outline/ModelOutlineRenderer$PixelDistanceDelta
instanceKlass net/runelite/client/ui/overlay/outline/ModelOutlineRenderer$PixelDistanceGroupIndex
instanceKlass net/runelite/client/ui/overlay/outline/IntBlockBuffer
instanceKlass net/runelite/client/ui/overlay/outline/ModelOutlineRenderer
instanceKlass net/runelite/client/game/npcoverlay/NpcOverlayService
instanceKlass net/runelite/client/game/npcoverlay/HighlightedNpc
instanceKlass net/runelite/client/ui/overlay/components/BackgroundComponent
instanceKlass net/runelite/client/game/ItemEquipmentStats$ItemEquipmentStatsBuilder
instanceKlass net/runelite/client/config/ConfigButton
instanceKlass net/runelite/client/plugins/microbot/mouserecorder/MouseMacroRecorderPlugin$JsonlStartRecord
instanceKlass net/runelite/client/ui/overlay/components/LineComponent$LineComponentBuilder
instanceKlass net/runelite/client/ui/overlay/components/LineComponent
instanceKlass net/runelite/client/events/PartyChanged
instanceKlass net/runelite/client/plugins/microbot/testing/webwalker/F2PWebWalkerHarnessPlugin$RouteAttemptOutcome
instanceKlass net/runelite/client/plugins/microbot/testing/webwalker/F2PWebWalkerHarnessPlugin$RouteOutcome
instanceKlass net/runelite/api/events/WorldListLoad
instanceKlass net/runelite/client/ui/overlay/components/ImageComponent
instanceKlass net/runelite/http/api/chat/Duels
instanceKlass net/runelite/http/api/chat/Task
instanceKlass net/runelite/client/chat/ChatCommand
instanceKlass net/runelite/client/chat/ChatInputManager
instanceKlass net/runelite/client/plugins/chatcommands/ChatCommandsPlugin$HiscoreLookup
instanceKlass net/runelite/client/events/ChatInput
instanceKlass net/runelite/client/chat/ChatClient
instanceKlass net/runelite/client/chat/ChatCommandManager
instanceKlass net/runelite/client/events/PluginChanged
instanceKlass net/runelite/client/util/RuntimeTypeAdapterFactory
instanceKlass net/runelite/client/party/WebsocketGsonFactory
instanceKlass net/runelite/client/party/events/UserJoin
instanceKlass net/runelite/client/party/PartyMember
instanceKlass net/runelite/client/party/events/UserPart
instanceKlass com/google/protobuf/AbstractMessageLite
instanceKlass com/google/protobuf/MessageLite
instanceKlass net/runelite/client/party/Party$C2SOrBuilder
instanceKlass com/google/protobuf/MessageLiteOrBuilder
instanceKlass net/runelite/client/plugins/discord/DiscordState$EventWithTime
instanceKlass net/runelite/client/party/PartyService
instanceKlass net/runelite/client/events/PlayerLootReceived
instanceKlass net/runelite/api/events/ActorDeath
instanceKlass net/runelite/client/util/ImageCapture
instanceKlass net/runelite/client/game/NpcUtil
instanceKlass net/runelite/api/events/WidgetDrag
instanceKlass net/runelite/client/plugins/chatfilter/ChatFilterPlugin$Duplicate
instanceKlass net/runelite/client/util/Text
instanceKlass aj
instanceKlass net/runelite/api/events/PostItemComposition
instanceKlass oe
instanceKlass java/util/Spliterators$IntArraySpliterator
instanceKlass pl
instanceKlass net/runelite/api/events/ItemSpawned
instanceKlass net/runelite/api/events/ItemDespawned
instanceKlass net/runelite/api/events/NpcSpawned
instanceKlass net/runelite/api/events/NpcDespawned
instanceKlass net/runelite/api/widgets/WidgetItem
instanceKlass net/runelite/api/events/OverheadTextChanged
instanceKlass net/runelite/api/events/ScriptPreFired
instanceKlass com/google/common/collect/HashBasedTable$Factory
instanceKlass com/google/common/collect/AbstractTable
instanceKlass com/google/common/collect/Table
instanceKlass net/runelite/api/events/AnimationChanged
instanceKlass net/runelite/api/events/HitsplatApplied
instanceKlass net/runelite/api/events/GraphicChanged
instanceKlass net/runelite/api/events/NpcChanged
instanceKlass net/runelite/client/task/Schedule
instanceKlass net/runelite/api/events/ClientTick
instanceKlass net/runelite/api/events/StatChanged
instanceKlass com/google/common/util/concurrent/ListenableScheduledFuture
instanceKlass com/google/common/util/concurrent/ListeningScheduledExecutorService
instanceKlass com/google/common/util/concurrent/MoreExecutors
instanceKlass com/google/common/util/concurrent/ListeningExecutorService
instanceKlass net/runelite/client/hiscore/HiscoreResult
instanceKlass net/runelite/client/hiscore/HiscoreClient
instanceKlass net/runelite/client/hiscore/HiscoreManager
instanceKlass net/runelite/api/events/InteractingChanged
instanceKlass net/runelite/client/game/ItemManager$ImageKey
instanceKlass net/runelite/client/game/SkillIconManager
instanceKlass net/runelite/client/game/ItemStack
instanceKlass net/runelite/api/events/WallObjectDespawned
instanceKlass net/runelite/api/events/WallObjectSpawned
instanceKlass net/runelite/api/Item
instanceKlass net/runelite/client/ui/overlay/components/ComponentConstants
instanceKlass net/runelite/client/plugins/microbot/plugindisabler/PluginDisablerScript$SimpleBreakHandler
instanceKlass net/runelite/client/ui/overlay/components/PanelComponent
instanceKlass net/runelite/api/events/WidgetLoaded
instanceKlass net/runelite/client/plugins/microbot/Microbot$1
instanceKlass net/runelite/api/events/GameObjectSpawned
instanceKlass net/runelite/api/events/GroundObjectSpawned
instanceKlass net/runelite/api/events/GroundObjectDespawned
instanceKlass net/runelite/api/events/GameObjectDespawned
instanceKlass org/apache/commons/text/similarity/JaroWinklerDistance
instanceKlass com/google/inject/internal/Initializer$1
instanceKlass org/apache/commons/text/similarity/SimilarityScore
instanceKlass com/google/common/collect/Multisets$AbstractEntry
instanceKlass com/google/inject/internal/WeakKeySet$KeyAndSource
instanceKlass com/google/common/collect/Count
instanceKlass com/google/common/collect/Collections2
instanceKlass com/google/common/collect/AbstractMapBasedMultiset$1
instanceKlass com/google/common/collect/SortedMultiset
instanceKlass com/google/common/collect/SortedIterable
instanceKlass com/google/common/collect/SortedMultisetBridge
instanceKlass com/google/common/collect/Multiset$Entry
instanceKlass com/google/common/collect/Multisets
instanceKlass com/google/inject/internal/Initializer$InjectableReference
instanceKlass net/runelite/api/events/GrandExchangeOfferChanged
instanceKlass net/runelite/api/events/ScriptPostFired
instanceKlass net/runelite/api/events/GrandExchangeSearched
instanceKlass net/runelite/http/api/ge/GrandExchangeTrade
instanceKlass net/runelite/client/ui/ClientToolbar
instanceKlass com/google/inject/internal/InjectorShell$InheritedScannersModule
instanceKlass net/runelite/client/RuneLiteDebug
instanceKlass com/google/common/graph/DirectedGraphConnections$PredAndSucc
instanceKlass com/google/common/graph/EndpointPair
instanceKlass com/google/common/primitives/Ints
instanceKlass sun/reflect/annotation/AnnotationSupport
instanceKlass net/runelite/client/config/ConfigSerializer
instanceKlass net/runelite/client/config/ConfigInformation
instanceKlass java/lang/FunctionalInterface
instanceKlass javax/swing/SwingContainer
instanceKlass java/beans/JavaBean
instanceKlass java/lang/annotation/Repeatable
instanceKlass com/google/common/graph/DirectedGraphConnections
instanceKlass com/google/common/graph/Network
instanceKlass com/google/common/graph/Graphs
instanceKlass com/google/common/graph/ElementOrder$1
instanceKlass com/google/common/graph/GraphConnections
instanceKlass com/google/common/graph/MapIteratorCache
instanceKlass com/google/common/graph/MutableValueGraph
instanceKlass com/google/common/graph/ValueGraph
instanceKlass com/google/common/graph/AbstractBaseGraph
instanceKlass com/google/common/graph/ElementOrder
instanceKlass com/google/common/graph/AbstractGraphBuilder
instanceKlass net/runelite/client/plugins/xpupdater/XpUpdaterConfig
instanceKlass net/runelite/client/plugins/xptracker/XpTrackerServiceImpl
instanceKlass net/runelite/client/plugins/xptracker/XpTrackerService
instanceKlass net/runelite/client/plugins/xptracker/XpTrackerConfig
instanceKlass net/runelite/client/plugins/xptracker/XpStateSingle
instanceKlass net/runelite/client/plugins/xptracker/XpState
instanceKlass net/runelite/client/plugins/xptracker/XpSnapshotSingle
instanceKlass net/runelite/client/plugins/xptracker/XpSaveSingle
instanceKlass net/runelite/client/plugins/xptracker/XpSaveSerializer
instanceKlass net/runelite/client/config/Serializer
instanceKlass net/runelite/client/plugins/xptracker/XpSave
instanceKlass net/runelite/client/plugins/xptracker/XpPauseStateSingle
instanceKlass net/runelite/client/plugins/xptracker/XpPauseState
instanceKlass net/runelite/client/plugins/xptracker/XpClient
instanceKlass net/runelite/client/plugins/xpglobes/XpGlobesConfig
instanceKlass net/runelite/client/plugins/xpglobes/XpGlobe
instanceKlass net/runelite/client/plugins/xpdrop/XpDropConfig
instanceKlass net/runelite/client/plugins/worldmap/WorldMapConfig
instanceKlass net/runelite/client/plugins/worldhopper/WorldHopperConfig
instanceKlass net/runelite/client/plugins/worldhopper/ping/Ws2_32
instanceKlass net/runelite/client/plugins/worldhopper/ping/RLLibC
instanceKlass com/sun/jna/platform/unix/LibC
instanceKlass com/sun/jna/platform/unix/LibCAPI
instanceKlass com/sun/jna/platform/unix/Resource
instanceKlass com/sun/jna/platform/unix/Reboot
instanceKlass net/runelite/client/plugins/worldhopper/ping/RetransmitCalculator
instanceKlass net/runelite/client/plugins/worldhopper/ping/Ping
instanceKlass net/runelite/client/plugins/worldhopper/ping/TCPInfo
instanceKlass net/runelite/client/plugins/worldhopper/ping/IPHlpAPI
instanceKlass net/runelite/client/plugins/woodcutting/WoodcuttingSession
instanceKlass net/runelite/client/plugins/woodcutting/WoodcuttingConfig
instanceKlass net/runelite/client/plugins/woodcutting/TreeRespawn
instanceKlass net/runelite/client/plugins/wintertodt/WintertodtConfig
instanceKlass net/runelite/client/plugins/wiki/WikiDpsManager
instanceKlass net/runelite/client/plugins/wiki/WikiConfig
instanceKlass net/runelite/client/plugins/virtuallevels/VirtualLevelsConfig
instanceKlass net/runelite/client/plugins/twitch/TwitchConfig
instanceKlass net/runelite/client/plugins/twitch/irc/TwitchListener
instanceKlass net/runelite/client/plugins/twitch/irc/Message
instanceKlass net/runelite/client/plugins/tithefarm/TitheFarmPluginConfig
instanceKlass net/runelite/client/plugins/tithefarm/TitheFarmPlant
instanceKlass net/runelite/client/plugins/timetracking/TimeTrackingConfig
instanceKlass net/runelite/client/plugins/timetracking/hunter/BirdHouseTracker
instanceKlass net/runelite/client/plugins/timetracking/hunter/BirdHouseData
instanceKlass net/runelite/client/plugins/timetracking/farming/ProfilePatch
instanceKlass net/runelite/client/plugins/timetracking/farming/PaymentTracker
instanceKlass net/runelite/client/plugins/timetracking/farming/PatchState
instanceKlass net/runelite/client/plugins/timetracking/farming/PatchPrediction
instanceKlass net/runelite/client/plugins/timetracking/farming/FarmingWorld
instanceKlass net/runelite/client/plugins/timetracking/farming/FarmingTracker
instanceKlass net/runelite/client/plugins/timetracking/farming/FarmingRegion
instanceKlass net/runelite/client/plugins/timetracking/farming/FarmingPatch
instanceKlass net/runelite/client/plugins/timetracking/farming/FarmingContractManager
instanceKlass net/runelite/client/plugins/timetracking/farming/CompostTracker
instanceKlass net/runelite/client/plugins/timetracking/clocks/ClockManager
instanceKlass net/runelite/client/plugins/timetracking/clocks/Clock
instanceKlass net/runelite/client/plugins/timestamp/TimestampConfig
instanceKlass net/runelite/client/plugins/timersandbuffs/TimersAndBuffsConfig
instanceKlass net/runelite/client/plugins/tileindicators/TileIndicatorsConfig
instanceKlass net/runelite/client/plugins/tearsofguthix/TearsOfGuthixConfig
instanceKlass net/runelite/client/plugins/team/TeamConfig
instanceKlass net/runelite/client/plugins/stretchedmode/TranslateMouseWheelListener
instanceKlass net/runelite/client/plugins/stretchedmode/TranslateMouseListener
instanceKlass net/runelite/client/plugins/stretchedmode/StretchedModeConfig
instanceKlass net/runelite/client/plugins/statusbars/StatusBarsConfig
instanceKlass net/runelite/client/plugins/statusbars/BarRenderer
instanceKlass net/runelite/client/plugins/spellbook/SpellbookConfig
instanceKlass net/runelite/client/plugins/specialcounter/SpecialCounterConfig
instanceKlass net/runelite/client/plugins/specialcounter/PlayerInfoDrop
instanceKlass net/runelite/client/plugins/smelting/SmeltingSession
instanceKlass net/runelite/client/plugins/smelting/SmeltingConfig
instanceKlass net/runelite/client/plugins/slayer/SlayerPluginServiceImpl
instanceKlass net/runelite/client/plugins/slayer/SlayerPluginService
instanceKlass net/runelite/client/plugins/slayer/SlayerConfig
instanceKlass net/runelite/client/plugins/skybox/SkyboxPluginConfig
instanceKlass net/runelite/client/plugins/skybox/Skybox
instanceKlass net/runelite/client/plugins/skillcalculator/skills/ItemSkillAction
instanceKlass net/runelite/client/plugins/skillcalculator/skills/SkillBonus
instanceKlass net/runelite/client/plugins/skillcalculator/skills/NamedSkillAction
instanceKlass net/runelite/client/plugins/skillcalculator/skills/SkillAction
instanceKlass net/runelite/client/plugins/screenshot/ScreenshotConfig
instanceKlass net/runelite/client/plugins/screenmarkers/ScreenMarkerRenderable
instanceKlass net/runelite/client/plugins/screenmarkers/ScreenMarker
instanceKlass net/runelite/client/plugins/runepouch/RunepouchConfig
instanceKlass net/runelite/client/plugins/runenergy/RunEnergyConfig
instanceKlass net/runelite/client/plugins/runecraft/RunecraftConfig
instanceKlass net/runelite/client/plugins/rsnhider/RsnHiderConfig
instanceKlass net/runelite/client/plugins/roofremoval/RoofRemovalConfig
instanceKlass net/runelite/client/plugins/reportbutton/ReportButtonConfig
instanceKlass net/runelite/client/plugins/regenmeter/RegenMeterConfig
instanceKlass net/runelite/client/plugins/randomevents/RandomEventConfig
instanceKlass net/runelite/client/plugins/raids/solver/Room
instanceKlass net/runelite/client/plugins/raids/solver/LayoutSolver
instanceKlass net/runelite/client/plugins/raids/solver/Layout
instanceKlass net/runelite/client/plugins/raids/RotationSolver
instanceKlass net/runelite/client/plugins/raids/RaidsConfig
instanceKlass net/runelite/client/plugins/raids/Raid
instanceKlass net/runelite/client/plugins/raids/events/RaidScouted
instanceKlass net/runelite/client/plugins/raids/events/RaidReset
instanceKlass net/runelite/client/plugins/pyramidplunder/PyramidPlunderConfig
instanceKlass net/runelite/client/plugins/puzzlesolver/solver/PuzzleState
instanceKlass net/runelite/client/plugins/puzzlesolver/solver/PuzzleSolver
instanceKlass net/runelite/client/plugins/puzzlesolver/solver/pathfinding/Pathfinder
instanceKlass net/runelite/client/plugins/puzzlesolver/solver/heuristics/ManhattanDistance
instanceKlass net/runelite/client/plugins/puzzlesolver/solver/heuristics/Heuristic
instanceKlass net/runelite/client/plugins/puzzlesolver/PuzzleSolverConfig
instanceKlass net/runelite/client/plugins/puzzlesolver/lightbox/LightboxState
instanceKlass net/runelite/client/plugins/puzzlesolver/lightbox/LightboxSolver
instanceKlass net/runelite/client/plugins/puzzlesolver/lightbox/LightboxSolution
instanceKlass net/runelite/client/plugins/puzzlesolver/lightbox/LightBox
instanceKlass net/runelite/client/plugins/prayer/PrayerReorder
instanceKlass net/runelite/client/plugins/prayer/PrayerConfig
instanceKlass net/runelite/client/plugins/poison/PoisonConfig
instanceKlass net/runelite/client/plugins/poh/PohConfig
instanceKlass net/runelite/client/plugins/poh/IncenseBurner
instanceKlass net/runelite/client/plugins/PluginDescriptor
instanceKlass net/runelite/client/plugins/PluginDependencies
instanceKlass net/runelite/client/plugins/playerindicators/PlayerIndicatorsService
instanceKlass net/runelite/client/plugins/playerindicators/PlayerIndicatorsConfig
instanceKlass net/runelite/client/plugins/pestcontrol/PortalContext
instanceKlass net/runelite/client/plugins/pestcontrol/Game
instanceKlass net/runelite/client/plugins/party/PartyPluginServiceImpl
instanceKlass net/runelite/client/plugins/party/PartyPluginService
instanceKlass net/runelite/client/plugins/party/PartyConfig
instanceKlass net/runelite/client/plugins/party/data/PartyTilePingData
instanceKlass net/runelite/client/plugins/party/data/PartyData
instanceKlass net/runelite/client/plugins/opponentinfo/OpponentInfoConfig
instanceKlass net/runelite/client/plugins/objectindicators/ObjectPoint
instanceKlass net/runelite/client/plugins/objectindicators/ObjectIndicatorsConfig
instanceKlass net/runelite/client/plugins/objectindicators/ColorTileObject
instanceKlass net/runelite/client/plugins/npcunaggroarea/NpcAggroAreaConfig
instanceKlass net/runelite/client/plugins/npchighlight/NpcIndicatorsConfig
instanceKlass net/runelite/client/plugins/npchighlight/MemorizedNpc
instanceKlass net/runelite/client/plugins/notes/NotesConfig
instanceKlass net/runelite/client/plugins/nightmarezone/NightmareZoneConfig
instanceKlass net/runelite/client/plugins/music/MusicConfig
instanceKlass net/runelite/client/plugins/mta/MTAConfig
instanceKlass net/runelite/client/plugins/mta/alchemy/Cupboard
instanceKlass net/runelite/client/plugins/mta/MTARoom
instanceKlass net/runelite/client/plugins/mousehighlight/MouseHighlightConfig
instanceKlass net/runelite/client/plugins/motherlode/MotherlodeConfig
instanceKlass net/runelite/client/plugins/mining/RockRespawn
instanceKlass net/runelite/client/plugins/mining/MiningSession
instanceKlass net/runelite/client/plugins/mining/MiningConfig
instanceKlass net/runelite/client/plugins/mining/MiningAnimation
instanceKlass net/runelite/client/plugins/minimap/MinimapDot
instanceKlass net/runelite/client/plugins/minimap/MinimapConfig
instanceKlass net/runelite/client/plugins/microbot/valetotems/ValeTotemConfig
instanceKlass net/runelite/client/plugins/microbot/valetotems/utils/InventoryUtils
instanceKlass net/runelite/client/plugins/microbot/valetotems/utils/GameObjectUtils
instanceKlass net/runelite/client/plugins/microbot/valetotems/utils/FletchingItemMapper
instanceKlass net/runelite/client/plugins/microbot/valetotems/utils/CoordinateUtils
instanceKlass net/runelite/client/plugins/microbot/valetotems/models/TotemProgress
instanceKlass net/runelite/client/plugins/microbot/valetotems/models/GameSession
instanceKlass net/runelite/client/plugins/microbot/valetotems/handlers/TotemHandler
instanceKlass net/runelite/client/plugins/microbot/valetotems/handlers/RewardHandler
instanceKlass net/runelite/client/plugins/microbot/valetotems/handlers/NavigationHandler
instanceKlass net/runelite/client/plugins/microbot/valetotems/handlers/FletchingHandler
instanceKlass net/runelite/client/plugins/microbot/valetotems/handlers/BankingHandler
instanceKlass net/runelite/client/plugins/microbot/util/world/WorldHoppingConfig
instanceKlass net/runelite/client/plugins/microbot/util/world/Rs2WorldUtil
instanceKlass net/runelite/client/plugins/microbot/util/widget/Rs2WidgetInspector
instanceKlass net/runelite/client/plugins/microbot/util/widget/Rs2Widget
instanceKlass net/runelite/client/plugins/microbot/util/walker/WebWalkLog
instanceKlass net/runelite/client/plugins/microbot/util/walker/TransportRouteAnalysis
instanceKlass net/runelite/client/plugins/microbot/util/walker/transport/Rs2WalkerTransportAwaits
instanceKlass net/runelite/client/plugins/microbot/util/walker/shared/Rs2WalkerProgress
instanceKlass net/runelite/client/plugins/microbot/util/walker/Rs2Walker
instanceKlass net/runelite/client/plugins/microbot/util/walker/Rs2MiniMap
instanceKlass net/runelite/client/plugins/microbot/util/walker/puzzles/DraynorBasementSolver
instanceKlass net/runelite/client/plugins/microbot/util/walker/lifecycle/Rs2WalkerLifecycleRuntime
instanceKlass net/runelite/client/plugins/microbot/util/walker/door/Rs2WalkerAwaits
instanceKlass net/runelite/client/plugins/microbot/util/walker/door/Rs2DoorHandler
instanceKlass net/runelite/client/plugins/microbot/util/walker/door/Rs2DoorAheadResolver
instanceKlass net/runelite/client/plugins/microbot/util/walker/door/model/DoorEdge
instanceKlass net/runelite/client/plugins/microbot/util/walker/door/model/DoorCandidate
instanceKlass net/runelite/client/plugins/microbot/util/walker/door/model/AwaitTicket
instanceKlass net/runelite/client/plugins/microbot/util/walker/banking/Rs2WalkerBankingPlanner
instanceKlass net/runelite/client/plugins/microbot/util/walker/awaits/Rs2WalkerRuntimeAwaits
instanceKlass net/runelite/client/plugins/microbot/util/tileobject/Rs2TileObjectModel
instanceKlass net/runelite/client/plugins/microbot/util/tile/Rs2Tile
instanceKlass net/runelite/client/plugins/microbot/util/text/Rs2TextSanitizer
instanceKlass net/runelite/client/plugins/microbot/util/tabs/Rs2Tab
instanceKlass net/runelite/client/plugins/microbot/util/skills/slayer/Rs2Slayer
instanceKlass net/runelite/client/plugins/microbot/util/skills/fletching/Rs2Fletching
instanceKlass net/runelite/client/plugins/microbot/util/shop/Rs2Shop
instanceKlass net/runelite/client/plugins/microbot/util/shop/models/Rs2ShopSource
instanceKlass net/runelite/client/plugins/microbot/util/settings/Rs2SpellBookSettings
instanceKlass net/runelite/client/plugins/microbot/util/settings/Rs2Settings
instanceKlass net/runelite/client/plugins/microbot/util/security/LoginManager
instanceKlass net/runelite/client/plugins/microbot/util/security/Login
instanceKlass net/runelite/client/plugins/microbot/util/security/Encryption
instanceKlass net/runelite/client/plugins/microbot/util/Rs2InventorySetup
instanceKlass net/runelite/client/plugins/microbot/util/reflection/Rs2Reflection
instanceKlass net/runelite/client/plugins/microbot/util/reflection/MenuActionResourceSeeder
instanceKlass net/runelite/client/plugins/microbot/util/reflection/MenuActionInfoCache
instanceKlass net/runelite/client/plugins/microbot/util/reflection/MenuActionAsmResolver
instanceKlass net/runelite/client/plugins/microbot/util/reflection/Account
instanceKlass net/runelite/client/plugins/microbot/util/reachable/Rs2Reachable
instanceKlass net/runelite/client/plugins/microbot/util/prayer/Rs2Prayer
instanceKlass net/runelite/client/plugins/microbot/util/poh/PohTeleports
instanceKlass net/runelite/client/plugins/microbot/util/poh/data/PohTeleport
instanceKlass net/runelite/client/plugins/microbot/util/player/Rs2Pvp
instanceKlass net/runelite/client/plugins/microbot/util/player/Rs2Player
instanceKlass net/runelite/client/plugins/microbot/util/player/NameGenerator
instanceKlass net/runelite/client/plugins/microbot/util/overlay/OverlayHelper
instanceKlass net/runelite/client/plugins/microbot/util/npc/Rs2NpcStats
instanceKlass net/runelite/client/plugins/microbot/util/npc/Rs2NpcManager
instanceKlass net/runelite/client/plugins/microbot/util/npc/Rs2Npc
instanceKlass net/runelite/client/plugins/microbot/util/npc/PointClusterer
instanceKlass net/runelite/client/plugins/microbot/util/npc/MonsterLocationDTO
instanceKlass net/runelite/client/plugins/microbot/util/npc/MonsterLocation
instanceKlass net/runelite/client/plugins/microbot/util/mouse/naturalmouse/util/Pair
instanceKlass net/runelite/client/plugins/microbot/util/mouse/naturalmouse/util/MathUtil
instanceKlass net/runelite/client/plugins/microbot/util/mouse/naturalmouse/util/FlowUtil
instanceKlass net/runelite/client/plugins/microbot/util/mouse/naturalmouse/util/FactoryTemplates
instanceKlass net/runelite/client/plugins/microbot/util/mouse/naturalmouse/tools/SystemDiagnosis
instanceKlass net/runelite/client/plugins/microbot/util/mouse/naturalmouse/support/mousemotion/MovementFactory
instanceKlass net/runelite/client/plugins/microbot/util/mouse/naturalmouse/support/mousemotion/MouseMovement
instanceKlass net/runelite/client/plugins/microbot/util/mouse/naturalmouse/support/DoublePoint
instanceKlass net/runelite/client/plugins/microbot/util/mouse/naturalmouse/api/MouseMotionObserver
instanceKlass net/runelite/client/plugins/microbot/util/mouse/naturalmouse/api/MouseMotion
instanceKlass net/runelite/client/plugins/microbot/util/mouse/BotEventGuard
instanceKlass net/runelite/client/plugins/microbot/util/models/RS2Item
instanceKlass net/runelite/client/plugins/microbot/util/misc/TimeUtils
instanceKlass net/runelite/client/plugins/microbot/util/misc/Rs2UiHelper
instanceKlass net/runelite/client/plugins/microbot/util/misc/Rs2Potion
instanceKlass net/runelite/client/plugins/microbot/util/misc/Predicates
instanceKlass net/runelite/client/plugins/microbot/util/math/Rs2Random
instanceKlass net/runelite/client/plugins/microbot/util/math/RateCalculator
instanceKlass net/runelite/client/plugins/microbot/util/magic/RuneFilter
instanceKlass net/runelite/client/plugins/microbot/util/magic/Rs2Magic
instanceKlass net/runelite/client/plugins/microbot/util/magic/Spell
instanceKlass net/runelite/client/plugins/microbot/util/logging/Rs2LogRateLimit
instanceKlass net/runelite/client/plugins/microbot/util/leaguetransport/SeasonalTransportHandler
instanceKlass net/runelite/client/plugins/microbot/util/leaguetransport/LeagueTransportWidgets
instanceKlass net/runelite/client/plugins/microbot/util/leaguetransport/LeaguesTransportPersistence
instanceKlass net/runelite/client/plugins/microbot/util/leaguetransport/LeaguesTransportObservations
instanceKlass net/runelite/client/plugins/microbot/util/leaguetransport/LeaguesTransportLockCatalogue
instanceKlass net/runelite/client/plugins/microbot/util/leaguetransport/LeaguesTransportAttemptSnapshot
instanceKlass net/runelite/client/plugins/microbot/util/leaguetransport/LeaguesTransportAttempts
instanceKlass net/runelite/client/plugins/microbot/util/leaguetransport/LeaguesTeleportResult
instanceKlass net/runelite/client/plugins/microbot/util/keyboard/Rs2Keyboard
instanceKlass net/runelite/client/plugins/microbot/util/item/Rs2ExplorersRing
instanceKlass net/runelite/client/plugins/microbot/util/inventory/Rs2RunePouch
instanceKlass net/runelite/client/plugins/microbot/util/inventory/Rs2LogBasket
instanceKlass net/runelite/client/plugins/microbot/util/inventory/Rs2ItemModel
instanceKlass net/runelite/client/plugins/microbot/util/inventory/Rs2Inventory
instanceKlass net/runelite/client/plugins/microbot/util/inventory/Rs2Gembag
instanceKlass net/runelite/client/plugins/microbot/util/inventory/Rs2FuzzyItem
instanceKlass net/runelite/client/plugins/microbot/util/huntkit/Rs2HuntKit
instanceKlass net/runelite/client/plugins/microbot/util/grounditem/Rs2LootEngine
instanceKlass net/runelite/client/plugins/microbot/util/grounditem/Rs2GroundItem
instanceKlass net/runelite/client/plugins/microbot/util/grounditem/models/Rs2SpawnLocation
instanceKlass net/runelite/client/plugins/microbot/util/grounditem/LootingParameters
instanceKlass net/runelite/client/plugins/microbot/util/grounditem/InteractModel
instanceKlass net/runelite/client/plugins/microbot/util/grandexchange/Rs2GrandExchange
instanceKlass net/runelite/client/plugins/microbot/util/grandexchange/models/WikiPrice
instanceKlass net/runelite/client/plugins/microbot/util/grandexchange/models/TimeSeriesDataPoint
instanceKlass net/runelite/client/plugins/microbot/util/grandexchange/models/TimeSeriesAnalysis
instanceKlass net/runelite/client/plugins/microbot/util/grandexchange/models/ItemMappingData
instanceKlass net/runelite/client/plugins/microbot/util/grandexchange/models/GrandExchangeOfferDetails
instanceKlass net/runelite/client/plugins/microbot/util/grandexchange/GrandExchangeWidget
instanceKlass net/runelite/client/plugins/microbot/util/grandexchange/GrandExchangeRequest
instanceKlass net/runelite/client/plugins/microbot/util/gameobject/Rs2ObjectModel
instanceKlass net/runelite/client/plugins/microbot/util/gameobject/Rs2GameObject
instanceKlass net/runelite/client/plugins/microbot/util/gameobject/Rs2Cannon
instanceKlass net/runelite/client/plugins/microbot/util/gameobject/Rs2BankID
instanceKlass net/runelite/client/plugins/microbot/util/gameobject/ObjectID
instanceKlass net/runelite/client/plugins/microbot/util/farming/Rs2Farming
instanceKlass net/runelite/client/plugins/microbot/util/equipment/Rs2Equipment
instanceKlass net/runelite/client/plugins/microbot/util/discord/Rs2Discord
instanceKlass net/runelite/client/plugins/microbot/util/discord/models/DiscordPayload
instanceKlass net/runelite/client/plugins/microbot/util/discord/models/DiscordEmbed
instanceKlass net/runelite/client/plugins/microbot/util/dialogues/Rs2Dialogue
instanceKlass net/runelite/client/plugins/microbot/util/depositbox/Rs2DepositBox
instanceKlass net/runelite/client/plugins/microbot/util/coords/Rs2WorldPoint
instanceKlass net/runelite/api/coords/WorldArea
instanceKlass net/runelite/client/plugins/microbot/util/coords/Rs2LocalPoint
instanceKlass net/runelite/client/plugins/microbot/util/combat/weapons/WeaponsGenerator
instanceKlass net/runelite/client/plugins/microbot/util/combat/weapons/WeaponIds
instanceKlass net/runelite/client/plugins/microbot/util/combat/weapons/Weapon
instanceKlass net/runelite/client/plugins/microbot/util/combat/Rs2Combat
instanceKlass net/runelite/client/plugins/microbot/util/combat/models/Rs2DropSource
instanceKlass net/runelite/client/plugins/microbot/util/camera/Rs2Camera
instanceKlass net/runelite/client/plugins/microbot/util/camera/NpcTracker
instanceKlass net/runelite/client/plugins/microbot/util/bank/Rs2BankData
instanceKlass net/runelite/client/plugins/microbot/util/bank/Rs2Bank
instanceKlass net/runelite/client/plugins/microbot/util/antiban/ui/UiHelper
instanceKlass net/runelite/client/plugins/microbot/util/antiban/SessionFatigue
instanceKlass net/runelite/client/plugins/microbot/util/antiban/Rs2AntibanSettings
instanceKlass net/runelite/client/plugins/microbot/util/antiban/Rs2Antiban
instanceKlass net/runelite/client/plugins/microbot/util/antiban/MouseFatigue
instanceKlass net/runelite/client/plugins/microbot/util/antiban/FieldUtil
instanceKlass net/runelite/client/plugins/microbot/util/antiban/AntibanSetupTemplates
instanceKlass net/runelite/client/plugins/microbot/util/ActorModel
instanceKlass javax/swing/JFormattedTextField$AbstractFormatterFactory
instanceKlass net/runelite/client/plugins/microbot/ui/search/MicrobotPluginSearch
instanceKlass javax/swing/JFormattedTextField$AbstractFormatter
instanceKlass net/runelite/client/plugins/microbot/ui/MicrobotPluginConfigurationDescriptor
instanceKlass net/runelite/client/plugins/microbot/tithefarm/TitheFarmingConfig
instanceKlass net/runelite/client/plugins/microbot/tithefarm/models/TitheFarmPlant
instanceKlass net/runelite/client/plugins/microbot/thieving/ThievingConfig
instanceKlass net/runelite/client/plugins/microbot/thieving/summergarden/SummerGardenConfig
instanceKlass net/runelite/client/plugins/microbot/thieving/summergarden/ElementalCollisionDetector
instanceKlass net/runelite/client/plugins/microbot/thieving/stalls/StallThievingConfig
instanceKlass net/runelite/client/plugins/microbot/thieving/stalls/model/VarrockTeaStallThievingSpot
instanceKlass net/runelite/client/plugins/microbot/thieving/stalls/model/HosidiusFruitThievingSpot
instanceKlass net/runelite/client/plugins/microbot/thieving/stalls/model/FortisGemStallThievingSpot
instanceKlass net/runelite/client/plugins/microbot/thieving/stalls/model/DropInventoryStrategy
instanceKlass net/runelite/client/plugins/microbot/thieving/stalls/model/BotApi
instanceKlass net/runelite/client/plugins/microbot/thieving/stalls/model/BankInventoryStrategy
instanceKlass net/runelite/client/plugins/microbot/thieving/stalls/model/IInventoryStrategy
instanceKlass net/runelite/client/plugins/microbot/thieving/stalls/model/ArdySilkThievingSpot
instanceKlass net/runelite/client/plugins/microbot/thieving/stalls/model/ArdyBakerThievingSpot
instanceKlass net/runelite/client/plugins/microbot/thieving/stalls/model/IStallThievingSpot
instanceKlass net/runelite/client/plugins/microbot/thieving/stalls/constants/ThievingSpotMapper
instanceKlass net/runelite/client/plugins/microbot/thieving/stalls/constants/InventoryStrategyFetcher
instanceKlass net/runelite/client/plugins/microbot/testing/webwalker/F2PWebWalkerRoute
instanceKlass net/runelite/client/plugins/microbot/testing/TestResultWriter
instanceKlass net/runelite/client/plugins/microbot/testing/TestResult
instanceKlass net/runelite/client/plugins/microbot/storm/plugins/PlayerMonitor/PlayerMonitorConfig
instanceKlass net/runelite/client/plugins/microbot/statemachineexample/StateMachineExampleConfig
instanceKlass net/runelite/client/plugins/microbot/statemachine/Transition
instanceKlass net/runelite/client/plugins/microbot/statemachine/StateSnapshot
instanceKlass net/runelite/client/plugins/microbot/statemachine/PendingTransition
instanceKlass net/runelite/client/plugins/microbot/shortestpath/WorldPointUtil
instanceKlass net/runelite/client/plugins/microbot/shortestpath/Util
instanceKlass net/runelite/client/plugins/microbot/shortestpath/TransportVarPlayer
instanceKlass net/runelite/client/plugins/microbot/shortestpath/TransportVarbit
instanceKlass net/runelite/client/plugins/microbot/shortestpath/Transport
instanceKlass net/runelite/client/plugins/microbot/shortestpath/ShortestPathConfig
instanceKlass net/runelite/client/plugins/microbot/shortestpath/Restriction
instanceKlass net/runelite/client/plugins/microbot/shortestpath/PrimitiveIntHashMap
instanceKlass net/runelite/client/plugins/microbot/shortestpath/pathfinder/VisitedTiles
instanceKlass net/runelite/client/plugins/microbot/shortestpath/pathfinder/SplitFlagMap
instanceKlass net/runelite/client/plugins/microbot/shortestpath/pathfinder/policy/TransportRequirementPolicy
instanceKlass net/runelite/client/plugins/microbot/shortestpath/pathfinder/PathSmoother
instanceKlass net/runelite/client/plugins/microbot/shortestpath/pathfinder/PathfinderConfig
instanceKlass net/runelite/client/plugins/microbot/shortestpath/pathfinder/Pathfinder
instanceKlass net/runelite/client/plugins/microbot/shortestpath/pathfinder/Node
instanceKlass net/runelite/client/plugins/microbot/shortestpath/pathfinder/FlagMap
instanceKlass net/runelite/client/plugins/microbot/shortestpath/pathfinder/CollisionMap
instanceKlass net/runelite/client/plugins/microbot/shortestpath/components/ComboBoxIconEntry
instanceKlass net/runelite/client/plugins/microbot/runecrafting/ourania/OuraniaConfig
instanceKlass net/runelite/client/plugins/microbot/questhelper/util/worldmap/WorldPointWithWorldMapArea
instanceKlass net/runelite/client/plugins/microbot/questhelper/util/worldmap/WorldPointMapper
instanceKlass net/runelite/client/plugins/microbot/questhelper/util/worldmap/WorldMapAreaManager
instanceKlass net/runelite/client/plugins/microbot/questhelper/util/worldmap/WorldMapAreaChanged
instanceKlass net/runelite/client/plugins/microbot/questhelper/util/Utils
instanceKlass net/runelite/client/plugins/microbot/questhelper/util/QHObjectID
instanceKlass net/runelite/client/plugins/microbot/questhelper/util/Fonts
instanceKlass net/runelite/client/plugins/microbot/questhelper/tools/VisibilityHelper
instanceKlass net/runelite/client/plugins/microbot/questhelper/tools/QuestTile
instanceKlass net/runelite/client/plugins/microbot/questhelper/steps/widget/WidgetDetails
instanceKlass net/runelite/client/plugins/microbot/questhelper/steps/widget/Spell
instanceKlass net/runelite/client/plugins/microbot/questhelper/steps/widget/AbstractWidgetHighlight
instanceKlass net/runelite/client/plugins/microbot/questhelper/steps/tools/QuestPerspective
instanceKlass net/runelite/client/plugins/microbot/questhelper/steps/tools/DefinedPoint
instanceKlass net/runelite/client/plugins/microbot/questhelper/steps/overlay/WorldLines
instanceKlass net/runelite/client/plugins/microbot/questhelper/steps/overlay/IconOverlay
instanceKlass net/runelite/client/plugins/microbot/questhelper/steps/overlay/DirectionArrow
instanceKlass net/runelite/client/plugins/microbot/questhelper/steps/choice/WidgetChoiceSteps
instanceKlass net/runelite/client/plugins/microbot/questhelper/steps/choice/DialogChoiceSteps
instanceKlass net/runelite/client/plugins/microbot/questhelper/steps/choice/WidgetChoiceStep
instanceKlass net/runelite/client/plugins/microbot/questhelper/statemanagement/PlayerStateManager
instanceKlass net/runelite/client/plugins/microbot/questhelper/statemanagement/BarbarianTrainingStateTracker
instanceKlass net/runelite/client/plugins/microbot/questhelper/statemanagement/AchievementDiaryStepManager
instanceKlass net/runelite/client/plugins/microbot/questhelper/runeliteobjects/RuneliteConfigSetter
instanceKlass net/runelite/client/plugins/microbot/questhelper/runeliteobjects/GlobalFakeObjects
instanceKlass net/runelite/client/plugins/microbot/questhelper/runeliteobjects/extendedruneliteobjects/WidgetReplacement
instanceKlass net/runelite/client/plugins/microbot/questhelper/runeliteobjects/extendedruneliteobjects/RuneliteObjectManager
instanceKlass net/runelite/client/plugins/microbot/questhelper/runeliteobjects/extendedruneliteobjects/ReplacedObject
instanceKlass net/runelite/client/plugins/microbot/questhelper/runeliteobjects/extendedruneliteobjects/QuestCompletedWidget
instanceKlass net/runelite/client/plugins/microbot/questhelper/runeliteobjects/extendedruneliteobjects/MenuEntryWrapper
instanceKlass net/runelite/client/plugins/microbot/questhelper/runeliteobjects/extendedruneliteobjects/ExtendedRuneliteObjects
instanceKlass net/runelite/client/plugins/microbot/questhelper/runeliteobjects/extendedruneliteobjects/ExtendedRuneliteObject
instanceKlass net/runelite/client/game/chatbox/ChatboxInput
instanceKlass net/runelite/client/plugins/microbot/questhelper/runeliteobjects/extendedruneliteobjects/actions/Action
instanceKlass net/runelite/client/plugins/microbot/questhelper/runeliteobjects/dialog/RuneliteDialogStep
instanceKlass net/runelite/client/plugins/microbot/questhelper/runeliteobjects/Cheerer
instanceKlass net/runelite/client/plugins/microbot/questhelper/rewards/UnlockReward
instanceKlass net/runelite/client/plugins/microbot/questhelper/rewards/QuestPointReward
instanceKlass net/runelite/client/plugins/microbot/questhelper/rewards/ItemReward
instanceKlass net/runelite/client/plugins/microbot/questhelper/rewards/ExperienceReward
instanceKlass net/runelite/client/plugins/microbot/questhelper/rewards/Reward
instanceKlass net/runelite/client/plugins/microbot/questhelper/requirements/zone/Zone
instanceKlass net/runelite/client/plugins/microbot/questhelper/requirements/var/VarbitBuilder
instanceKlass net/runelite/client/plugins/microbot/questhelper/requirements/util/RequirementBuilder
instanceKlass net/runelite/client/plugins/microbot/questhelper/requirements/util/LogicHelper
instanceKlass net/runelite/client/plugins/microbot/questhelper/requirements/util/ComplexRequirementBuilder
instanceKlass net/runelite/client/plugins/microbot/questhelper/requirements/RequirementValidator
instanceKlass net/runelite/client/plugins/microbot/questhelper/requirements/item/ItemOnTileConsideringSceneLoadRequirement
instanceKlass net/runelite/client/plugins/microbot/questhelper/requirements/item/ContainerStateForRequirement
instanceKlass net/runelite/client/plugins/microbot/questhelper/requirements/conditional/ConditionForStep
instanceKlass net/runelite/client/plugins/microbot/questhelper/requirements/conditional/InitializableRequirement
instanceKlass net/runelite/client/plugins/microbot/questhelper/questinfo/HelperConfig
instanceKlass net/runelite/client/plugins/microbot/questhelper/questhelpers/QuestUtil
instanceKlass net/runelite/client/plugins/microbot/questhelper/questhelpers/QuestDetails
instanceKlass net/runelite/client/plugins/microbot/questhelper/QuestHelperConfig
instanceKlass net/runelite/client/plugins/microbot/questhelper/panel/questorders/ReleaseDate
instanceKlass net/runelite/client/plugins/microbot/questhelper/panel/questorders/QuestOrders
instanceKlass net/runelite/client/plugins/microbot/questhelper/panel/questorders/OptimalQuestGuide
instanceKlass net/runelite/client/plugins/microbot/questhelper/panel/questorders/IronmanOptimalQuestGuide
instanceKlass net/runelite/client/plugins/microbot/questhelper/panel/PanelDetails
instanceKlass net/runelite/client/plugins/microbot/questhelper/panel/JGenerator
instanceKlass java/awt/GridLayout
instanceKlass net/runelite/client/plugins/microbot/questhelper/managers/QuestOverlayManager
instanceKlass net/runelite/client/plugins/microbot/questhelper/managers/QuestMenuHandler
instanceKlass net/runelite/client/plugins/microbot/questhelper/managers/QuestManager
instanceKlass net/runelite/client/plugins/microbot/questhelper/managers/QuestContainerManager
instanceKlass net/runelite/client/plugins/microbot/questhelper/managers/QuestBankManager
instanceKlass net/runelite/client/plugins/microbot/questhelper/managers/NewVersionManager
instanceKlass net/runelite/client/plugins/microbot/questhelper/managers/ItemAndLastUpdated
instanceKlass net/runelite/client/plugins/microbot/questhelper/logic/QuestRegistry
instanceKlass net/runelite/client/plugins/microbot/questhelper/logic/BaseQuest
instanceKlass net/runelite/client/plugins/microbot/questhelper/logic/IQuest
instanceKlass net/runelite/client/plugins/microbot/questhelper/helpers/quests/toweroflife/PuzzleSolver
instanceKlass net/runelite/client/plugins/microbot/questhelper/helpers/quests/thepathofglouphrie/Solution
instanceKlass net/runelite/client/plugins/microbot/questhelper/helpers/quests/thepathofglouphrie/sections/UnveilEvil
instanceKlass net/runelite/client/plugins/microbot/questhelper/helpers/quests/thepathofglouphrie/sections/TheWarpedDepths
instanceKlass net/runelite/client/plugins/microbot/questhelper/helpers/quests/thepathofglouphrie/sections/StartingOff
instanceKlass net/runelite/client/plugins/microbot/questhelper/helpers/quests/thepathofglouphrie/sections/InformKingBolren
instanceKlass net/runelite/client/plugins/microbot/questhelper/helpers/quests/thepathofglouphrie/sections/FindLongramble
instanceKlass net/runelite/client/plugins/microbot/questhelper/helpers/quests/theheartofdarkness/StatueDetails
instanceKlass net/runelite/client/plugins/microbot/questhelper/helpers/quests/templeoftheeye/RunicEnergy
instanceKlass net/runelite/client/plugins/microbot/questhelper/helpers/quests/songoftheelves/BaxtorianPillar
instanceKlass net/runelite/client/plugins/microbot/questhelper/helpers/quests/recruitmentdrive/MsCheevesSetup
instanceKlass net/runelite/client/plugins/microbot/questhelper/helpers/quests/ragandboneman/RagBoneGroups
instanceKlass net/runelite/client/plugins/microbot/questhelper/helpers/quests/icthlarinslittlehelper/RowSolution
instanceKlass net/runelite/client/plugins/microbot/questhelper/requirements/AbstractRequirement
instanceKlass net/runelite/client/plugins/microbot/questhelper/requirements/Requirement
instanceKlass net/runelite/client/plugins/microbot/questhelper/helpers/quests/animalmagnetism/PuzzleSolver
instanceKlass net/runelite/client/plugins/microbot/questhelper/helpers/mischelpers/farmruns/PaymentTracker
instanceKlass net/runelite/client/plugins/microbot/questhelper/helpers/mischelpers/farmruns/PatchStates
instanceKlass net/runelite/client/plugins/microbot/questhelper/helpers/mischelpers/farmruns/PatchState
instanceKlass net/runelite/client/plugins/microbot/questhelper/helpers/mischelpers/farmruns/PatchPrediction
instanceKlass net/runelite/client/plugins/microbot/questhelper/helpers/mischelpers/farmruns/FarmingWorld
instanceKlass net/runelite/client/plugins/microbot/questhelper/helpers/mischelpers/farmruns/FarmingUtils
instanceKlass net/runelite/client/plugins/microbot/questhelper/helpers/mischelpers/farmruns/FarmingRegion
instanceKlass net/runelite/client/plugins/microbot/questhelper/helpers/mischelpers/farmruns/FarmingPatch
instanceKlass net/runelite/client/plugins/microbot/questhelper/helpers/mischelpers/farmruns/FarmingHandler
instanceKlass net/runelite/client/plugins/microbot/questhelper/helpers/mischelpers/farmruns/FarmingConfigChangeHandler
instanceKlass net/runelite/client/plugins/microbot/questhelper/helpers/miniquests/themagearenaii/MageArenaSolver
instanceKlass net/runelite/client/plugins/microbot/questhelper/helpers/miniquests/hisfaithfulservants/BarrowsRouteCalculator
instanceKlass net/runelite/client/plugins/microbot/questhelper/helpers/miniquests/enchantedkey/EnchantedKeySolver
instanceKlass net/runelite/client/plugins/microbot/questhelper/helpers/combattasks/EasyCombatTasks
instanceKlass net/runelite/client/plugins/microbot/questhelper/helpers/activities/charting/ChartingTasksData
instanceKlass net/runelite/client/plugins/microbot/questhelper/helpers/activities/charting/ChartingTaskInterface
instanceKlass net/runelite/client/plugins/microbot/questhelper/helpers/activities/charting/ChartingTaskDefinition
instanceKlass net/runelite/client/plugins/microbot/questhelper/helpers/activities/charting/ChartingSeaSection
instanceKlass net/runelite/client/plugins/microbot/questhelper/steps/QuestStep
instanceKlass net/runelite/client/plugins/microbot/questhelper/steps/OwnerStep
instanceKlass net/runelite/client/plugins/microbot/questhelper/config/SkillFiltering
instanceKlass net/runelite/client/plugins/microbot/questhelper/config/AssistanceLevel
instanceKlass net/runelite/client/plugins/microbot/questhelper/collections/SharedCollections
instanceKlass net/runelite/client/plugins/microbot/questhelper/collections/NpcCollections
instanceKlass net/runelite/client/plugins/microbot/questhelper/questhelpers/QuestHelper
instanceKlass net/runelite/client/plugins/microbot/questhelper/questhelpers/QuestDebugRenderer
instanceKlass net/runelite/client/plugins/microbot/questhelper/bank/QuestBankData
instanceKlass net/runelite/client/plugins/microbot/questhelper/bank/QuestBank
instanceKlass net/runelite/client/plugins/microbot/questhelper/bank/banktab/QuestHelperBankTagService
instanceKlass net/runelite/client/plugins/microbot/questhelper/bank/banktab/QuestGrandExchangeInterface
instanceKlass net/runelite/client/plugins/microbot/questhelper/bank/banktab/QuestBankTabInterface
instanceKlass net/runelite/client/plugins/microbot/questhelper/bank/banktab/QuestBankTab
instanceKlass net/runelite/client/plugins/microbot/questhelper/bank/banktab/PotionStorage
instanceKlass net/runelite/client/plugins/microbot/questhelper/bank/banktab/Potion
instanceKlass net/runelite/client/plugins/microbot/questhelper/bank/banktab/BankWidget
instanceKlass net/runelite/client/plugins/microbot/questhelper/bank/banktab/BankText
instanceKlass net/runelite/client/plugins/microbot/questhelper/bank/banktab/BankTabItems
instanceKlass net/runelite/client/plugins/microbot/questhelper/bank/banktab/BankTabItem
instanceKlass net/runelite/client/plugins/microbot/questhelper/bank/banktab/BankSlotIcons
instanceKlass net/runelite/client/plugins/microbot/qualityoflife/scripts/pouch/ClickOperation
instanceKlass net/runelite/client/plugins/microbot/qualityoflife/scripts/PlayerChatDetectionScript
instanceKlass net/runelite/client/plugins/microbot/qualityoflife/scripts/NeverLogoutScript
instanceKlass net/runelite/client/plugins/microbot/qualityoflife/scripts/CameraScript
instanceKlass net/runelite/client/plugins/microbot/qualityoflife/QoLConfig
instanceKlass net/runelite/client/plugins/microbot/qualityoflife/managers/GemCuttingManager
instanceKlass net/runelite/client/plugins/microbot/qualityoflife/managers/FletchingManager
instanceKlass net/runelite/client/plugins/microbot/qualityoflife/managers/FiremakingManager
instanceKlass net/runelite/client/plugins/microbot/qualityoflife/managers/CraftingManager
instanceKlass net/runelite/client/plugins/microbot/pouch/ClickOperation
instanceKlass net/runelite/client/plugins/microbot/plugindisabler/PluginDisablerConfig
instanceKlass net/runelite/client/plugins/microbot/nmz/NmzConfig
instanceKlass net/runelite/client/plugins/microbot/mouserecorder/MouseModifiers
instanceKlass net/runelite/client/plugins/microbot/mouserecorder/MouseMacroRecorderConfig
instanceKlass net/runelite/client/plugins/microbot/mouserecorder/MouseMacroEvent
instanceKlass net/runelite/client/plugins/microbot/mouserecorder/MenuEntrySnapshot
instanceKlass net/runelite/client/plugins/microbot/mining/motherloadmine/MotherloadMineConfig
instanceKlass net/runelite/client/plugins/microbot/MicrobotWorldSupplier
instanceKlass net/runelite/client/plugins/microbot/MicrobotVersionChecker
instanceKlass net/runelite/client/plugins/microbot/MicrobotRSConfig
instanceKlass net/runelite/client/plugins/microbot/MicrobotRSAppletStub
instanceKlass net/runelite/client/plugins/microbot/MicrobotConfigManager
instanceKlass net/runelite/client/plugins/microbot/MicrobotConfig
instanceKlass net/runelite/client/plugins/microbot/MicrobotClientLoader
instanceKlass net/runelite/client/plugins/microbot/MicrobotClientConfigLoader
instanceKlass net/runelite/client/plugins/microbot/mahoganyhomez/RequiredMaterials
instanceKlass net/runelite/client/plugins/microbot/mahoganyhomez/MahoganyHomesConfig
instanceKlass net/runelite/client/plugins/microbot/magetrainingarena/MageTrainingArenaConfig
instanceKlass net/runelite/client/plugins/microbot/inventorysetups/ui/InventorySetupsSelectionPanel
instanceKlass net/runelite/client/plugins/microbot/inventorysetups/ui/InventorySetupsQuiverPanel
instanceKlass javax/swing/MenuElement
instanceKlass net/runelite/client/plugins/microbot/inventorysetups/ui/InventorySetupsMoveHandler
instanceKlass net/runelite/client/plugins/microbot/inventorysetups/serialization/InventorySetupSerializable
instanceKlass net/runelite/client/plugins/microbot/inventorysetups/serialization/InventorySetupPortable
instanceKlass net/runelite/client/plugins/microbot/inventorysetups/serialization/InventorySetupItemSerializable
instanceKlass net/runelite/client/plugins/microbot/inventorysetups/MInventorySetupsConfig
instanceKlass net/runelite/client/plugins/microbot/inventorysetups/InventorySetupUtilities
instanceKlass net/runelite/client/plugins/microbot/inventorysetups/InventorySetupsVariationMapping
instanceKlass net/runelite/client/plugins/microbot/inventorysetups/InventorySetupsValidName
instanceKlass net/runelite/client/plugins/microbot/inventorysetups/InventorySetupsSection
instanceKlass net/runelite/client/plugins/microbot/inventorysetups/InventorySetupsPersistentDataManager
instanceKlass net/runelite/client/plugins/microbot/inventorysetups/InventorySetupsItem
instanceKlass net/runelite/client/plugins/microbot/inventorysetups/InventorySetupsCache
instanceKlass net/runelite/client/plugins/microbot/inventorysetups/InventorySetupsBankSearch
instanceKlass net/runelite/client/plugins/microbot/inventorysetups/InventorySetupsAmmoHandler
instanceKlass net/runelite/client/plugins/microbot/inventorysetups/InventorySetupLayoutUtilities
instanceKlass net/runelite/client/plugins/microbot/InputSelector
instanceKlass net/runelite/client/plugins/microbot/herbrun/HerbrunConfig
instanceKlass net/runelite/client/plugins/microbot/herbrun/HerbPatch
instanceKlass net/runelite/client/plugins/microbot/herbiboarAuto/TrailToSpot
instanceKlass net/runelite/client/plugins/microbot/herbiboarAuto/HerbiboarConfig
instanceKlass net/runelite/client/plugins/microbot/HelloHello1/WildyHopper/WildyHopperConfig
instanceKlass net/runelite/client/plugins/microbot/globval/WidgetIndices
instanceKlass net/runelite/client/plugins/microbot/globval/GlobalConfiguration
instanceKlass net/runelite/client/plugins/microbot/fishing/FishingTrawler/FishingTrawlerConfig
instanceKlass net/runelite/client/plugins/microbot/fishing/barbarian/BarbarianFishingConfig
instanceKlass net/runelite/client/plugins/microbot/eventdismiss/EventDismissConfig
instanceKlass net/runelite/client/plugins/microbot/eventdismiss/DismissNpcEvent
instanceKlass net/runelite/client/plugins/microbot/breakhandler/breakhandlerv2/PluginStopOption
instanceKlass net/runelite/client/plugins/microbot/breakhandler/breakhandlerv2/PluginStopHelper
instanceKlass net/runelite/client/plugins/microbot/breakhandler/breakhandlerv2/BreakHandlerV2Config
instanceKlass net/runelite/client/plugins/microbot/breakhandler/BreakHandlerConfig
instanceKlass net/runelite/client/plugins/microbot/bee/chaosaltar/ChaosAltarConfig
instanceKlass net/runelite/client/plugins/microbot/bankjs/BanksShopper/BanksShopperConfig
instanceKlass net/runelite/client/plugins/microbot/bankjs/BanksBankStander/BanksBankStanderConfig
instanceKlass net/runelite/client/plugins/microbot/api/tileobject/TileObjectApiExample
instanceKlass net/runelite/client/plugins/microbot/api/tileobject/models/Rs2TileObjectModel
instanceKlass net/runelite/client/plugins/microbot/api/tileitem/TileItemApiExample
instanceKlass net/runelite/client/plugins/microbot/api/tileitem/models/Rs2TileItemModel
instanceKlass net/runelite/client/plugins/microbot/api/player/PlayerApiExample
instanceKlass net/runelite/client/plugins/microbot/api/player/data/SalvagingAnimations
instanceKlass net/runelite/client/plugins/microbot/api/npc/NpcApiExample
instanceKlass net/runelite/client/plugins/microbot/api/EntityDistance
instanceKlass net/runelite/client/plugins/microbot/api/boat/data/RelativeMove
instanceKlass net/runelite/client/plugins/microbot/agility/models/AgilityObstacleModel
instanceKlass net/runelite/client/plugins/microbot/agility/MicroAgilityConfig
instanceKlass net/runelite/client/plugins/microbot/agility/courses/WerewolfCourse
instanceKlass net/runelite/client/plugins/microbot/agility/courses/VarrockCourse
instanceKlass net/runelite/client/plugins/microbot/agility/courses/ShayzienBasicCourse
instanceKlass net/runelite/client/plugins/microbot/agility/courses/ShayzienAdvancedCourse
instanceKlass net/runelite/client/plugins/microbot/agility/courses/SeersCourse
instanceKlass net/runelite/client/plugins/microbot/agility/courses/RellekkaCourse
instanceKlass net/runelite/client/plugins/microbot/agility/courses/PyramidState
instanceKlass net/runelite/client/plugins/microbot/agility/courses/PyramidObstacleData
instanceKlass net/runelite/client/plugins/microbot/agility/courses/PyramidCourse
instanceKlass net/runelite/client/plugins/microbot/agility/courses/PrifddinasCourse
instanceKlass net/runelite/client/plugins/microbot/agility/courses/PollnivneachCourse
instanceKlass net/runelite/client/plugins/microbot/agility/courses/GnomeStrongholdCourse
instanceKlass net/runelite/client/plugins/microbot/agility/courses/FaladorCourse
instanceKlass net/runelite/client/plugins/microbot/agility/courses/DraynorCourse
instanceKlass net/runelite/client/plugins/microbot/agility/courses/ColossalWyrmBasicCourse
instanceKlass net/runelite/client/plugins/microbot/agility/courses/ColossalWyrmAdvancedCourse
instanceKlass net/runelite/client/plugins/microbot/agility/courses/CanafisCourse
instanceKlass net/runelite/client/plugins/microbot/agility/courses/ArdougneCourse
instanceKlass net/runelite/client/plugins/microbot/agility/courses/ApeAtollCourse
instanceKlass net/runelite/client/plugins/microbot/agility/courses/AlKharidCourse
instanceKlass net/runelite/client/plugins/microbot/agility/courses/AgilityCourseHandler
instanceKlass net/runelite/client/plugins/microbot/agentserver/uds/UdsHttpServer
instanceKlass net/runelite/client/plugins/microbot/agentserver/uds/UdsHttp1Parser
instanceKlass net/runelite/client/plugins/microbot/agentserver/scripting/DynamicScriptManager
instanceKlass net/runelite/client/plugins/microbot/agentserver/scripting/DynamicScriptCompiler
instanceKlass net/runelite/client/plugins/microbot/agentserver/scripting/DeployedScript
instanceKlass net/runelite/client/plugins/microbot/agentserver/handler/ScriptSession
instanceKlass net/runelite/client/plugins/microbot/agentserver/handler/ScriptResultStore
instanceKlass net/runelite/client/plugins/microbot/agentserver/handler/ScriptHeartbeatRegistry
instanceKlass net/runelite/client/plugins/microbot/agentserver/handler/AgentHandler
instanceKlass com/sun/net/httpserver/HttpHandler
instanceKlass net/runelite/client/plugins/microbot/agentserver/AgentServerConfig
instanceKlass net/runelite/client/plugins/microbot/accountselector/AutoLoginConfig
instanceKlass net/runelite/client/plugins/metronome/MetronomePluginConfiguration
instanceKlass net/runelite/client/plugins/menuentryswapper/Swap
instanceKlass net/runelite/client/plugins/menuentryswapper/MenuEntrySwapperConfig
instanceKlass net/runelite/client/plugins/lowmemory/LowMemoryConfig
instanceKlass net/runelite/client/plugins/loottracker/PluginLootReceived
instanceKlass net/runelite/client/plugins/loottracker/NpcMetadata
instanceKlass net/runelite/client/plugins/loottracker/LootTrackerItem
instanceKlass net/runelite/client/plugins/loottracker/LootTrackerConfig
instanceKlass net/runelite/client/plugins/loottracker/LootTrackerClient
instanceKlass net/runelite/client/plugins/loottracker/LootReceived
instanceKlass net/runelite/client/plugins/loottracker/ConfigLoot
instanceKlass net/runelite/client/plugins/logouttimer/LogoutTimerConfig
instanceKlass net/runelite/client/plugins/loginscreen/LoginScreenConfig
instanceKlass net/runelite/client/plugins/kourendlibrary/Library
instanceKlass net/runelite/client/plugins/kourendlibrary/KourendLibraryConfig
instanceKlass net/runelite/client/plugins/kourendlibrary/Bookcase
instanceKlass net/runelite/client/plugins/kingdomofmiscellania/KingdomConfig
instanceKlass net/runelite/client/plugins/keyremapping/KeyRemappingListener
instanceKlass net/runelite/client/plugins/keyremapping/KeyRemappingConfig
instanceKlass net/runelite/client/plugins/itemstats/StatsChanges
instanceKlass net/runelite/client/plugins/itemstats/stats/Stats
instanceKlass net/runelite/client/plugins/itemstats/stats/Stat
instanceKlass net/runelite/client/plugins/itemstats/special/SunlightMoth
instanceKlass net/runelite/client/plugins/itemstats/special/SpicyStew
instanceKlass net/runelite/client/plugins/itemstats/special/DwarvenRockCake
instanceKlass net/runelite/client/plugins/itemstats/special/CastleWarsBandage
instanceKlass net/runelite/client/plugins/itemstats/StatChange
instanceKlass net/runelite/client/plugins/itemstats/potions/SuperRestore
instanceKlass net/runelite/client/plugins/itemstats/potions/SaradominBrew
instanceKlass net/runelite/client/plugins/itemstats/potions/MoonlightPotion
instanceKlass net/runelite/client/plugins/itemstats/potions/MixedPotion
instanceKlass net/runelite/client/plugins/itemstats/potions/AncientBrew
instanceKlass net/runelite/client/plugins/itemstats/potions/Ambrosia
instanceKlass net/runelite/client/plugins/itemstats/ItemStatConfig
instanceKlass net/runelite/client/plugins/itemstats/ItemStatChangesServiceImpl
instanceKlass net/runelite/client/plugins/itemstats/ItemStatChangesService
instanceKlass net/runelite/client/plugins/itemstats/ItemStatChanges
instanceKlass net/runelite/client/plugins/itemstats/delta/DeltaPercentage
instanceKlass net/runelite/client/plugins/itemstats/delta/DeltaCalculator
instanceKlass net/runelite/client/plugins/itemstats/Combo
instanceKlass net/runelite/client/plugins/itemstats/Builders
instanceKlass net/runelite/client/plugins/itemstats/SingleEffect
instanceKlass net/runelite/client/plugins/itemstats/Effect
instanceKlass net/runelite/client/plugins/itemprices/ItemPricesConfig
instanceKlass net/runelite/client/plugins/itemidentification/ItemIdentificationConfig
instanceKlass net/runelite/client/plugins/itemcharges/ItemChargeConfig
instanceKlass net/runelite/client/plugins/inventoryviewer/InventoryViewerConfig
instanceKlass net/runelite/client/plugins/inventorytags/Tag
instanceKlass net/runelite/client/plugins/inventorytags/InventoryTagsConfig
instanceKlass net/runelite/client/plugins/inventorygrid/InventoryGridConfig
instanceKlass net/runelite/client/plugins/interfacestyles/InterfaceStylesConfig
instanceKlass net/runelite/client/plugins/interacthighlight/InteractHighlightConfig
instanceKlass net/runelite/client/plugins/implings/ImplingsConfig
instanceKlass net/runelite/client/plugins/idlenotifier/IdleNotifierConfig
instanceKlass net/runelite/client/plugins/hunter/HunterTrap
instanceKlass net/runelite/client/plugins/hunter/HunterConfig
instanceKlass net/runelite/client/plugins/hiscore/NameAutocompleter
instanceKlass net/runelite/client/plugins/hiscore/HiscoreConfig
instanceKlass net/runelite/client/plugins/herbiboars/TrailToSpot
instanceKlass net/runelite/client/plugins/herbiboars/HerbiboarConfig
instanceKlass net/runelite/client/plugins/groundmarkers/GroundMarkerSharingManager
instanceKlass net/runelite/client/plugins/groundmarkers/GroundMarkerPoint
instanceKlass net/runelite/client/plugins/groundmarkers/GroundMarkerConfig
instanceKlass net/runelite/client/plugins/groundmarkers/ColorTileMarker
instanceKlass net/runelite/client/plugins/grounditems/MenuEntryWithCount
instanceKlass net/runelite/client/plugins/grounditems/Lootbeam
instanceKlass net/runelite/client/plugins/grounditems/ItemThreshold
instanceKlass net/runelite/client/plugins/grounditems/ItemList
instanceKlass net/runelite/client/plugins/grounditems/GroundItemsConfig
instanceKlass net/runelite/client/plugins/grounditems/GroundItem
instanceKlass net/runelite/client/plugins/grandexchange/Trade
instanceKlass net/runelite/client/plugins/grandexchange/SavedOffer
instanceKlass net/runelite/client/plugins/grandexchange/GrandExchangeItems
instanceKlass net/runelite/client/plugins/grandexchange/GrandExchangeConfig
instanceKlass net/runelite/client/plugins/grandexchange/GrandExchangeClient
instanceKlass net/runelite/client/plugins/grandexchange/FuzzySearchScorer
instanceKlass net/runelite/client/plugins/gpu/Zone
instanceKlass net/runelite/client/plugins/gpu/VBO
instanceKlass net/runelite/client/plugins/gpu/VAOList
instanceKlass net/runelite/client/plugins/gpu/VAO
instanceKlass net/runelite/client/plugins/gpu/TextureManager
instanceKlass net/runelite/client/plugins/gpu/template/Template
instanceKlass net/runelite/client/plugins/gpu/Shader
instanceKlass net/runelite/client/plugins/gpu/SceneUploader
instanceKlass net/runelite/client/plugins/gpu/regions/Regions
instanceKlass net/runelite/client/plugins/gpu/regions/Region
instanceKlass net/runelite/client/plugins/gpu/RegionManager
instanceKlass net/runelite/client/plugins/gpu/ModelUploader
instanceKlass net/runelite/client/plugins/gpu/Mat4
instanceKlass net/runelite/client/plugins/gpu/GpuPluginConfig
instanceKlass net/runelite/client/plugins/gpu/GpuIntBuffer
instanceKlass net/runelite/client/plugins/gpu/GpuFloatBuffer
instanceKlass net/runelite/client/plugins/gpu/GLBuffer
instanceKlass net/runelite/client/plugins/friendnotes/HoveredFriend
instanceKlass net/runelite/client/plugins/friendnotes/FriendNotesConfig
instanceKlass net/runelite/client/plugins/friendlist/FriendListConfig
instanceKlass net/runelite/client/plugins/fps/FpsDrawListener
instanceKlass net/runelite/client/plugins/fps/FpsConfig
instanceKlass net/runelite/client/plugins/fishing/MinnowSpot
instanceKlass net/runelite/client/plugins/fishing/FishingSession
instanceKlass net/runelite/client/plugins/fishing/FishingConfig
instanceKlass net/runelite/client/plugins/fairyring/FairyRingConfig
instanceKlass net/runelite/client/plugins/examine/PendingExamine
instanceKlass net/runelite/client/plugins/entityhider/EntityHiderConfig
instanceKlass net/runelite/client/plugins/dpscounter/DpsMember
instanceKlass net/runelite/client/plugins/dpscounter/DpsConfig
instanceKlass net/runelite/client/party/messages/WebsocketMessage
instanceKlass net/runelite/client/plugins/discord/DiscordState
instanceKlass net/runelite/client/plugins/discord/DiscordConfig
instanceKlass javax/swing/table/AbstractTableModel
instanceKlass javax/swing/table/TableModel
instanceKlass net/runelite/client/plugins/devtools/WidgetField
instanceKlass javax/swing/tree/DefaultMutableTreeNode
instanceKlass javax/swing/tree/MutableTreeNode
instanceKlass net/runelite/client/plugins/devtools/InventoryLog
instanceKlass net/runelite/client/plugins/devtools/InventoryItem
instanceKlass net/runelite/client/plugins/devtools/DevToolsConfig
instanceKlass net/runelite/client/plugins/defaultworld/DefaultWorldConfig
instanceKlass net/runelite/client/plugins/dailytaskindicators/DailyTasksConfig
instanceKlass net/runelite/client/plugins/customcursor/CustomCursorConfig
instanceKlass net/runelite/client/plugins/crowdsourcing/zmi/ZMIData
instanceKlass net/runelite/client/plugins/crowdsourcing/zmi/CrowdsourcingZMI
instanceKlass net/runelite/client/plugins/crowdsourcing/woodcutting/WoodcuttingData
instanceKlass net/runelite/client/plugins/crowdsourcing/woodcutting/CrowdsourcingWoodcutting
instanceKlass net/runelite/client/plugins/crowdsourcing/thieving/PickpocketData
instanceKlass net/runelite/client/plugins/crowdsourcing/thieving/CrowdsourcingThieving
instanceKlass net/runelite/client/plugins/crowdsourcing/music/MusicUnlockData
instanceKlass net/runelite/client/plugins/crowdsourcing/music/CrowdsourcingMusic
instanceKlass net/runelite/client/plugins/crowdsourcing/dialogue/StartEndData
instanceKlass net/runelite/client/plugins/crowdsourcing/dialogue/SpriteTextData
instanceKlass net/runelite/client/plugins/crowdsourcing/dialogue/PlayerDialogueData
instanceKlass net/runelite/client/plugins/crowdsourcing/dialogue/NpcDialogueData
instanceKlass net/runelite/client/plugins/crowdsourcing/dialogue/DoubleSpriteTextData
instanceKlass net/runelite/client/plugins/crowdsourcing/dialogue/DialogueOptionsData
instanceKlass net/runelite/client/plugins/crowdsourcing/dialogue/CrowdsourcingDialogue
instanceKlass net/runelite/client/plugins/crowdsourcing/dialogue/ChatMessageData
instanceKlass net/runelite/client/plugins/crowdsourcing/CrowdsourcingManager
instanceKlass net/runelite/client/plugins/crowdsourcing/cooking/CrowdsourcingCooking
instanceKlass net/runelite/client/plugins/crowdsourcing/cooking/CookingData
instanceKlass net/runelite/client/plugins/corp/CorpConfig
instanceKlass net/runelite/client/plugins/cooking/CookingSession
instanceKlass net/runelite/client/plugins/cooking/CookingConfig
instanceKlass javax/swing/ListCellRenderer
instanceKlass net/runelite/client/plugins/config/PluginSearch
instanceKlass net/runelite/client/plugins/config/SearchablePlugin
instanceKlass net/runelite/client/plugins/config/PluginConfigurationDescriptor
instanceKlass net/runelite/client/ui/Activatable
instanceKlass net/runelite/client/plugins/combatlevel/CombatLevelConfig
instanceKlass net/runelite/client/plugins/cluescrolls/ClueScrollServiceImpl
instanceKlass net/runelite/client/plugins/cluescrolls/ClueScrollService
instanceKlass net/runelite/client/plugins/cluescrolls/ClueScrollConfig
instanceKlass net/runelite/client/plugins/cluescrolls/clues/NamedObjectClueScroll
instanceKlass net/runelite/client/plugins/cluescrolls/clues/item/SlotLimitationRequirement
instanceKlass net/runelite/client/plugins/cluescrolls/clues/item/SingleItemRequirement
instanceKlass net/runelite/client/plugins/cluescrolls/clues/item/RangeItemRequirement
instanceKlass net/runelite/client/plugins/cluescrolls/clues/item/MultipleOfItemRequirement
instanceKlass net/runelite/client/plugins/cluescrolls/clues/item/ItemRequirements
instanceKlass net/runelite/client/plugins/cluescrolls/clues/item/AnyRequirementCollection
instanceKlass net/runelite/client/plugins/cluescrolls/clues/item/AllRequirementsCollection
instanceKlass net/runelite/client/plugins/cluescrolls/clues/item/ItemRequirement
instanceKlass net/runelite/client/plugins/cluescrolls/clues/LocationsClueScroll
instanceKlass net/runelite/client/plugins/cluescrolls/clues/hotcold/HotColdSolver
instanceKlass net/runelite/client/plugins/cluescrolls/clues/ClueScroll
instanceKlass net/runelite/client/plugins/cluescrolls/clues/ObjectClueScroll
instanceKlass net/runelite/client/plugins/cluescrolls/clues/LocationClueScroll
instanceKlass net/runelite/client/plugins/cluescrolls/clues/NpcClueScroll
instanceKlass net/runelite/client/plugins/chatnotifications/ChatNotificationsConfig
instanceKlass net/runelite/client/plugins/chathistory/ChatHistoryConfig
instanceKlass net/runelite/client/plugins/chatfilter/ChatFilterConfig
instanceKlass net/runelite/client/plugins/chatcommands/ChatKeyboardListener
instanceKlass net/runelite/client/plugins/chatcommands/ChatCommandsConfig
instanceKlass net/runelite/client/plugins/chatchannel/MemberJoinMessage
instanceKlass net/runelite/client/plugins/chatchannel/MemberActivity
instanceKlass net/runelite/client/plugins/chatchannel/ChatChannelConfig
instanceKlass net/runelite/client/plugins/cannon/CannonConfig
instanceKlass net/runelite/client/plugins/camera/CameraConfig
instanceKlass net/runelite/client/plugins/boosts/BoostsConfig
instanceKlass net/runelite/client/plugins/blastmine/BlastMineRock
instanceKlass net/runelite/client/plugins/blastmine/BlastMinePluginConfig
instanceKlass net/runelite/client/plugins/blastfurnace/BlastFurnaceConfig
instanceKlass net/runelite/client/plugins/barrows/BarrowsConfig
instanceKlass net/runelite/client/plugins/barbarianassault/Round
instanceKlass net/runelite/client/plugins/barbarianassault/GameTimer
instanceKlass net/runelite/client/plugins/barbarianassault/BarbarianAssaultConfig
instanceKlass net/runelite/client/plugins/banktags/TagManager
instanceKlass net/runelite/client/plugins/banktags/tabs/TagTab
instanceKlass net/runelite/client/plugins/banktags/tabs/TabManager
instanceKlass net/runelite/client/plugins/banktags/tabs/TabInterface
instanceKlass net/runelite/client/plugins/banktags/tabs/PotionStorage
instanceKlass net/runelite/client/plugins/banktags/tabs/Potion
instanceKlass net/runelite/client/plugins/banktags/tabs/LayoutManager
instanceKlass net/runelite/client/plugins/banktags/tabs/Layout
instanceKlass net/runelite/client/plugins/banktags/tabs/AutoLayout
instanceKlass net/runelite/client/plugins/banktags/BankTagsService
instanceKlass net/runelite/client/plugins/banktags/BankTagsConfig
instanceKlass net/runelite/client/plugins/banktags/BankTag
instanceKlass net/runelite/client/plugins/bank/ContainerPrices
instanceKlass net/runelite/client/plugins/bank/BankSearch
instanceKlass net/runelite/client/plugins/bank/BankConfig
instanceKlass net/runelite/client/plugins/attackstyles/AttackStylesConfig
instanceKlass net/runelite/client/plugins/antidrag/AntiDragConfig
instanceKlass net/runelite/client/plugins/agility/Obstacles
instanceKlass net/runelite/client/plugins/agility/Obstacle
instanceKlass net/runelite/client/plugins/agility/AgilitySession
instanceKlass net/runelite/client/plugins/agility/AgilityConfig
instanceKlass net/runelite/client/plugins/achievementdiary/SkillRequirement
instanceKlass net/runelite/client/plugins/achievementdiary/QuestRequirement
instanceKlass net/runelite/client/plugins/achievementdiary/QuestPointRequirement
instanceKlass net/runelite/client/plugins/achievementdiary/OrRequirement
instanceKlass net/runelite/client/plugins/achievementdiary/DiaryRequirement
instanceKlass net/runelite/client/plugins/achievementdiary/GenericDiaryRequirement
instanceKlass net/runelite/client/plugins/achievementdiary/CombatLevelRequirement
instanceKlass net/runelite/client/plugins/achievementdiary/Requirement
instanceKlass com/google/common/collect/AbstractIterator$1
instanceKlass com/google/common/base/Predicates$InstanceOfPredicate
instanceKlass com/google/common/base/Predicates
instanceKlass com/google/common/reflect/ClassPath$ResourceInfo
instanceKlass com/google/common/collect/AbstractMapBasedMultimap$Itr
instanceKlass java/util/zip/ZipFile$ZipEntryIterator
instanceKlass com/google/common/base/AbstractIterator$1
instanceKlass com/google/common/base/Splitter$5
instanceKlass com/google/common/collect/MultimapBuilder$LinkedHashSetSupplier
instanceKlass com/google/common/reflect/ClassPath$Scanner
instanceKlass com/google/common/base/Splitter$1
instanceKlass com/google/common/reflect/ClassPath$1
instanceKlass com/google/common/reflect/ClassPath
instanceKlass net/runelite/client/Updater
instanceKlass net/runelite/client/events/ExternalPluginsChanged
instanceKlass com/google/gson/internal/bind/TypeAdapters$36
instanceKlass ds
instanceKlass net/runelite/api/FriendsChatMember
instanceKlass nf
instanceKlass java/util/DualPivotQuicksort
instanceKlass sf
instanceKlass hq
instanceKlass net/runelite/api/worldmap/WorldMapIcon
instanceKlass gv
instanceKlass cs
instanceKlass cv
instanceKlass hr
instanceKlass xs
instanceKlass rm
instanceKlass sun/awt/image/OffScreenImageSource
instanceKlass java/awt/image/PixelGrabber
instanceKlass java/awt/image/ImageConsumer
instanceKlass com/sun/imageio/plugins/jpeg/ImageTypeIterator
instanceKlass com/sun/imageio/plugins/jpeg/ImageTypeProducer
instanceKlass com/sun/imageio/plugins/jpeg/JPEGImageReader$JPEGReaderDisposerRecord
instanceKlass com/sun/imageio/plugins/jpeg/JPEGImageReader$CallBackLock
instanceKlass javax/imageio/plugins/jpeg/JPEGHuffmanTable
instanceKlass javax/imageio/plugins/jpeg/JPEGQTable
instanceKlass com/sun/imageio/plugins/jpeg/JPEGImageReader$1
instanceKlass ex
instanceKlass net/runelite/api/events/UsernameChanged
instanceKlass nc
instanceKlass net/runelite/api/worldmap/WorldMapRegion
instanceKlass gn
instanceKlass gb
instanceKlass hg
instanceKlass hl
instanceKlass hz
instanceKlass he
instanceKlass wv
instanceKlass hp
instanceKlass lt
instanceKlass lz
instanceKlass dv
instanceKlass jy
instanceKlass net/runelite/api/Texture
instanceKlass fq
instanceKlass fc
instanceKlass fk
instanceKlass sy
instanceKlass bs
instanceKlass rx
instanceKlass cl
instanceKlass bn
instanceKlass lw
instanceKlass pz
instanceKlass ei
instanceKlass hm
instanceKlass cf
instanceKlass wj
instanceKlass kj
instanceKlass is
instanceKlass qp
instanceKlass jv
instanceKlass je
instanceKlass uj
instanceKlass wk
instanceKlass fw
instanceKlass net/runelite/api/AABB
instanceKlass ms
instanceKlass jg
instanceKlass eo
instanceKlass oo
instanceKlass yx
instanceKlass yk
instanceKlass ya
instanceKlass yh
instanceKlass yn
instanceKlass yd
instanceKlass kd
instanceKlass dd
instanceKlass jn
instanceKlass rl13
instanceKlass ew
instanceKlass ud
instanceKlass rl17
instanceKlass ej
instanceKlass net/runelite/api/ItemLayer
instanceKlass eu
instanceKlass ft
instanceKlass fp
instanceKlass rl10
instanceKlass rl18
instanceKlass xp
instanceKlass yc
instanceKlass ep
instanceKlass hi
instanceKlass gi
instanceKlass js
instanceKlass ky
instanceKlass ux
instanceKlass net/runelite/api/clan/ClanMember
instanceKlass hw
instanceKlass java/lang/ProcessHandleImpl$Info
instanceKlass java/lang/ProcessHandle$Info
instanceKlass java/lang/ProcessHandleImpl
instanceKlass java/lang/ProcessHandle
instanceKlass ny
instanceKlass jc
instanceKlass net/runelite/api/worldmap/WorldMapRenderer
instanceKlass kk
instanceKlass wz
instanceKlass ym
instanceKlass ht
instanceKlass kx
instanceKlass mw
instanceKlass xq
instanceKlass nd
instanceKlass nn
instanceKlass yj
instanceKlass gk
instanceKlass at
instanceKlass sl
instanceKlass com/sun/media/sound/EventDispatcher
instanceKlass javax/sound/sampled/LineEvent$Type
instanceKlass com/sun/media/sound/EventDispatcher$LineMonitor
instanceKlass com/sun/media/sound/Toolkit
instanceKlass javax/sound/sampled/Port
instanceKlass javax/sound/sampled/Control
instanceKlass com/sun/media/sound/AbstractLine
instanceKlass com/sun/media/sound/Platform
instanceKlass javax/sound/sampled/Mixer
instanceKlass javax/sound/sampled/Mixer$Info
instanceKlass com/sun/media/sound/JSSecurityManager$2
instanceKlass com/sun/media/sound/JSSecurityManager$1
instanceKlass com/sun/media/sound/JSSecurityManager
instanceKlass com/sun/media/sound/JDK13Services
instanceKlass javax/sound/sampled/spi/MixerProvider
instanceKlass javax/sound/sampled/AudioSystem
instanceKlass javax/sound/sampled/SourceDataLine
instanceKlass javax/sound/sampled/AudioFormat$Encoding
instanceKlass javax/sound/sampled/AudioFormat
instanceKlass javax/sound/sampled/Line$Info
instanceKlass vj
instanceKlass wh
instanceKlass md
instanceKlass xu
instanceKlass wp
instanceKlass we
instanceKlass xk
instanceKlass wm
instanceKlass net/runelite/api/overlay/OverlayIndex
instanceKlass zv
instanceKlass hy
instanceKlass xg
instanceKlass xa
instanceKlass yy
instanceKlass com/google/common/reflect/TypeCapture
instanceKlass net/runelite/client/util/ColorUtil
instanceKlass net/runelite/client/config/ConfigItem
instanceKlass net/runelite/client/ui/JagexColors
instanceKlass net/runelite/client/chat/ChatMessageManager$1
instanceKlass sun/nio/cs/Surrogate
instanceKlass sun/nio/cs/Surrogate$Parser
instanceKlass com/google/gson/internal/LinkedTreeMap$LinkedTreeMapIterator
instanceKlass com/google/gson/internal/LinkedTreeMap$Node
instanceKlass com/google/gson/internal/LinkedTreeMap$1
instanceKlass sun/nio/fs/WindowsFileCopy
instanceKlass com/google/gson/internal/Streams
instanceKlass net/runelite/client/config/Profiles
instanceKlass sun/nio/ch/FileKey
instanceKlass sun/nio/ch/FileLockTable
instanceKlass java/nio/channels/FileLock
instanceKlass jz
instanceKlass uz
instanceKlass ug
instanceKlass sun/nio/ch/ExtendedSocketOption$1
instanceKlass sun/nio/ch/ExtendedSocketOption
instanceKlass sun/nio/ch/OptionKey
instanceKlass sun/nio/ch/SocketOptionRegistry$LazyInitialization
instanceKlass sun/nio/ch/SocketOptionRegistry$RegistryKey
instanceKlass sun/nio/ch/SocketOptionRegistry
instanceKlass java/net/StandardSocketOptions$StdSocketOption
instanceKlass java/net/StandardSocketOptions
instanceKlass jw
instanceKlass net/runelite/api/EntityOps
instanceKlass net/runelite/api/HealthBarConfig
instanceKlass vd
instanceKlass net/runelite/api/WorldEntityConfig
instanceKlass fl
instanceKlass op
instanceKlass pj
instanceKlass net/runelite/api/events/PostClientTick
instanceKlass os
instanceKlass ik
instanceKlass kn
instanceKlass net/runelite/api/Hitsplat
instanceKlass si
instanceKlass ax
instanceKlass mb
instanceKlass po
instanceKlass ci
instanceKlass aas
instanceKlass un
instanceKlass oh
instanceKlass uq
instanceKlass sh
instanceKlass xz
instanceKlass net/runelite/api/widgets/WidgetUtil
instanceKlass java/util/concurrent/ConcurrentLinkedQueue$Itr
instanceKlass fx
instanceKlass su
instanceKlass cy
instanceKlass go
instanceKlass sk
instanceKlass gz
instanceKlass gt
instanceKlass gr
instanceKlass wg
instanceKlass wu
instanceKlass zy
instanceKlass net/runelite/api/CollisionData
instanceKlass rb
instanceKlass ku
instanceKlass dm
instanceKlass wf
instanceKlass mq
instanceKlass qo
instanceKlass nr
instanceKlass net/runelite/api/PendingLogin
instanceKlass uv
instanceKlass qx
instanceKlass net/runelite/api/events/ResizeableChanged
instanceKlass ru
instanceKlass tq
instanceKlass tp
instanceKlass ta
instanceKlass net/runelite/api/events/VolumeChanged
instanceKlass ua
instanceKlass sw
instanceKlass lb
instanceKlass fd
instanceKlass ho
instanceKlass gy
instanceKlass net/runelite/api/WorldMapData
instanceKlass net/runelite/api/worldmap/WorldMapData
instanceKlass xx
instanceKlass py
instanceKlass jx
instanceKlass dl
instanceKlass ly
instanceKlass mi
instanceKlass rg
instanceKlass zs
instanceKlass lr
instanceKlass le
instanceKlass dc
instanceKlass net/runelite/api/events/CanvasSizeChanged
instanceKlass ef
instanceKlass vy
instanceKlass qi
instanceKlass uw
instanceKlass jf
instanceKlass jt
instanceKlass zc
instanceKlass mo
instanceKlass net/runelite/client/events/WorldsFetch
instanceKlass com/google/gson/internal/ConstructorConstructor$8
instanceKlass com/google/gson/internal/ConstructorConstructor$5
instanceKlass net/runelite/http/api/worlds/World
instanceKlass ko
instanceKlass rr
instanceKlass qj
instanceKlass ja
instanceKlass lu
instanceKlass hf
instanceKlass jd
instanceKlass km
instanceKlass wb
instanceKlass mn
instanceKlass ne
instanceKlass uy
instanceKlass ah
instanceKlass zb
instanceKlass lf
instanceKlass jo
instanceKlass qn
instanceKlass jb
instanceKlass af
instanceKlass xe
instanceKlass xi
instanceKlass xo
instanceKlass de
instanceKlass net/runelite/api/Constants
instanceKlass jdk/management/jfr/FlightRecorderMXBeanImpl$MXBeanListener
instanceKlass jdk/jfr/FlightRecorderListener
instanceKlass jdk/jfr/FlightRecorder
instanceKlass jdk/jfr/Recording
instanceKlass javax/management/NotificationFilter
instanceKlass javax/management/NotificationListener
instanceKlass javax/management/StandardMBean$MBeanInfoSafeAction
instanceKlass jdk/jfr/internal/management/StreamManager
instanceKlass jdk/management/jfr/ConfigurationInfo
instanceKlass jdk/management/jfr/EventTypeInfo
instanceKlass jdk/management/jfr/RecordingInfo
instanceKlass sun/reflect/generics/tree/LongSignature
instanceKlass jdk/management/jfr/SettingDescriptorInfo$1
instanceKlass jdk/management/jfr/SettingDescriptorInfo
instanceKlass sun/management/ManagementFactoryHelper$1
instanceKlass java/lang/management/BufferPoolMXBean
instanceKlass sun/nio/ch/FileChannelImpl$2
instanceKlass sun/nio/ch/FileChannelImpl$1
instanceKlass jdk/internal/misc/VM$BufferPoolsHolder
instanceKlass com/sun/management/VMOption
instanceKlass com/sun/management/internal/HotSpotDiagnostic
instanceKlass com/sun/management/HotSpotDiagnosticMXBean
instanceKlass com/sun/management/GcInfo
instanceKlass javax/management/openmbean/CompositeDataView
instanceKlass java/util/stream/AbstractSpinedBuffer
instanceKlass java/util/stream/Node$Builder
instanceKlass java/util/stream/Node$OfDouble
instanceKlass java/util/stream/Node$OfLong
instanceKlass java/util/stream/Node$OfInt
instanceKlass java/util/stream/Node$OfPrimitive
instanceKlass java/util/stream/Nodes$EmptyNode
instanceKlass java/util/stream/Node
instanceKlass java/util/stream/Nodes
instanceKlass java/util/function/IntFunction
instanceKlass java/lang/StringLatin1$LinesSpliterator
instanceKlass com/sun/management/internal/DiagnosticCommandImpl$Wrapper
instanceKlass jdk/jfr/internal/dcmd/AbstractDCmd
instanceKlass com/sun/management/internal/DiagnosticCommandArgumentInfo
instanceKlass com/sun/management/internal/DiagnosticCommandInfo
instanceKlass com/sun/management/internal/DiagnosticCommandImpl$OperationInfoComparator
instanceKlass sun/management/ClassLoadingImpl
instanceKlass java/lang/management/ClassLoadingMXBean
instanceKlass javax/management/MBeanInfo$ArrayGettersSafeAction
instanceKlass javax/management/openmbean/OpenMBeanOperationInfo
instanceKlass java/util/logging/Logging
instanceKlass java/util/logging/LoggingMXBean
instanceKlass sun/management/ManagementFactoryHelper$PlatformLoggingImpl
instanceKlass java/lang/management/PlatformLoggingMXBean
instanceKlass sun/management/CompilationImpl
instanceKlass java/lang/management/CompilationMXBean
instanceKlass sun/management/VMManagementImpl$1
instanceKlass java/lang/management/MemoryUsage
instanceKlass sun/management/Sensor
instanceKlass sun/management/MemoryPoolImpl
instanceKlass java/lang/management/MemoryPoolMXBean
instanceKlass com/sun/management/GarbageCollectorMXBean
instanceKlass java/lang/management/GarbageCollectorMXBean
instanceKlass java/lang/management/MemoryManagerMXBean
instanceKlass java/lang/management/MemoryMXBean
instanceKlass javax/management/DescriptorKey
instanceKlass sun/management/BaseOperatingSystemImpl
instanceKlass com/sun/management/OperatingSystemMXBean
instanceKlass java/lang/management/OperatingSystemMXBean
instanceKlass com/sun/jmx/mbeanserver/PerInterface$MethodAndSig
instanceKlass java/lang/management/LockInfo
instanceKlass java/lang/management/ThreadInfo
instanceKlass sun/management/ThreadImpl
instanceKlass com/sun/management/ThreadMXBean
instanceKlass java/lang/management/ThreadMXBean
instanceKlass com/sun/jmx/mbeanserver/WeakIdentityHashMap
instanceKlass com/sun/jmx/mbeanserver/MXBeanLookup
instanceKlass com/sun/jmx/mbeanserver/PerInterface$InitMaps
instanceKlass com/sun/jmx/mbeanserver/PerInterface
instanceKlass java/time/Period
instanceKlass java/time/chrono/ChronoPeriod
instanceKlass java/time/format/DateTimeFormatterBuilder$TextPrinterParser
instanceKlass java/time/format/DateTimeTextProvider$1
instanceKlass javax/management/openmbean/OpenMBeanAttributeInfo
instanceKlass javax/management/openmbean/OpenMBeanParameterInfo
instanceKlass java/time/format/DateTimeTextProvider
instanceKlass java/time/format/DateTimeTextProvider$LocaleStore
instanceKlass com/sun/jmx/mbeanserver/MBeanIntrospector$MBeanInfoMaker
instanceKlass com/sun/jmx/mbeanserver/MBeanAnalyzer$MBeanVisitor
instanceKlass java/time/format/DateTimeFormatterBuilder$InstantPrinterParser
instanceKlass java/time/format/DateTimeFormatterBuilder$StringLiteralPrinterParser
instanceKlass java/time/format/DateTimeFormatterBuilder$ZoneIdPrinterParser
instanceKlass java/time/format/DateTimeFormatterBuilder$OffsetIdPrinterParser
instanceKlass java/time/format/DecimalStyle
instanceKlass java/time/format/DateTimeFormatterBuilder$CompositePrinterParser
instanceKlass com/sun/jmx/mbeanserver/MBeanAnalyzer$AttrMethods
instanceKlass java/time/chrono/AbstractChronology
instanceKlass java/time/chrono/Chronology
instanceKlass java/time/format/DateTimeFormatterBuilder$CharLiteralPrinterParser
instanceKlass java/time/format/DateTimeFormatterBuilder$NumberPrinterParser
instanceKlass java/time/format/DateTimeFormatterBuilder$DateTimePrinterParser
instanceKlass com/sun/jmx/mbeanserver/MXBeanMapping
instanceKlass java/time/temporal/JulianFields
instanceKlass javax/management/openmbean/TabularData
instanceKlass javax/management/openmbean/CompositeData
instanceKlass javax/management/openmbean/OpenType
instanceKlass com/sun/jmx/mbeanserver/MXBeanMappingFactory
instanceKlass java/time/temporal/IsoFields
instanceKlass com/sun/jmx/mbeanserver/ConvertingMethod
instanceKlass com/sun/jmx/mbeanserver/MBeanAnalyzer$MethodOrder
instanceKlass com/sun/jmx/mbeanserver/MBeanAnalyzer
instanceKlass java/time/temporal/TemporalQuery
instanceKlass java/time/format/DateTimeFormatterBuilder
instanceKlass com/sun/jmx/mbeanserver/MBeanIntrospector
instanceKlass java/time/format/DateTimeFormatter
instanceKlass java/time/zone/Ser
instanceKlass javax/management/MXBean
instanceKlass com/sun/jmx/mbeanserver/MBeanSupport
instanceKlass com/sun/jmx/mbeanserver/DescriptorCache
instanceKlass javax/management/JMX
instanceKlass javax/management/StandardMBean
instanceKlass java/time/zone/ZoneRulesProvider$1
instanceKlass java/time/zone/ZoneRulesProvider
instanceKlass com/sun/jmx/mbeanserver/JmxMBeanServer$3
instanceKlass javax/management/ObjectInstance
instanceKlass com/sun/jmx/mbeanserver/NamedObject
instanceKlass com/sun/jmx/interceptor/DefaultMBeanServerInterceptor$ResourceContext$1
instanceKlass com/sun/jmx/interceptor/DefaultMBeanServerInterceptor$ResourceContext
instanceKlass com/sun/jmx/mbeanserver/Repository$RegistrationContext
instanceKlass com/sun/jmx/mbeanserver/DynamicMBean2
instanceKlass com/sun/jmx/defaults/JmxProperties
instanceKlass java/nio/file/Files$2
instanceKlass com/sun/jmx/mbeanserver/Introspector
instanceKlass com/sun/jmx/mbeanserver/JmxMBeanServer$2
instanceKlass com/sun/jmx/interceptor/DefaultMBeanServerInterceptor
instanceKlass com/sun/jmx/interceptor/MBeanServerInterceptor
instanceKlass com/sun/jmx/mbeanserver/Repository
instanceKlass com/sun/jmx/mbeanserver/JmxMBeanServer$1
instanceKlass com/sun/jmx/mbeanserver/SecureClassLoaderRepository
instanceKlass com/sun/jmx/mbeanserver/MBeanInstantiator
instanceKlass com/sun/jmx/mbeanserver/ClassLoaderRepositorySupport$LoaderEntry
instanceKlass com/sun/jmx/mbeanserver/ClassLoaderRepositorySupport
instanceKlass com/sun/jmx/mbeanserver/ModifiableClassLoaderRepository
instanceKlass javax/management/loading/ClassLoaderRepository
instanceKlass javax/management/ImmutableDescriptor
instanceKlass javax/management/Descriptor
instanceKlass com/sun/jmx/remote/util/ClassLogger
instanceKlass javax/management/NotificationBroadcasterSupport$1
instanceKlass javax/management/NotificationBroadcasterSupport
instanceKlass javax/management/MBeanInfo
instanceKlass javax/management/MBeanFeatureInfo
instanceKlass javax/management/DescriptorRead
instanceKlass javax/management/MBeanServerDelegate
instanceKlass javax/management/MBeanServerDelegateMBean
instanceKlass javax/management/MBeanRegistration
instanceKlass com/sun/jmx/mbeanserver/JmxMBeanServer
instanceKlass com/sun/jmx/mbeanserver/SunJmxMBeanServer
instanceKlass javax/management/MBeanServer
instanceKlass javax/management/MBeanServerConnection
instanceKlass javax/management/MBeanServerBuilder
instanceKlass javax/management/MBeanServerFactory
instanceKlass net/runelite/client/util/HotkeyListener
instanceKlass com/google/inject/internal/MembersInjectorImpl$1
instanceKlass com/google/inject/internal/SingleMethodInjector$1
instanceKlass com/google/inject/internal/InjectorImpl$MethodInvoker
instanceKlass com/google/inject/internal/SingleMethodInjector
instanceKlass com/google/inject/spi/InjectionPoint$OverrideIndex
instanceKlass qk
instanceKlass al
instanceKlass bz
instanceKlass qt
instanceKlass java/util/concurrent/Semaphore
instanceKlass tf
instanceKlass java/awt/Container$EventTargetFilter
instanceKlass java/beans/Transient
instanceKlass javax/accessibility/AccessibleStateSet
instanceKlass java/awt/image/ImageProducer
instanceKlass java/awt/PointerInfo
instanceKlass java/awt/BufferCapabilities
instanceKlass java/awt/Event
instanceKlass javax/accessibility/AccessibleContext
instanceKlass java/awt/image/BufferStrategy
instanceKlass java/util/UUID$Holder
instanceKlass jdk/internal/vm/annotation/ForceInline
instanceKlass com/google/gson/internal/ConstructorConstructor$12
instanceKlass com/google/gson/internal/UnsafeAllocator
instanceKlass com/google/gson/internal/ConstructorConstructor$14
instanceKlass net/runelite/client/game/ItemEquipmentStats
instanceKlass jdk/internal/access/foreign/MemorySegmentProxy
instanceKlass com/sun/jna/NativeLibrary
instanceKlass com/sun/jna/AltCallingConvention
instanceKlass com/sun/jna/Library$Handler
instanceKlass com/sun/jna/Native$2
instanceKlass com/sun/jna/Structure$FFIType$FFITypes
instanceKlass com/sun/jna/Native$ffi_callback
instanceKlass com/sun/jna/JNIEnv
instanceKlass com/sun/jna/PointerType
instanceKlass com/sun/jna/NativeMapped
instanceKlass com/sun/jna/WString
instanceKlass com/sun/jna/win32/DLLCallback
instanceKlass com/sun/jna/CallbackProxy
instanceKlass com/sun/jna/Callback
instanceKlass com/sun/jna/Structure$ByValue
instanceKlass com/sun/jna/FromNativeConverter
instanceKlass com/sun/jna/ToNativeConverter
instanceKlass com/sun/jna/ToNativeContext
instanceKlass com/sun/jna/Pointer
instanceKlass java/io/DeleteOnExitHook$1
instanceKlass java/io/DeleteOnExitHook
instanceKlass java/io/File$TempDirectory
instanceKlass sun/net/www/protocol/jar/JarFileFactory
instanceKlass sun/net/www/protocol/jar/URLJarFile$URLJarFileCloseController
instanceKlass com/sun/jna/Native$5
instanceKlass com/sun/jna/Platform
instanceKlass com/sun/jna/Native$1
instanceKlass com/sun/jna/FromNativeContext
instanceKlass com/sun/jna/Callback$UncaughtExceptionHandler
instanceKlass com/sun/jna/Native
instanceKlass com/sun/jna/Version
instanceKlass com/google/inject/internal/InjectorImpl$2$1
instanceKlass net/runelite/client/plugins/microbot/externalplugins/MicrobotPluginManager$OutdatedPluginUpdate
instanceKlass net/runelite/client/plugins/microbot/externalplugins/MicrobotPluginManifest
instanceKlass net/runelite/client/plugins/microbot/externalplugins/MicrobotPluginClient
instanceKlass net/runelite/client/plugins/microbot/MicrobotApi
instanceKlass net/runelite/client/SessionClient
instanceKlass net/runelite/client/discord/DiscordPresence
instanceKlass com/sun/jna/Structure
instanceKlass net/runelite/discord/DiscordRPC
instanceKlass com/sun/jna/Library
instanceKlass net/runelite/client/externalplugins/PluginHubManifest$JarData
instanceKlass net/runelite/client/externalplugins/PluginHubManifest$ManifestLite
instanceKlass net/runelite/client/externalplugins/ExternalPluginClient
instanceKlass net/runelite/client/plugins/microbot/externalplugins/MicrobotPluginManager
instanceKlass net/runelite/client/ClientSessionManager
instanceKlass net/runelite/client/discord/DiscordService
instanceKlass net/runelite/client/externalplugins/ExternalPluginManager
instanceKlass java/time/Instant$1
instanceKlass com/google/inject/internal/InternalInjectorCreator$1
instanceKlass com/google/common/collect/Iterators$ConcatenatedIterator
instanceKlass com/google/common/collect/FluentIterable
instanceKlass com/google/common/collect/Iterables
instanceKlass net/runelite/client/plugins/microbot/Script$1
instanceKlass com/google/common/escape/ArrayBasedEscaperMap
instanceKlass com/google/common/escape/Escapers$Builder
instanceKlass com/google/common/escape/Escaper$1
instanceKlass com/google/common/escape/Escapers
instanceKlass java/time/Clock
instanceKlass java/time/InstantSource
instanceKlass com/google/common/base/CharMatcher
instanceKlass com/google/common/base/AbstractIterator
instanceKlass com/google/common/base/Splitter$2
instanceKlass com/google/common/base/Splitter$Strategy
instanceKlass net/runelite/client/ui/overlay/Overlay$1
instanceKlass sun/font/SunFontManager$10
instanceKlass sun/font/SunFontManager$FamilyDescription
instanceKlass net/runelite/client/util/ReflectUtil$PrivateLookupableClassLoader
instanceKlass net/runelite/client/util/ReflectUtil
instanceKlass sun/font/SunFontManager$9
instanceKlass java/io/RandomAccessFile$1
instanceKlass net/runelite/client/plugins/microbot/util/mouse/naturalmouse/NaturalMouse$MouseInfoImpl
instanceKlass net/runelite/client/plugins/microbot/util/mouse/naturalmouse/NaturalMouse$SystemCallsImpl
instanceKlass net/runelite/client/plugins/microbot/util/mouse/naturalmouse/support/DefaultMouseInfoAccessor
instanceKlass net/runelite/client/plugins/microbot/util/mouse/naturalmouse/support/DefaultOvershootManager
instanceKlass net/runelite/client/plugins/microbot/util/mouse/naturalmouse/support/DefaultSpeedManager
instanceKlass net/runelite/client/plugins/microbot/util/mouse/naturalmouse/support/DefaultNoiseProvider
instanceKlass sun/font/SunFontManager$TTorT1Filter
instanceKlass net/runelite/client/plugins/microbot/util/mouse/naturalmouse/support/SinusoidalDeviationProvider
instanceKlass sun/awt/windows/WRobotPeer
instanceKlass java/awt/peer/RobotPeer
instanceKlass java/awt/Robot
instanceKlass net/runelite/client/plugins/microbot/util/mouse/naturalmouse/support/DefaultSystemCalls
instanceKlass net/runelite/client/plugins/microbot/util/mouse/naturalmouse/api/OvershootManager
instanceKlass net/runelite/client/plugins/microbot/util/mouse/naturalmouse/api/SpeedManager
instanceKlass net/runelite/client/plugins/microbot/util/mouse/naturalmouse/api/NoiseProvider
instanceKlass net/runelite/client/plugins/microbot/util/mouse/naturalmouse/api/DeviationProvider
instanceKlass sun/font/SunFontManager$4
instanceKlass net/runelite/client/plugins/microbot/util/mouse/naturalmouse/util/FlowTemplates
instanceKlass net/runelite/client/plugins/microbot/util/mouse/naturalmouse/support/Flow
instanceKlass net/runelite/client/config/FontType
instanceKlass net/runelite/client/config/Keybind
instanceKlass net/runelite/client/util/RunnableExceptionLogger
instanceKlass sun/font/SunFontManager$12
instanceKlass jdk/internal/vm/annotation/IntrinsicCandidate
instanceKlass java/util/function/ToDoubleFunction
instanceKlass com/google/common/collect/SortedSetMultimap
instanceKlass com/google/common/collect/Multimaps
instanceKlass sun/font/SunFontManager$8
instanceKlass sun/font/FileFont$CreatedFontFileDisposerRecord
instanceKlass com/google/common/collect/MultimapBuilder$ArrayListSupplier
instanceKlass java/awt/Font$2
instanceKlass sun/nio/fs/WindowsChannelFactory$2
instanceKlass sun/nio/fs/WindowsPath$1
instanceKlass java/nio/file/TempFileHelper
instanceKlass java/awt/Font$1
instanceKlass com/google/common/collect/MultimapBuilder$MultimapBuilderWithKeys
instanceKlass com/google/common/collect/MultimapBuilder
instanceKlass com/google/common/collect/ImmutableMultimap$Builder
instanceKlass net/runelite/client/ui/FontManager
instanceKlass net/runelite/client/ClassPreloader
instanceKlass net/runelite/client/rs/RSAppletStub
instanceKlass fu
instanceKlass gj
instanceKlass cm
instanceKlass be
instanceKlass bb
instanceKlass ga
instanceKlass wl
instanceKlass zw
instanceKlass pu
instanceKlass dx
instanceKlass by
instanceKlass ps
instanceKlass wi
instanceKlass wy
instanceKlass dr
instanceKlass da
instanceKlass java/lang/StackTraceElement$HashedModules
instanceKlass java/lang/invoke/ClassSpecializer$Factory$1Var
instanceKlass sun/invoke/util/ValueConversions$1
instanceKlass sun/invoke/util/ValueConversions$WrapperCache
instanceKlass java/lang/invoke/MethodHandleImpl$LoopClauses
instanceKlass java/lang/invoke/MethodHandleImpl$CasesHolder
instanceKlass java/lang/invoke/MethodHandleImpl$2
instanceKlass java/lang/invoke/MethodHandleImpl$ArrayAccessor
instanceKlass java/lang/invoke/ConstantBootstraps
instanceKlass th
instanceKlass yp
instanceKlass net/runelite/api/hooks/DrawCallbacks
instanceKlass net/runelite/api/Rasterizer
instanceKlass net/runelite/api/coords/LocalPoint
instanceKlass net/runelite/api/RuneLiteObjectController
instanceKlass net/runelite/api/TileFunction
instanceKlass av
instanceKlass xc
instanceKlass ws
instanceKlass zz
instanceKlass jj
instanceKlass cu
instanceKlass eg
instanceKlass ol
instanceKlass zl
instanceKlass fo
instanceKlass zk
instanceKlass net/runelite/api/clan/ClanRank
instanceKlass rl4
instanceKlass on
instanceKlass rl9
instanceKlass xn
instanceKlass cn
instanceKlass aay
instanceKlass com/jagex/oldscape/pub/OtlTokenRequester
instanceKlass com/jagex/oldscape/pub/RefreshAccessTokenRequester
instanceKlass cd
instanceKlass to
instanceKlass tu
instanceKlass java/awt/datatransfer/Clipboard
instanceKlass lm
instanceKlass bf
instanceKlass rl7
instanceKlass java/lang/Math$RandomNumberGeneratorHolder
instanceKlass sj
instanceKlass st
instanceKlass bx
instanceKlass rc
instanceKlass rd
instanceKlass ki
instanceKlass wn
instanceKlass zp
instanceKlass vc
instanceKlass rl5
instanceKlass net/runelite/api/Ignore
instanceKlass net/runelite/api/Friend
instanceKlass net/runelite/api/ChatPlayer
instanceKlass rk
instanceKlass net/runelite/api/Nameable
instanceKlass bj
instanceKlass net/runelite/api/FontTypeFace
instanceKlass ww
instanceKlass ld
instanceKlass do
instanceKlass bu
instanceKlass cq
instanceKlass kb
instanceKlass wd
instanceKlass rw
instanceKlass fb
instanceKlass rl16
instanceKlass nw
instanceKlass net/runelite/api/DecorativeObject
instanceKlass net/runelite/api/FloatProjection
instanceKlass net/runelite/api/GroundObject
instanceKlass net/runelite/api/WallObject
instanceKlass net/runelite/api/GameObject
instanceKlass sx
instanceKlass net/runelite/api/Perspective
instanceKlass tt
instanceKlass co
instanceKlass cj
instanceKlass mx
instanceKlass iq
instanceKlass fe
instanceKlass fz
instanceKlass xf
instanceKlass ay
instanceKlass fm
instanceKlass ke
instanceKlass li
instanceKlass bl
instanceKlass kt
instanceKlass gl
instanceKlass dk
instanceKlass rv
instanceKlass dy
instanceKlass np
instanceKlass net/runelite/api/IntegerNode
instanceKlass sz
instanceKlass sg
instanceKlass xj
instanceKlass cc
instanceKlass zd
instanceKlass ea
instanceKlass pr
instanceKlass pb
instanceKlass pg
instanceKlass qs
instanceKlass qr
instanceKlass qe
instanceKlass xr
instanceKlass net/runelite/api/IndexedObjectSet
instanceKlass nv
instanceKlass iv
instanceKlass net/runelite/api/ColorTextureOverride
instanceKlass lx
instanceKlass net/runelite/api/PlayerComposition
instanceKlass nm
instanceKlass net/runelite/api/SceneTileModel
instanceKlass fs
instanceKlass net/runelite/api/IntProjection
instanceKlass net/runelite/api/Projection
instanceKlass bw
instanceKlass net/runelite/api/ChatLineBuffer
instanceKlass gf
instanceKlass cp
instanceKlass sb
instanceKlass yg
instanceKlass lk
instanceKlass nu
instanceKlass dw
instanceKlass tg
instanceKlass net/runelite/api/Script
instanceKlass net/runelite/api/dbtable/DBRowConfig
instanceKlass net/runelite/api/VarbitComposition
instanceKlass net/runelite/api/NPCComposition
instanceKlass net/runelite/api/Menu
instanceKlass net/runelite/api/Animation
instanceKlass net/runelite/api/HashTable
instanceKlass net/runelite/api/FriendContainer
instanceKlass net/runelite/api/Preferences
instanceKlass net/runelite/api/TextureProvider
instanceKlass net/runelite/api/RenderOverview
instanceKlass net/runelite/api/clan/ClanSettings
instanceKlass net/runelite/api/SceneTilePaint
instanceKlass net/runelite/api/Deque
instanceKlass net/runelite/api/FriendsChatManager
instanceKlass net/runelite/api/ObjectComposition
instanceKlass net/runelite/api/ScriptEventBuilder
instanceKlass net/runelite/api/worldmap/MapElementConfig
instanceKlass net/runelite/api/NodeCache
instanceKlass net/runelite/api/worldmap/WorldMap
instanceKlass net/runelite/api/IterableHashTable
instanceKlass net/runelite/api/GrandExchangeOffer
instanceKlass net/runelite/api/ModelData
instanceKlass ry
instanceKlass net/runelite/api/NameableContainer
instanceKlass qa
instanceKlass ae
instanceKlass vx
instanceKlass ph
instanceKlass jh
instanceKlass jk
instanceKlass jm
instanceKlass gq
instanceKlass gs
instanceKlass net/runelite/api/clan/ClanChannel
instanceKlass net/runelite/api/Model
instanceKlass net/runelite/api/Mesh
instanceKlass net/runelite/api/DynamicObject
instanceKlass net/runelite/api/AmbientSoundEffect
instanceKlass ff
instanceKlass net/runelite/api/TileItem
instanceKlass net/runelite/api/ItemContainer
instanceKlass net/runelite/api/IndexedSprite
instanceKlass net/runelite/api/SpritePixels
instanceKlass net/runelite/api/Projectile
instanceKlass net/runelite/api/NPC
instanceKlass net/runelite/api/Player
instanceKlass xw
instanceKlass tm
instanceKlass tx
instanceKlass aaj
instanceKlass net/runelite/api/widgets/WidgetConfigNode
instanceKlass vh
instanceKlass uo
instanceKlass sp
instanceKlass di
instanceKlass rt
instanceKlass vv
instanceKlass xh
instanceKlass uf
instanceKlass net/runelite/api/IndexDataBase
instanceKlass gp
instanceKlass ll
instanceKlass net/runelite/api/GraphicsObject
instanceKlass net/runelite/api/PacketBuffer
instanceKlass net/runelite/api/ActorSpotAnim
instanceKlass vg
instanceKlass am
instanceKlass mf
instanceKlass yq
instanceKlass la
instanceKlass rl0
instanceKlass mz
instanceKlass qd
instanceKlass okhttp3/internal/cache/CacheInterceptor$1
instanceKlass okhttp3/Cache$CacheRequestImpl
instanceKlass java/security/spec/ECPublicKeySpec
instanceKlass sun/security/ssl/ECDHKeyExchange$ECDHECredentials
instanceKlass com/google/inject/internal/CircularDependencyProxy
instanceKlass com/google/inject/internal/ProviderToInternalFactoryAdapter$1
instanceKlass com/google/common/collect/TransformedIterator
instanceKlass com/google/common/collect/AbstractMapBasedMultimap$AsMap$AsMapIterator
instanceKlass com/google/inject/internal/InternalContext$DependencyStack
instanceKlass com/google/inject/internal/InternalContext
instanceKlass com/google/inject/internal/InjectionRequestProcessor$StaticInjection$1
instanceKlass java/util/concurrent/CountDownLatch
instanceKlass net/runelite/client/plugins/microbot/api/actor/Rs2ActorModel
instanceKlass net/runelite/api/Actor
instanceKlass net/runelite/client/plugins/microbot/api/boat/models/Rs2BoatModel
instanceKlass net/runelite/client/plugins/microbot/api/IEntity
instanceKlass net/runelite/api/WorldEntity
instanceKlass net/runelite/api/CameraFocusableEntity
instanceKlass net/runelite/client/plugins/microbot/api/AbstractEntityQueryable
instanceKlass net/runelite/client/plugins/microbot/api/IEntityQueryable
instanceKlass net/runelite/api/events/VarbitChanged
instanceKlass net/runelite/api/events/ChatMessage
instanceKlass net/runelite/api/events/MenuOptionClicked
instanceKlass net/runelite/http/api/worlds/WorldResult
instanceKlass net/runelite/client/game/WorldClient
instanceKlass net/runelite/client/game/NpcInfo
instanceKlass net/runelite/client/game/NpcInfoClient
instanceKlass net/runelite/client/game/SpriteOverride
instanceKlass net/runelite/client/plugins/microbot/util/mouse/naturalmouse/api/MouseMotionFactory
instanceKlass net/runelite/client/plugins/microbot/util/mouse/naturalmouse/api/MouseInfoAccessor
instanceKlass net/runelite/client/plugins/microbot/util/mouse/naturalmouse/api/SystemCalls
instanceKlass net/runelite/client/plugins/microbot/util/mouse/naturalmouse/support/MouseMotionNature
instanceKlass net/runelite/api/EnumComposition
instanceKlass net/runelite/client/plugins/microbot/util/menu/NewMenuEntry
instanceKlass net/runelite/api/WidgetNode
instanceKlass net/runelite/client/plugins/loottracker/LootTrackerRecord
instanceKlass net/runelite/api/events/ItemContainerChanged
instanceKlass net/runelite/api/StructComposition
instanceKlass net/runelite/client/plugins/microbot/util/GameTickBroadcaster
instanceKlass net/runelite/client/plugins/microbot/api/boat/Rs2BoatCache
instanceKlass net/runelite/client/plugins/microbot/api/tileobject/Rs2TileObjectCache
instanceKlass net/runelite/client/plugins/microbot/api/tileitem/Rs2TileItemCache
instanceKlass net/runelite/client/plugins/microbot/api/player/Rs2PlayerCache
instanceKlass net/runelite/client/plugins/microbot/api/npc/Rs2NpcCache
instanceKlass net/runelite/client/plugins/microbot/api/playerstate/Rs2PlayerStateCache
instanceKlass net/runelite/client/plugins/microbot/util/Global
instanceKlass net/runelite/client/plugins/microbot/IScript
instanceKlass net/runelite/api/World
instanceKlass net/runelite/client/game/WorldService
instanceKlass net/runelite/client/game/NPCManager
instanceKlass net/runelite/client/game/SpriteManager
instanceKlass net/runelite/client/plugins/microbot/util/mouse/naturalmouse/NaturalMouse
instanceKlass net/runelite/client/externalplugins/PluginHubManifest$DisplayData
instanceKlass net/runelite/client/callback/Hooks$RenderableDrawListener
instanceKlass net/runelite/api/MainBufferProvider
instanceKlass net/runelite/api/BufferProvider
instanceKlass net/runelite/api/events/GameTick
instanceKlass net/runelite/api/TileObject
instanceKlass net/runelite/api/Scene
instanceKlass net/runelite/api/Renderable
instanceKlass java/lang/Process
instanceKlass net/runelite/client/config/Notification
instanceKlass com/google/common/escape/Escaper
instanceKlass javax/sound/sampled/Clip
instanceKlass javax/sound/sampled/DataLine
instanceKlass javax/sound/sampled/Control$Type
instanceKlass javax/sound/sampled/Line
instanceKlass net/runelite/client/audio/AudioPlayer
instanceKlass net/runelite/client/events/InfoBoxMenuClicked
instanceKlass net/runelite/client/ui/overlay/infobox/InfoBox
instanceKlass net/runelite/api/events/PostMenuSort
instanceKlass net/runelite/api/events/CommandExecuted
instanceKlass net/runelite/api/events/MenuOpened
instanceKlass net/runelite/api/events/BeforeRender
instanceKlass net/runelite/client/ui/ClientUI$HistoryEntry
instanceKlass net/runelite/client/ui/NavigationButton
instanceKlass net/runelite/api/events/FocusChanged
instanceKlass net/runelite/client/input/MouseWheelListener
instanceKlass net/runelite/api/widgets/Widget
instanceKlass net/runelite/client/ui/overlay/WidgetOverlays
instanceKlass okhttp3/internal/http1/Http1ExchangeCodec$AbstractSource
instanceKlass net/runelite/api/coords/WorldPoint
instanceKlass net/runelite/api/ScriptEvent
instanceKlass com/google/common/base/Splitter
instanceKlass net/runelite/client/ui/overlay/worldmap/WorldMapPoint
instanceKlass net/runelite/client/ui/overlay/worldmap/WorldMapPointManager
instanceKlass net/runelite/client/ui/overlay/OverlayMenuEntry
instanceKlass net/runelite/client/ui/overlay/tooltip/Tooltip
instanceKlass net/runelite/client/ui/overlay/tooltip/TooltipManager
instanceKlass net/runelite/client/ui/overlay/SnapCorner
instanceKlass net/runelite/client/ui/overlay/Overlay
instanceKlass net/runelite/client/ui/overlay/components/LayoutableRenderableEntity
instanceKlass net/runelite/client/ui/overlay/RenderableEntity
instanceKlass net/runelite/client/ui/overlay/SnapCorners
instanceKlass net/runelite/client/ui/overlay/OverlayManager
instanceKlass net/runelite/client/input/KeyListener
instanceKlass net/runelite/client/callback/RenderCallbackManager
instanceKlass net/runelite/client/Notifier
instanceKlass net/runelite/client/ui/DrawManager
instanceKlass net/runelite/client/input/KeyManager
instanceKlass net/runelite/client/input/MouseManager
instanceKlass net/runelite/client/ui/overlay/infobox/InfoBoxManager
instanceKlass net/runelite/client/input/MouseAdapter
instanceKlass net/runelite/client/callback/RenderCallback
instanceKlass com/google/inject/internal/InjectionRequestProcessor$StaticInjection
instanceKlass com/sun/net/httpserver/HttpExchange
instanceKlass com/sun/net/httpserver/HttpServer
instanceKlass net/runelite/client/account/AccountSession
instanceKlass net/runelite/http/api/account/OAuthResponse
instanceKlass net/runelite/client/plugins/PluginDependency
instanceKlass com/google/common/graph/MutableGraph
instanceKlass net/runelite/client/plugins/Plugin
instanceKlass com/google/inject/internal/InjectorImpl$ProviderBindingImpl$1
instanceKlass com/google/inject/internal/InjectorImpl$2
instanceKlass net/runelite/api/Tile
instanceKlass net/runelite/api/WorldView
instanceKlass net/runelite/client/task/ScheduledMethod
instanceKlass com/google/inject/Key$AnnotationTypeStrategy
instanceKlass net/runelite/http/api/item/ItemStats
instanceKlass net/runelite/client/game/ItemStats
instanceKlass net/runelite/api/ItemComposition
instanceKlass net/runelite/api/ParamHolder
instanceKlass net/runelite/http/api/item/ItemPrice
instanceKlass net/runelite/api/events/ScriptCallbackEvent
instanceKlass net/runelite/client/chat/ChatColor
instanceKlass net/runelite/client/events/ProfileChanged
instanceKlass net/runelite/api/MessageNode
instanceKlass net/runelite/api/Node
instanceKlass net/runelite/client/chat/QueuedMessage
instanceKlass net/runelite/client/events/ConfigChanged
instanceKlass java/util/function/BooleanSupplier
instanceKlass net/runelite/api/events/MenuEntryAdded
instanceKlass net/runelite/api/events/PlayerMenuOptionsChanged
instanceKlass net/runelite/client/menus/WidgetMenuOption
instanceKlass net/runelite/api/events/GameStateChanged
instanceKlass com/google/inject/internal/SingleFieldInjector
instanceKlass net/runelite/client/eventbus/Subscribe
instanceKlass net/runelite/api/events/WorldChanged
instanceKlass net/runelite/api/events/PlayerChanged
instanceKlass net/runelite/client/events/ClientShutdown
instanceKlass net/runelite/client/events/SessionOpen
instanceKlass net/runelite/client/events/SessionClose
instanceKlass net/runelite/http/api/config/Profile
instanceKlass net/runelite/client/config/ConfigSectionDescriptor
instanceKlass net/runelite/client/config/ConfigItemDescriptor
instanceKlass net/runelite/client/config/ConfigObject
instanceKlass net/runelite/client/plugins/microbot/inventorysetups/InventorySetup
instanceKlass net/runelite/client/plugins/microbot/inventorysetups/InventorySetupsDisplayAttributes
instanceKlass net/runelite/api/events/AccountHashChanged
instanceKlass net/runelite/client/config/ConfigDescriptor
instanceKlass net/runelite/client/events/RuneScapeProfileChanged
instanceKlass net/runelite/client/config/RuneScapeProfile
instanceKlass net/runelite/client/plugins/microbot/inventorysetups/ConfigInventorySetupDataManager
instanceKlass net/runelite/client/config/ConfigData
instanceKlass net/runelite/client/config/ConfigInvocationHandler
instanceKlass net/runelite/client/config/ConfigProfile
instanceKlass net/runelite/client/config/ProfileManager$Lock
instanceKlass com/google/inject/internal/DefaultConstructionProxyFactory$ReflectiveProxy
instanceKlass com/google/inject/internal/ConstructorInjector
instanceKlass com/google/inject/internal/ConstructionProxy
instanceKlass com/google/inject/internal/DefaultConstructionProxyFactory
instanceKlass com/google/inject/internal/MembersInjectorImpl
instanceKlass com/google/inject/internal/EncounterImpl
instanceKlass net/runelite/http/api/config/ConfigPatch
instanceKlass net/runelite/http/api/config/Configuration
instanceKlass net/runelite/client/config/ProfileManager
instanceKlass net/runelite/client/config/ConfigClient
instanceKlass com/google/inject/internal/SingleParameterInjector
instanceKlass net/runelite/client/account/AccountClient
instanceKlass com/google/inject/util/Types
instanceKlass net/runelite/client/util/GameEventManager
instanceKlass sun/reflect/generics/tree/BooleanSignature
instanceKlass com/google/common/graph/Graph
instanceKlass com/google/common/graph/BaseGraph
instanceKlass com/google/common/graph/PredecessorsFunction
instanceKlass com/google/common/graph/SuccessorsFunction
instanceKlass net/runelite/client/game/ItemClient
instanceKlass net/runelite/client/callback/ClientThread
instanceKlass com/google/inject/internal/ConstructorBindingImpl$Factory
instanceKlass com/google/inject/ProvidedBy
instanceKlass com/google/inject/ImplementedBy
instanceKlass net/runelite/client/config/ConfigGroup
instanceKlass com/google/inject/internal/AbstractBindingProcessor$Processor$1
instanceKlass com/google/inject/internal/ProviderMethod$Factory
instanceKlass com/google/inject/spi/ProvidesMethodTargetVisitor
instanceKlass com/google/inject/internal/FactoryProxy
instanceKlass com/google/inject/internal/ProvisionListenerStackCallback$ProvisionCallback
instanceKlass com/google/inject/internal/ProviderInternalFactory
instanceKlass com/google/inject/internal/InternalFactoryToProviderAdapter
instanceKlass com/google/inject/internal/CycleDetectingLock$CycleDetectingLockFactory$ReentrantCycleDetectingLock
instanceKlass com/google/inject/internal/ConstructionContext
instanceKlass com/google/inject/internal/SingletonScope$1
instanceKlass com/google/inject/internal/ProviderToInternalFactoryAdapter
instanceKlass com/google/inject/internal/ProvisionListenerStackCallback
instanceKlass com/google/common/cache/LocalCache$AbstractReferenceEntry
instanceKlass com/google/inject/internal/ProvisionListenerCallbackStore$KeyBinding
instanceKlass com/google/inject/internal/util/Classes
instanceKlass com/google/inject/spi/ExposedBinding
instanceKlass com/google/inject/internal/CreationListener
instanceKlass com/google/inject/internal/InjectorShell$LoggerFactory
instanceKlass com/google/inject/internal/InjectorShell$InjectorFactory
instanceKlass com/google/inject/internal/Initializables$1
instanceKlass com/google/inject/internal/Initializables
instanceKlass com/google/inject/internal/ConstantFactory
instanceKlass com/google/inject/internal/InjectorShell
instanceKlass com/google/inject/internal/ProvisionListenerCallbackStore
instanceKlass com/google/inject/internal/SingleMemberInjector
instanceKlass com/google/inject/spi/TypeEncounter
instanceKlass com/google/inject/internal/MembersInjectorStore
instanceKlass com/google/inject/internal/TypeConverterBindingProcessor$4
instanceKlass com/google/inject/internal/TypeConverterBindingProcessor$2
instanceKlass com/google/inject/internal/TypeConverterBindingProcessor$1
instanceKlass com/google/inject/spi/TypeConverterBinding
instanceKlass com/google/inject/matcher/AbstractMatcher
instanceKlass com/google/inject/matcher/Matchers
instanceKlass com/google/inject/internal/TypeConverterBindingProcessor$5
instanceKlass com/google/inject/internal/ConstructionProxyFactory
instanceKlass com/google/inject/internal/FailableCache
instanceKlass com/google/inject/internal/ConstructorInjectorStore
instanceKlass com/google/inject/internal/DeferredLookups
instanceKlass com/google/inject/internal/InjectorImpl$BindingsMultimap
instanceKlass com/google/inject/spi/ProviderBinding
instanceKlass com/google/inject/spi/ConvertedConstantBinding
instanceKlass com/google/inject/internal/InjectorImpl$InjectorOptions
instanceKlass com/google/inject/internal/InjectorImpl
instanceKlass com/google/inject/internal/Lookups
instanceKlass com/google/common/collect/AbstractMapBasedMultimap$WrappedCollection$WrappedIterator
instanceKlass com/google/inject/internal/MoreTypes$WildcardTypeImpl
instanceKlass com/google/inject/internal/MoreTypes$ParameterizedTypeImpl
instanceKlass com/google/inject/internal/MoreTypes$GenericArrayTypeImpl
instanceKlass com/google/inject/internal/MoreTypes$CompositeType
instanceKlass sun/reflect/generics/reflectiveObjects/GenericArrayTypeImpl
instanceKlass sun/reflect/generics/tree/MethodTypeSignature
instanceKlass sun/reflect/generics/tree/VoidDescriptor
instanceKlass sun/reflect/generics/tree/ArrayTypeSignature
instanceKlass com/google/inject/spi/TypeConverter
instanceKlass com/google/inject/spi/TypeListener
instanceKlass com/google/inject/spi/ProvisionListener
instanceKlass com/google/inject/matcher/Matcher
instanceKlass com/google/inject/spi/Message
instanceKlass com/google/inject/MembersInjector
instanceKlass com/google/common/base/ExtraObjectsMethodsForWeb
instanceKlass com/google/inject/spi/ProviderLookup$1
instanceKlass com/google/inject/spi/ProviderWithDependencies
instanceKlass com/google/inject/spi/ProviderLookup
instanceKlass com/google/inject/spi/Dependency
instanceKlass com/google/inject/internal/Nullability
instanceKlass com/google/inject/Exposed
instanceKlass com/google/inject/internal/ProviderMethod
instanceKlass com/google/inject/spi/ProvidesMethodBinding
instanceKlass com/google/inject/spi/ProviderWithExtensionVisitor
instanceKlass net/runelite/client/TelemetryClient
instanceKlass net/runelite/api/Client
instanceKlass net/runelite/api/GameEngine
instanceKlass com/jagex/oldscape/pub/OAuthApi
instanceKlass net/runelite/client/config/RuneLiteConfig
instanceKlass net/runelite/client/config/ChatColorConfig
instanceKlass net/runelite/client/config/Config
instanceKlass net/runelite/client/config/ConfigManager
instanceKlass com/google/inject/spi/StaticInjectionRequest
instanceKlass net/runelite/client/eventbus/EventBus$Subscriber
instanceKlass javax/annotation/meta/TypeQualifier
instanceKlass com/google/common/collect/ListMultimap
instanceKlass okhttp3/internal/http1/Http1ExchangeCodec
instanceKlass net/runelite/client/eventbus/EventBus
instanceKlass net/runelite/client/callback/Hooks
instanceKlass net/runelite/api/hooks/Callbacks
instanceKlass net/runelite/client/account/SessionManager
instanceKlass net/runelite/client/plugins/PluginManager
instanceKlass net/runelite/client/task/Scheduler
instanceKlass net/runelite/client/game/ItemManager
instanceKlass net/runelite/client/chat/ChatMessageManager
instanceKlass net/runelite/client/menus/MenuManager
instanceKlass net/runelite/client/RuntimeConfigRefresher
instanceKlass okhttp3/WebSocketListener
instanceKlass javax/annotation/Nonnull
instanceKlass javax/annotation/Nullable
instanceKlass net/runelite/client/util/ExecutorServiceExceptionLogger
instanceKlass java/lang/Deprecated
instanceKlass java/io/FileFilter
instanceKlass com/google/inject/Inject
instanceKlass javax/inject/Inject
instanceKlass com/google/inject/spi/InjectionPoint$InjectableMembers
instanceKlass com/google/inject/spi/InjectionPoint$InjectableMember
instanceKlass com/google/inject/spi/InjectionPoint
instanceKlass com/google/inject/spi/ConstructorBinding
instanceKlass com/google/inject/spi/ProviderInstanceBinding
instanceKlass com/google/inject/internal/DelayedInitialize
instanceKlass com/google/inject/spi/ProviderKeyBinding
instanceKlass com/google/inject/spi/LinkedKeyBinding
instanceKlass com/google/inject/util/Providers$ConstantProvider
instanceKlass com/google/inject/util/Providers
instanceKlass javax/inject/Named
instanceKlass com/google/inject/Key$AnnotationInstanceStrategy
instanceKlass com/google/common/cache/LocalCache$StrongValueReference
instanceKlass com/google/common/util/concurrent/AbstractFuture$Failure
instanceKlass com/google/common/util/concurrent/AbstractFuture$Cancellation
instanceKlass com/google/common/util/concurrent/AbstractFuture$SetFuture
instanceKlass com/google/common/util/concurrent/Uninterruptibles
instanceKlass com/google/common/base/Stopwatch
instanceKlass com/google/common/util/concurrent/AbstractFuture$Waiter
instanceKlass com/google/common/util/concurrent/AbstractFuture$Listener
instanceKlass com/google/common/util/concurrent/AbstractFuture$UnsafeAtomicHelper$1
instanceKlass com/google/common/util/concurrent/AbstractFuture$AtomicHelper
instanceKlass com/google/common/util/concurrent/GwtFluentFutureCatchingSpecialization
instanceKlass com/google/common/util/concurrent/ListenableFuture
instanceKlass com/google/common/cache/LocalCache$LoadingValueReference
instanceKlass java/lang/annotation/Documented
instanceKlass java/lang/annotation/Inherited
instanceKlass java/lang/annotation/Target
instanceKlass java/lang/reflect/Proxy$ProxyBuilder$1
instanceKlass jdk/internal/org/objectweb/asm/Edge
instanceKlass java/lang/reflect/ProxyGenerator$PrimitiveTypeInfo
instanceKlass java/lang/reflect/ProxyGenerator$ProxyMethod
instanceKlass java/lang/module/ModuleDescriptor$Builder
instanceKlass java/lang/reflect/Proxy$ProxyBuilder
instanceKlass java/lang/ClassValue$Version
instanceKlass java/lang/ClassValue$Identity
instanceKlass java/lang/ClassValue
instanceKlass java/lang/reflect/Proxy
instanceKlass sun/reflect/annotation/AnnotationInvocationHandler
instanceKlass sun/reflect/annotation/AnnotationParser$1
instanceKlass sun/reflect/annotation/ExceptionProxy
instanceKlass sun/reflect/annotation/AnnotationType$1
instanceKlass sun/reflect/annotation/AnnotationType
instanceKlass java/lang/annotation/Retention
instanceKlass javax/inject/Qualifier
instanceKlass com/google/inject/BindingAnnotation
instanceKlass javax/inject/Scope
instanceKlass com/google/inject/ScopeAnnotation
instanceKlass com/google/inject/internal/Annotations$AnnotationChecker
instanceKlass com/google/inject/internal/Annotations$3
instanceKlass com/google/common/base/Joiner$MapJoiner
instanceKlass com/google/common/base/Joiner
instanceKlass java/lang/reflect/InvocationHandler
instanceKlass com/google/inject/internal/Annotations
instanceKlass com/google/inject/name/NamedImpl
instanceKlass com/google/inject/name/Named
instanceKlass com/google/inject/name/Names
instanceKlass com/google/inject/internal/Scoping
instanceKlass com/google/inject/internal/InternalFactory
instanceKlass com/google/inject/Key$AnnotationStrategy
instanceKlass com/google/inject/spi/InstanceBinding
instanceKlass com/google/inject/spi/HasDependencies
instanceKlass com/google/inject/spi/UntargettedBinding
instanceKlass com/google/inject/internal/BindingImpl
instanceKlass com/google/gson/internal/$Gson$Types$GenericArrayTypeImpl
instanceKlass com/google/gson/internal/ConstructorConstructor$6
instanceKlass sun/reflect/generics/tree/TypeVariableSignature
instanceKlass com/google/gson/internal/ConstructorConstructor$13
instanceKlass com/google/gson/internal/Primitives
instanceKlass com/google/gson/internal/$Gson$Types$WildcardTypeImpl
instanceKlass com/google/gson/internal/$Gson$Types$ParameterizedTypeImpl
instanceKlass com/google/gson/annotations/SerializedName
instanceKlass sun/reflect/generics/tree/ClassSignature
instanceKlass sun/reflect/generics/tree/Signature
instanceKlass sun/reflect/generics/tree/FormalTypeParameter
instanceKlass sun/reflect/generics/reflectiveObjects/ParameterizedTypeImpl
instanceKlass sun/reflect/generics/reflectiveObjects/LazyReflectiveObjectGenerator
instanceKlass sun/reflect/generics/visitor/Reifier
instanceKlass sun/reflect/generics/visitor/TypeTreeVisitor
instanceKlass sun/reflect/generics/tree/Wildcard
instanceKlass sun/reflect/generics/tree/BottomSignature
instanceKlass sun/reflect/generics/tree/ClassTypeSignature
instanceKlass sun/reflect/generics/tree/SimpleClassTypeSignature
instanceKlass sun/reflect/generics/tree/FieldTypeSignature
instanceKlass sun/reflect/generics/tree/TypeArgument
instanceKlass sun/reflect/generics/tree/BaseType
instanceKlass sun/reflect/generics/tree/TypeSignature
instanceKlass sun/reflect/generics/tree/ReturnType
instanceKlass sun/reflect/generics/tree/TypeTree
instanceKlass sun/reflect/generics/tree/Tree
instanceKlass sun/reflect/generics/parser/SignatureParser
instanceKlass sun/reflect/generics/repository/AbstractRepository
instanceKlass sun/reflect/generics/factory/CoreReflectionFactory
instanceKlass sun/reflect/generics/factory/GenericsFactory
instanceKlass sun/reflect/generics/scope/AbstractScope
instanceKlass sun/reflect/generics/scope/Scope
instanceKlass com/google/gson/FieldAttributes
instanceKlass com/google/gson/internal/ConstructorConstructor$3
instanceKlass com/google/gson/annotations/JsonAdapter
instanceKlass com/google/gson/internal/JsonReaderInternalAccess
instanceKlass net/runelite/client/RuntimeConfig
instanceKlass okio/InflaterSource
instanceKlass okio/GzipSource
instanceKlass okhttp3/internal/http2/Huffman$Node
instanceKlass okhttp3/internal/http2/Huffman
instanceKlass okhttp3/internal/http2/Hpack
instanceKlass okhttp3/internal/http2/Http2Stream$FramingSink
instanceKlass okhttp3/internal/http2/Http2Stream$FramingSource
instanceKlass okhttp3/internal/http2/Http2Stream
instanceKlass okhttp3/internal/http/RequestLine
instanceKlass okhttp3/internal/connection/Exchange
instanceKlass okhttp3/internal/http2/Http2ExchangeCodec
instanceKlass okhttp3/internal/http2/Hpack$Reader
instanceKlass okhttp3/internal/http2/Http2Reader$ContinuationSource
instanceKlass okhttp3/internal/http2/Http2Reader
instanceKlass okhttp3/internal/http2/Http2Reader$Handler
instanceKlass okhttp3/internal/http2/Header
instanceKlass okhttp3/internal/http2/Hpack$Writer
instanceKlass okhttp3/internal/http2/Http2
instanceKlass okhttp3/internal/http2/Http2Writer
instanceKlass okhttp3/internal/http2/Settings
instanceKlass sun/security/internal/spec/TlsPrfParameterSpec
instanceKlass sun/security/internal/spec/TlsKeyMaterialSpec
instanceKlass sun/security/internal/spec/TlsKeyMaterialParameterSpec
instanceKlass okhttp3/internal/http2/Http2Connection
instanceKlass sun/security/ssl/SSLTrafficKeyDerivation$LegacyTrafficKeyDerivation
instanceKlass com/sun/crypto/provider/TlsMasterSecretGenerator$TlsMasterSecretKey
instanceKlass sun/security/internal/interfaces/TlsMasterSecret
instanceKlass okhttp3/internal/http2/PushObserver$1
instanceKlass sun/security/internal/spec/TlsMasterSecretParameterSpec
instanceKlass sun/security/ssl/SSLMasterKeyDerivation$LegacyMasterKeyDerivation
instanceKlass okhttp3/internal/http2/PushObserver
instanceKlass sun/security/ssl/SSLMasterKeyDerivation$1
instanceKlass okhttp3/internal/http2/Http2Connection$Builder
instanceKlass sun/security/ssl/ECDHKeyExchange$1
instanceKlass sun/security/ssl/ECDHClientKeyExchange$ECDHEClientKeyExchangeProducer
instanceKlass com/sun/crypto/provider/GaloisCounterMode$GCTRGHASH
instanceKlass sun/security/ssl/ECDHClientKeyExchange$ECDHEClientKeyExchangeConsumer
instanceKlass sun/security/ssl/ECDHClientKeyExchange$ECDHClientKeyExchangeProducer
instanceKlass sun/security/ssl/ECDHClientKeyExchange$ECDHClientKeyExchangeConsumer
instanceKlass sun/security/ssl/ECDHClientKeyExchange
instanceKlass sun/security/rsa/MGF1
instanceKlass sun/security/ssl/ECDHServerKeyExchange$ECDHServerKeyExchangeProducer
instanceKlass sun/security/ssl/ECDHServerKeyExchange$ECDHServerKeyExchangeConsumer
instanceKlass sun/security/ssl/SSLBasicKeyDerivation$SecretSizeSpec
instanceKlass sun/security/ssl/ECDHServerKeyExchange
instanceKlass sun/security/ssl/SSLBasicKeyDerivation
instanceKlass sun/security/ssl/Finished$1
instanceKlass sun/security/ssl/Finished$T13VerifyDataGenerator
instanceKlass sun/security/ssl/Finished$T12VerifyDataGenerator
instanceKlass sun/security/ssl/Finished$T10VerifyDataGenerator
instanceKlass sun/security/ssl/Finished$S30VerifyDataGenerator
instanceKlass sun/security/ssl/Finished$VerifyDataGenerator
instanceKlass sun/security/rsa/RSAPadding
instanceKlass sun/security/ssl/X509Authentication$X509Credentials
instanceKlass sun/security/rsa/RSACore
instanceKlass java/security/interfaces/RSAPrivateCrtKey
instanceKlass sun/security/ssl/SSLAlgorithmConstraints$SupportedSignatureAlgorithmConstraints
instanceKlass java/security/interfaces/RSAPrivateKey
instanceKlass sun/security/validator/CamerfirmaTLSPolicy
instanceKlass sun/security/validator/EntrustTLSPolicy
instanceKlass sun/security/validator/SymantecTLSPolicy
instanceKlass java/util/RegularEnumSet$EnumSetIterator
instanceKlass sun/security/validator/CADistrustPolicy$4
instanceKlass java/security/cert/PKIXCertPathValidatorResult
instanceKlass java/security/cert/CertPathValidatorResult
instanceKlass sun/security/ssl/SSLAuthentication
instanceKlass sun/security/ssl/SSLKeyExchange$SSLKeyExECDHERSAOrPSS
instanceKlass sun/security/ssl/SSLKeyExchange$1
instanceKlass sun/security/ssl/SessionTicketExtension$SessionTicketSpec
instanceKlass sun/security/ssl/HandshakeHash$T12HandshakeHash
instanceKlass sun/security/util/ByteArrays
instanceKlass sun/security/ec/ECDSAOperations
instanceKlass sun/security/util/SignatureUtil
instanceKlass java/security/interfaces/DSAPublicKey
instanceKlass java/security/interfaces/DSAKey
instanceKlass sun/security/provider/certpath/CertPathConstraintsParameters
instanceKlass sun/security/util/ConstraintsParameters
instanceKlass sun/security/provider/certpath/PKIXMasterCertPathValidator
instanceKlass sun/security/provider/certpath/PolicyNodeImpl
instanceKlass java/security/cert/PolicyNode
instanceKlass sun/security/util/DisabledAlgorithmConstraints$CertPathHolder
instanceKlass sun/security/util/UntrustedCertificates$1
instanceKlass sun/security/util/UntrustedCertificates
instanceKlass java/security/cert/PKIXCertPathChecker
instanceKlass java/security/cert/CertPathChecker
instanceKlass java/security/cert/X509CertSelector
instanceKlass java/security/cert/CertSelector
instanceKlass sun/security/provider/certpath/PKIX$ValidatorParams
instanceKlass sun/security/provider/certpath/PKIX
instanceKlass java/security/cert/CertPath
instanceKlass java/security/cert/CertPathValidatorSpi
instanceKlass java/security/cert/CertPathValidator
instanceKlass java/security/Timestamp
instanceKlass java/security/cert/PKIXParameters
instanceKlass java/security/cert/CertPathParameters
instanceKlass sun/security/provider/certpath/CertPathHelper
instanceKlass java/security/cert/TrustAnchor
instanceKlass sun/security/validator/EndEntityChecker
instanceKlass sun/security/validator/Validator
instanceKlass javax/net/ssl/SSLEngine
instanceKlass sun/security/ssl/CertificateMessage$CertificateEntry
instanceKlass sun/security/ssl/ServerNameExtension$SHServerNamesSpec
instanceKlass com/sun/crypto/provider/GHASH
instanceKlass com/sun/crypto/provider/GCM
instanceKlass com/sun/crypto/provider/GaloisCounterMode$GCMEngine
instanceKlass javax/crypto/spec/GCMParameterSpec
instanceKlass sun/security/ssl/ChangeCipherSpec$T13ChangeCipherSpecConsumer
instanceKlass sun/security/ssl/ChangeCipherSpec$T10ChangeCipherSpecProducer
instanceKlass sun/security/ssl/ChangeCipherSpec$T10ChangeCipherSpecConsumer
instanceKlass sun/security/ssl/ChangeCipherSpec
instanceKlass javax/crypto/spec/IvParameterSpec
instanceKlass sun/security/ssl/SSLTrafficKeyDerivation$T13TrafficKeyDerivation
instanceKlass sun/security/ssl/SSLTrafficKeyDerivation$1
instanceKlass sun/security/ssl/SSLTrafficKeyDerivation$T13TrafficKeyDerivationGenerator
instanceKlass sun/security/ssl/SSLTrafficKeyDerivation$T12TrafficKeyDerivationGenerator
instanceKlass sun/security/ssl/SSLTrafficKeyDerivation$T10TrafficKeyDerivationGenerator
instanceKlass sun/security/ssl/SSLTrafficKeyDerivation$S30TrafficKeyDerivationGenerator
instanceKlass sun/security/ssl/SSLKeyDerivationGenerator
instanceKlass sun/security/ssl/SSLSecretDerivation
instanceKlass javax/crypto/MacSpi
instanceKlass javax/crypto/Mac
instanceKlass sun/security/ssl/HKDF
instanceKlass javax/crypto/spec/SecretKeySpec$1
instanceKlass jdk/internal/access/JavaxCryptoSpecAccess
instanceKlass javax/crypto/spec/SecretKeySpec
instanceKlass javax/crypto/SecretKey
instanceKlass javax/crypto/KeyAgreementSpi
instanceKlass sun/security/ssl/KAKeyDerivation
instanceKlass sun/security/ssl/XDHKeyExchange$XDHEKAGenerator
instanceKlass sun/security/ssl/XDHKeyExchange
instanceKlass java/security/spec/XECPublicKeySpec
instanceKlass sun/security/ssl/XDHKeyExchange$XDHECredentials
instanceKlass sun/security/ssl/NamedGroupCredentials
instanceKlass sun/security/ssl/KeyShareExtension$SHKeyShareSpec
instanceKlass sun/security/ssl/HandshakeHash$CloneableHash
instanceKlass sun/security/ssl/HandshakeHash$T13HandshakeHash
instanceKlass sun/security/ssl/SupportedVersionsExtension$SHSupportedVersionsSpec
instanceKlass sun/security/ssl/TransportContext$1
instanceKlass sun/security/ssl/Plaintext
instanceKlass sun/security/ssl/OutputRecord$T13PaddingHolder
instanceKlass sun/security/ssl/RenegoInfoExtension$RenegotiationInfoSpec
instanceKlass sun/security/ssl/KeyShareExtension$CHKeyShareSpec
instanceKlass sun/security/util/ArrayUtil
instanceKlass java/security/interfaces/ECPrivateKey
instanceKlass sun/security/ec/ECOperations
instanceKlass sun/security/ssl/ECDHKeyExchange$ECDHEPossession
instanceKlass sun/security/ssl/KeyShareExtension$KeyShareEntry
instanceKlass sun/security/ssl/XDHKeyExchange$1
instanceKlass sun/security/pkcs/PKCS8Key
instanceKlass java/security/interfaces/XECPrivateKey
instanceKlass java/security/interfaces/XECPublicKey
instanceKlass java/security/interfaces/XECKey
instanceKlass java/security/KeyPair
instanceKlass sun/security/util/math/MutableIntegerModuloP
instanceKlass sun/security/jca/JCAUtil$CachedSecureRandomHolder
instanceKlass sun/security/ec/XECOperations
instanceKlass sun/security/ec/XECParameters
instanceKlass sun/security/ssl/XDHKeyExchange$XDHEPossession
instanceKlass sun/security/ssl/ECDHKeyExchange$ECDHEXDHKAGenerator
instanceKlass sun/security/ssl/ECDHKeyExchange$ECDHEKAGenerator
instanceKlass sun/security/ssl/ECDHKeyExchange$ECDHKAGenerator
instanceKlass sun/security/ssl/ECDHKeyExchange$ECDHEPossessionGenerator
instanceKlass sun/security/ssl/ECDHKeyExchange
instanceKlass sun/security/ssl/DHKeyExchange$DHEKAGenerator
instanceKlass sun/security/ssl/DHKeyExchange$DHEPossessionGenerator
instanceKlass sun/security/ssl/DHKeyExchange
instanceKlass sun/security/ssl/RSAKeyExchange$RSAKAGenerator
instanceKlass sun/security/ssl/RSAKeyExchange$EphemeralRSAPossessionGenerator
instanceKlass sun/security/ssl/RSAKeyExchange
instanceKlass sun/security/ssl/SSLKeyExchange$T13KeyAgreement
instanceKlass sun/security/ssl/SSLKeyAgreement
instanceKlass sun/security/ssl/SSLPossessionGenerator
instanceKlass sun/security/ssl/SSLKeyExchange
instanceKlass sun/security/ssl/SSLHandshakeBinding
instanceKlass sun/security/ssl/SSLKeyAgreementGenerator
instanceKlass sun/security/ssl/PskKeyExchangeModesExtension$PskKeyExchangeModesSpec
instanceKlass sun/security/ssl/SupportedVersionsExtension$CHSupportedVersionsSpec
instanceKlass sun/security/ssl/SignatureAlgorithmsExtension$SignatureSchemesSpec
instanceKlass sun/security/ssl/ExtendedMasterSecretExtension$ExtendedMasterSecretSpec
instanceKlass sun/security/ssl/CertStatusExtension$CertStatusRequestV2Spec
instanceKlass sun/security/ssl/AlpnExtension$AlpnSpec
instanceKlass sun/security/ssl/ECPointFormatsExtension$ECPointFormatsSpec
instanceKlass sun/security/ssl/SupportedGroupsExtension$SupportedGroupsSpec
instanceKlass sun/security/ssl/CertStatusExtension$CertStatusRequest
instanceKlass sun/security/ssl/CertStatusExtension$CertStatusRequestSpec
instanceKlass sun/security/ssl/ServerNameExtension$CHServerNamesSpec
instanceKlass sun/security/ssl/SSLExtension$SSLExtensionSpec
instanceKlass sun/security/ssl/SSLExtension$ClientExtensions
instanceKlass sun/security/ssl/PreSharedKeyExtension$SHPreSharedKeyStringizer
instanceKlass sun/security/ssl/PreSharedKeyExtension$SHPreSharedKeyAbsence
instanceKlass sun/security/ssl/PreSharedKeyExtension$SHPreSharedKeyConsumer
instanceKlass sun/security/ssl/PreSharedKeyExtension$SHPreSharedKeyProducer
instanceKlass sun/security/ssl/PreSharedKeyExtension$CHPreSharedKeyStringizer
instanceKlass sun/security/ssl/PreSharedKeyExtension$CHPreSharedKeyOnTradeAbsence
instanceKlass sun/security/ssl/PreSharedKeyExtension$CHPreSharedKeyUpdate
instanceKlass sun/security/ssl/PreSharedKeyExtension$CHPreSharedKeyOnLoadAbsence
instanceKlass sun/security/ssl/PreSharedKeyExtension$CHPreSharedKeyConsumer
instanceKlass sun/security/ssl/PreSharedKeyExtension$CHPreSharedKeyProducer
instanceKlass sun/security/ssl/PreSharedKeyExtension
instanceKlass sun/security/ssl/RenegoInfoExtension$RenegotiationInfoStringizer
instanceKlass sun/security/ssl/RenegoInfoExtension$SHRenegotiationInfoAbsence
instanceKlass sun/security/ssl/RenegoInfoExtension$SHRenegotiationInfoConsumer
instanceKlass sun/security/ssl/RenegoInfoExtension$SHRenegotiationInfoProducer
instanceKlass sun/security/ssl/RenegoInfoExtension$CHRenegotiationInfoAbsence
instanceKlass sun/security/ssl/RenegoInfoExtension$CHRenegotiationInfoConsumer
instanceKlass sun/security/ssl/RenegoInfoExtension$CHRenegotiationInfoProducer
instanceKlass sun/security/ssl/RenegoInfoExtension
instanceKlass sun/security/ssl/KeyShareExtension$HRRKeyShareStringizer
instanceKlass sun/security/ssl/KeyShareExtension$HRRKeyShareReproducer
instanceKlass sun/security/ssl/KeyShareExtension$HRRKeyShareConsumer
instanceKlass sun/security/ssl/KeyShareExtension$HRRKeyShareProducer
instanceKlass sun/security/ssl/KeyShareExtension$SHKeyShareStringizer
instanceKlass sun/security/ssl/KeyShareExtension$SHKeyShareAbsence
instanceKlass sun/security/ssl/KeyShareExtension$SHKeyShareConsumer
instanceKlass sun/security/ssl/KeyShareExtension$SHKeyShareProducer
instanceKlass sun/security/ssl/KeyShareExtension$CHKeyShareStringizer
instanceKlass sun/security/ssl/KeyShareExtension$CHKeyShareOnTradeAbsence
instanceKlass sun/security/ssl/KeyShareExtension$CHKeyShareConsumer
instanceKlass sun/security/ssl/KeyShareExtension$CHKeyShareProducer
instanceKlass sun/security/ssl/KeyShareExtension
instanceKlass sun/security/ssl/CertSignAlgsExtension$CertSignatureSchemesStringizer
instanceKlass sun/security/ssl/CertSignAlgsExtension$CRCertSignatureSchemesUpdate
instanceKlass sun/security/ssl/CertSignAlgsExtension$CRCertSignatureSchemesConsumer
instanceKlass sun/security/ssl/CertSignAlgsExtension$CRCertSignatureSchemesProducer
instanceKlass sun/security/ssl/CertSignAlgsExtension$CHCertSignatureSchemesUpdate
instanceKlass sun/security/ssl/CertSignAlgsExtension$CHCertSignatureSchemesConsumer
instanceKlass sun/security/ssl/CertSignAlgsExtension$CHCertSignatureSchemesProducer
instanceKlass sun/security/ssl/CertSignAlgsExtension
instanceKlass sun/security/ssl/CertificateAuthoritiesExtension$CertificateAuthoritiesStringizer
instanceKlass sun/security/ssl/CertificateAuthoritiesExtension$CRCertificateAuthoritiesConsumer
instanceKlass sun/security/ssl/CertificateAuthoritiesExtension$CRCertificateAuthoritiesProducer
instanceKlass sun/security/ssl/CertificateAuthoritiesExtension$CHCertificateAuthoritiesConsumer
instanceKlass sun/security/ssl/CertificateAuthoritiesExtension$CHCertificateAuthoritiesProducer
instanceKlass sun/security/ssl/CertificateAuthoritiesExtension
instanceKlass sun/security/ssl/PskKeyExchangeModesExtension$PskKeyExchangeModesStringizer
instanceKlass sun/security/ssl/PskKeyExchangeModesExtension$PskKeyExchangeModesOnTradeAbsence
instanceKlass sun/security/ssl/PskKeyExchangeModesExtension$PskKeyExchangeModesOnLoadAbsence
instanceKlass sun/security/ssl/PskKeyExchangeModesExtension$PskKeyExchangeModesConsumer
instanceKlass sun/security/ssl/PskKeyExchangeModesExtension$PskKeyExchangeModesProducer
instanceKlass sun/security/ssl/PskKeyExchangeModesExtension
instanceKlass sun/security/ssl/CookieExtension$CookieStringizer
instanceKlass sun/security/ssl/CookieExtension$HRRCookieReproducer
instanceKlass sun/security/ssl/CookieExtension$HRRCookieConsumer
instanceKlass sun/security/ssl/CookieExtension$HRRCookieProducer
instanceKlass sun/security/ssl/CookieExtension$CHCookieUpdate
instanceKlass sun/security/ssl/CookieExtension$CHCookieConsumer
instanceKlass sun/security/ssl/CookieExtension$CHCookieProducer
instanceKlass sun/security/ssl/CookieExtension
instanceKlass sun/security/ssl/SupportedVersionsExtension$HRRSupportedVersionsReproducer
instanceKlass sun/security/ssl/SupportedVersionsExtension$HRRSupportedVersionsConsumer
instanceKlass sun/security/ssl/SupportedVersionsExtension$HRRSupportedVersionsProducer
instanceKlass sun/security/ssl/SupportedVersionsExtension$SHSupportedVersionsStringizer
instanceKlass sun/security/ssl/SupportedVersionsExtension$SHSupportedVersionsConsumer
instanceKlass sun/security/ssl/SupportedVersionsExtension$SHSupportedVersionsProducer
instanceKlass sun/security/ssl/SupportedVersionsExtension$CHSupportedVersionsStringizer
instanceKlass sun/security/ssl/SupportedVersionsExtension$CHSupportedVersionsConsumer
instanceKlass sun/security/ssl/SupportedVersionsExtension$CHSupportedVersionsProducer
instanceKlass sun/security/ssl/SupportedVersionsExtension
instanceKlass sun/security/ssl/SignatureAlgorithmsExtension$SignatureSchemesStringizer
instanceKlass sun/security/ssl/SignatureAlgorithmsExtension$CRSignatureSchemesUpdate
instanceKlass sun/security/ssl/SignatureAlgorithmsExtension$CRSignatureSchemesAbsence
instanceKlass sun/security/ssl/SignatureAlgorithmsExtension$CRSignatureSchemesConsumer
instanceKlass sun/security/ssl/SignatureAlgorithmsExtension$CRSignatureSchemesProducer
instanceKlass sun/security/ssl/SignatureAlgorithmsExtension$CHSignatureSchemesOnTradeAbsence
instanceKlass sun/security/ssl/SignatureAlgorithmsExtension$CHSignatureSchemesUpdate
instanceKlass sun/security/ssl/SignatureAlgorithmsExtension$CHSignatureSchemesOnLoadAbsence
instanceKlass sun/security/ssl/SignatureAlgorithmsExtension$CHSignatureSchemesConsumer
instanceKlass sun/security/ssl/SignatureAlgorithmsExtension$CHSignatureSchemesProducer
instanceKlass sun/security/ssl/SignatureAlgorithmsExtension
instanceKlass sun/security/ssl/SessionTicketExtension$SessionTicketStringizer
instanceKlass sun/security/ssl/SessionTicketExtension$T12SHSessionTicketConsumer
instanceKlass sun/security/ssl/SessionTicketExtension$T12CHSessionTicketConsumer
instanceKlass sun/security/ssl/SessionTicketExtension
instanceKlass sun/security/ssl/ExtendedMasterSecretExtension$ExtendedMasterSecretStringizer
instanceKlass sun/security/ssl/ExtendedMasterSecretExtension$SHExtendedMasterSecretAbsence
instanceKlass sun/security/ssl/ExtendedMasterSecretExtension$SHExtendedMasterSecretConsumer
instanceKlass sun/security/ssl/ExtendedMasterSecretExtension$SHExtendedMasterSecretProducer
instanceKlass sun/security/ssl/ExtendedMasterSecretExtension$CHExtendedMasterSecretAbsence
instanceKlass sun/security/ssl/ExtendedMasterSecretExtension$CHExtendedMasterSecretConsumer
instanceKlass sun/security/ssl/ExtendedMasterSecretExtension$CHExtendedMasterSecretProducer
instanceKlass sun/security/ssl/ExtendedMasterSecretExtension
instanceKlass sun/security/ssl/AlpnExtension$AlpnStringizer
instanceKlass sun/security/ssl/AlpnExtension$SHAlpnAbsence
instanceKlass sun/security/ssl/AlpnExtension$SHAlpnConsumer
instanceKlass sun/security/ssl/AlpnExtension$SHAlpnProducer
instanceKlass sun/security/ssl/AlpnExtension$CHAlpnAbsence
instanceKlass sun/security/ssl/AlpnExtension$CHAlpnConsumer
instanceKlass sun/security/ssl/AlpnExtension$CHAlpnProducer
instanceKlass sun/security/ssl/AlpnExtension
instanceKlass sun/security/ssl/ECPointFormatsExtension$ECPointFormatsStringizer
instanceKlass sun/security/ssl/ECPointFormatsExtension$SHECPointFormatsConsumer
instanceKlass sun/security/ssl/ECPointFormatsExtension$CHECPointFormatsConsumer
instanceKlass sun/security/ssl/ECPointFormatsExtension$CHECPointFormatsProducer
instanceKlass sun/security/ssl/ECPointFormatsExtension
instanceKlass sun/security/ssl/SupportedGroupsExtension$EESupportedGroupsConsumer
instanceKlass sun/security/ssl/SupportedGroupsExtension$SupportedGroupsStringizer
instanceKlass sun/security/ssl/SupportedGroupsExtension$CHSupportedGroupsOnTradeAbsence
instanceKlass sun/security/ssl/SupportedGroupsExtension$CHSupportedGroupsConsumer
instanceKlass sun/security/ssl/SupportedGroupsExtension
instanceKlass sun/security/ssl/CertStatusExtension$CertStatusRespStringizer
instanceKlass sun/security/ssl/CertStatusExtension$CertStatusRequestsStringizer
instanceKlass sun/security/ssl/CertStatusExtension$SHCertStatusReqV2Consumer
instanceKlass sun/security/ssl/CertStatusExtension$SHCertStatusReqV2Producer
instanceKlass sun/security/ssl/CertStatusExtension$CHCertStatusReqV2Consumer
instanceKlass sun/security/ssl/CertStatusExtension$CHCertStatusReqV2Producer
instanceKlass sun/security/ssl/CertStatusExtension$CertStatusRequestStringizer
instanceKlass sun/security/ssl/CertStatusExtension$CTCertStatusResponseConsumer
instanceKlass sun/security/ssl/CertStatusExtension$CTCertStatusResponseProducer
instanceKlass sun/security/ssl/CertStatusExtension$SHCertStatusReqConsumer
instanceKlass sun/security/ssl/CertStatusExtension$SHCertStatusReqProducer
instanceKlass sun/security/ssl/CertStatusExtension$CHCertStatusReqConsumer
instanceKlass sun/security/ssl/CertStatusExtension$CHCertStatusReqProducer
instanceKlass sun/security/ssl/CertStatusExtension
instanceKlass sun/security/ssl/MaxFragExtension$MaxFragLenStringizer
instanceKlass sun/security/ssl/MaxFragExtension$EEMaxFragmentLengthUpdate
instanceKlass sun/security/ssl/MaxFragExtension$EEMaxFragmentLengthConsumer
instanceKlass sun/security/ssl/MaxFragExtension$EEMaxFragmentLengthProducer
instanceKlass sun/security/ssl/MaxFragExtension$SHMaxFragmentLengthUpdate
instanceKlass sun/security/ssl/MaxFragExtension$SHMaxFragmentLengthConsumer
instanceKlass sun/security/ssl/MaxFragExtension$SHMaxFragmentLengthProducer
instanceKlass sun/security/ssl/MaxFragExtension$CHMaxFragmentLengthConsumer
instanceKlass sun/security/ssl/MaxFragExtension$CHMaxFragmentLengthProducer
instanceKlass sun/security/ssl/MaxFragExtension
instanceKlass sun/security/ssl/ServerNameExtension$EEServerNameConsumer
instanceKlass sun/security/ssl/ServerNameExtension$EEServerNameProducer
instanceKlass sun/security/ssl/ServerNameExtension$SHServerNamesStringizer
instanceKlass sun/security/ssl/ServerNameExtension$SHServerNameConsumer
instanceKlass sun/security/ssl/ServerNameExtension$SHServerNameProducer
instanceKlass sun/security/ssl/ServerNameExtension$CHServerNamesStringizer
instanceKlass sun/security/ssl/ServerNameExtension$CHServerNameConsumer
instanceKlass sun/security/ssl/SSLExtension$ExtensionConsumer
instanceKlass sun/security/ssl/ServerNameExtension$CHServerNameProducer
instanceKlass sun/security/ssl/ServerNameExtension
instanceKlass sun/security/ssl/SSLStringizer
instanceKlass sun/security/ssl/SSLExtensions
instanceKlass sun/security/ssl/SSLHandshake$HandshakeMessage
instanceKlass sun/security/ssl/RandomCookie
instanceKlass sun/security/util/KeyUtil
instanceKlass sun/security/ssl/SupportedGroupsExtension$SupportedGroups
instanceKlass sun/security/ssl/SSLKeyDerivation
instanceKlass sun/security/ssl/SSLCredentials
instanceKlass sun/security/ssl/NamedGroupPossession
instanceKlass sun/security/ssl/SSLPossession
instanceKlass sun/security/ssl/HandshakeContext
instanceKlass sun/security/ssl/SSLConfiguration$1
instanceKlass javax/net/ssl/SNIServerName
instanceKlass sun/security/ssl/DTLSRecord
instanceKlass sun/security/ssl/SessionId
instanceKlass java/security/spec/MGF1ParameterSpec
instanceKlass sun/security/ec/ParametersMap$1
instanceKlass sun/security/ec/ed/EdDSAParameters$SHAKE256DigesterFactory
instanceKlass sun/security/ec/point/ProjectivePoint
instanceKlass sun/security/ec/ed/EdDSAParameters$Digester
instanceKlass sun/security/ec/ed/EdDSAParameters$SHA512DigesterFactory
instanceKlass sun/security/ec/point/ExtendedHomogeneousPoint
instanceKlass sun/security/ec/point/AffinePoint
instanceKlass sun/security/util/math/intpoly/IntegerPolynomial$Limb
instanceKlass sun/security/util/math/SmallValue
instanceKlass sun/security/ec/point/MutablePoint
instanceKlass sun/security/ec/point/ImmutablePoint
instanceKlass sun/security/util/math/intpoly/IntegerPolynomial$Element
instanceKlass sun/security/util/math/ImmutableIntegerModuloP
instanceKlass sun/security/util/math/IntegerModuloP
instanceKlass java/math/MutableBigInteger
instanceKlass sun/security/util/math/intpoly/IntegerPolynomial
instanceKlass sun/security/ec/ParametersMap
instanceKlass sun/security/ec/ed/EdECOperations
instanceKlass sun/security/ec/ed/EdDSAParameters$DigesterFactory
instanceKlass sun/security/util/math/IntegerFieldModuloP
instanceKlass sun/security/ec/ed/EdDSAParameters
instanceKlass java/security/spec/EdDSAParameterSpec
instanceKlass sun/security/ec/ed/EdDSASignature$MessageAccumulator
instanceKlass javax/crypto/spec/DHParameterSpec
instanceKlass sun/security/ssl/PredefinedDHParameterSpecs$1
instanceKlass sun/security/ssl/PredefinedDHParameterSpecs
instanceKlass javax/net/ssl/ExtendedSSLSession
instanceKlass sun/security/ssl/SSLConfiguration$CustomizedClientSignatureSchemes
instanceKlass javax/crypto/KeyGeneratorSpi
instanceKlass javax/crypto/KeyGenerator
instanceKlass sun/security/ssl/SSLConfiguration
instanceKlass sun/security/ssl/SSLCipher$SSLWriteCipher
instanceKlass sun/security/ssl/KeyUpdate$KeyUpdateProducer
instanceKlass sun/security/ssl/KeyUpdate$KeyUpdateConsumer
instanceKlass sun/security/ssl/KeyUpdate$KeyUpdateKickstartProducer
instanceKlass sun/security/ssl/KeyUpdate
instanceKlass sun/security/ssl/CertificateStatus$CertificateStatusAbsence
instanceKlass sun/security/ssl/HandshakeAbsence
instanceKlass sun/security/ssl/CertificateStatus$CertificateStatusProducer
instanceKlass sun/security/ssl/CertificateStatus$CertificateStatusConsumer
instanceKlass sun/security/ssl/CertificateStatus
instanceKlass sun/security/ssl/Finished$T13FinishedProducer
instanceKlass sun/security/ssl/Finished$T13FinishedConsumer
instanceKlass sun/security/ssl/Finished$T12FinishedProducer
instanceKlass sun/security/ssl/Finished$T12FinishedConsumer
instanceKlass sun/security/ssl/Finished
instanceKlass sun/security/ssl/ClientKeyExchange$ClientKeyExchangeProducer
instanceKlass sun/security/ssl/ClientKeyExchange$ClientKeyExchangeConsumer
instanceKlass sun/security/ssl/ClientKeyExchange
instanceKlass sun/security/ssl/CertificateVerify$T13CertificateVerifyProducer
instanceKlass sun/security/ssl/CertificateVerify$T13CertificateVerifyConsumer
instanceKlass sun/security/ssl/CertificateVerify$T12CertificateVerifyProducer
instanceKlass sun/security/ssl/CertificateVerify$T12CertificateVerifyConsumer
instanceKlass sun/security/ssl/CertificateVerify$T10CertificateVerifyProducer
instanceKlass sun/security/ssl/CertificateVerify$T10CertificateVerifyConsumer
instanceKlass sun/security/ssl/CertificateVerify$S30CertificateVerifyProducer
instanceKlass sun/security/ssl/CertificateVerify$S30CertificateVerifyConsumer
instanceKlass sun/security/ssl/CertificateVerify
instanceKlass sun/security/ssl/ServerHelloDone$ServerHelloDoneProducer
instanceKlass sun/security/ssl/ServerHelloDone$ServerHelloDoneConsumer
instanceKlass sun/security/ssl/ServerHelloDone
instanceKlass sun/security/ssl/CertificateRequest$T13CertificateRequestProducer
instanceKlass sun/security/ssl/CertificateRequest$T13CertificateRequestConsumer
instanceKlass sun/security/ssl/CertificateRequest$T12CertificateRequestProducer
instanceKlass sun/security/ssl/CertificateRequest$T12CertificateRequestConsumer
instanceKlass sun/security/ssl/CertificateRequest$T10CertificateRequestProducer
instanceKlass sun/security/ssl/CertificateRequest$T10CertificateRequestConsumer
instanceKlass sun/security/ssl/CertificateRequest
instanceKlass sun/security/ssl/ServerKeyExchange$ServerKeyExchangeProducer
instanceKlass sun/security/ssl/ServerKeyExchange$ServerKeyExchangeConsumer
instanceKlass sun/security/ssl/ServerKeyExchange
instanceKlass sun/security/ssl/CertificateMessage$T13CertificateProducer
instanceKlass sun/security/ssl/CertificateMessage$T13CertificateConsumer
instanceKlass sun/security/ssl/CertificateMessage$T12CertificateProducer
instanceKlass sun/security/ssl/CertificateMessage$T12CertificateConsumer
instanceKlass sun/security/ssl/CertificateMessage
instanceKlass sun/security/ssl/EncryptedExtensions$EncryptedExtensionsConsumer
instanceKlass sun/security/ssl/EncryptedExtensions$EncryptedExtensionsProducer
instanceKlass sun/security/ssl/EncryptedExtensions
instanceKlass sun/security/ssl/NewSessionTicket$T12NewSessionTicketProducer
instanceKlass sun/security/ssl/NewSessionTicket$T13NewSessionTicketProducer
instanceKlass sun/security/ssl/NewSessionTicket$T12NewSessionTicketConsumer
instanceKlass sun/security/ssl/NewSessionTicket$T13NewSessionTicketConsumer
instanceKlass sun/security/ssl/NewSessionTicket
instanceKlass sun/security/ssl/HelloVerifyRequest$HelloVerifyRequestProducer
instanceKlass sun/security/ssl/HelloVerifyRequest$HelloVerifyRequestConsumer
instanceKlass sun/security/ssl/HelloVerifyRequest
instanceKlass sun/security/ssl/ServerHello$T13HelloRetryRequestConsumer
instanceKlass sun/security/ssl/ServerHello$T13ServerHelloConsumer
instanceKlass sun/security/ssl/ServerHello$T12ServerHelloConsumer
instanceKlass sun/security/ssl/ServerHello$T13HelloRetryRequestReproducer
instanceKlass sun/security/ssl/ServerHello$T13HelloRetryRequestProducer
instanceKlass sun/security/ssl/ServerHello$T13ServerHelloProducer
instanceKlass sun/security/ssl/ServerHello$T12ServerHelloProducer
instanceKlass sun/security/ssl/ServerHello$ServerHelloConsumer
instanceKlass sun/security/ssl/ServerHello
instanceKlass sun/security/ssl/ClientHello$D13ClientHelloConsumer
instanceKlass sun/security/ssl/ClientHello$D12ClientHelloConsumer
instanceKlass sun/security/ssl/ClientHello$T13ClientHelloConsumer
instanceKlass sun/security/ssl/ClientHello$T12ClientHelloConsumer
instanceKlass sun/security/ssl/HandshakeConsumer
instanceKlass sun/security/ssl/ClientHello$ClientHelloProducer
instanceKlass sun/security/ssl/ClientHello$ClientHelloConsumer
instanceKlass sun/security/ssl/ClientHello$ClientHelloKickstartProducer
instanceKlass sun/security/ssl/ClientHello
instanceKlass sun/security/ssl/HelloRequest$HelloRequestProducer
instanceKlass sun/security/ssl/HelloRequest$HelloRequestConsumer
instanceKlass sun/security/ssl/HelloRequest$HelloRequestKickstartProducer
instanceKlass sun/security/ssl/SSLProducer
instanceKlass sun/security/ssl/HelloRequest
instanceKlass sun/security/ssl/HandshakeProducer
instanceKlass sun/security/ssl/SSLConsumer
instanceKlass sun/security/ssl/Authenticator$MacImpl
instanceKlass sun/security/ssl/Authenticator$MAC
instanceKlass sun/security/ssl/Authenticator
instanceKlass sun/security/ssl/SSLCipher$SSLReadCipher
instanceKlass sun/security/ssl/InputRecord
instanceKlass sun/security/ssl/SSLRecord
instanceKlass sun/security/ssl/Record
instanceKlass sun/security/ssl/TransportContext
instanceKlass sun/security/ssl/ConnectionContext
instanceKlass sun/security/ssl/HandshakeHash$CacheOnlyHash
instanceKlass sun/security/ssl/HandshakeHash$TranscriptHash
instanceKlass sun/security/ssl/HandshakeHash
instanceKlass sun/security/ssl/SSLTransport
instanceKlass okio/AsyncTimeout$1
instanceKlass okio/AsyncTimeout$2
instanceKlass com/google/inject/util/Modules$EmptyModule
instanceKlass com/google/inject/util/Modules$OverriddenModuleBuilder
instanceKlass com/google/inject/util/Modules
instanceKlass com/google/common/base/Optional
instanceKlass com/google/inject/Provides
instanceKlass java/lang/reflect/TypeVariable
instanceKlass com/google/inject/internal/ProviderMethodsModule$Signature
instanceKlass com/google/common/collect/ImmutableMap$Builder
instanceKlass com/google/inject/internal/MoreTypes
instanceKlass com/google/inject/TypeLiteral
instanceKlass com/google/inject/spi/ModuleAnnotatedMethodScanner
instanceKlass javax/inject/Singleton
instanceKlass com/google/inject/spi/ElementSource
instanceKlass com/google/inject/spi/ScopeBinding
instanceKlass com/google/inject/Scopes$2
instanceKlass com/google/inject/Scopes$1
instanceKlass com/google/inject/Provider
instanceKlass javax/inject/Provider
instanceKlass com/google/inject/internal/SingletonScope
instanceKlass com/google/inject/spi/BindingScopingVisitor
instanceKlass com/google/inject/Scope
instanceKlass com/google/inject/Scopes
instanceKlass com/google/inject/Singleton
instanceKlass com/google/inject/spi/Elements$ModuleInfo
instanceKlass com/google/inject/PrivateModule
instanceKlass com/google/inject/internal/util/StackTraceElements$InMemoryStackTraceElement
instanceKlass com/google/inject/internal/util/StackTraceElements
instanceKlass com/google/inject/spi/ModuleSource
instanceKlass com/google/inject/internal/InternalFlags$1
instanceKlass com/google/inject/internal/InternalFlags
instanceKlass com/google/inject/internal/ProviderMethodsModule
instanceKlass com/google/common/collect/Hashing
instanceKlass com/google/inject/internal/AbstractBindingBuilder
instanceKlass com/google/inject/binder/ConstantBindingBuilder
instanceKlass com/google/common/collect/Sets
instanceKlass com/google/inject/binder/AnnotatedElementBuilder
instanceKlass com/google/inject/binder/AnnotatedConstantBindingBuilder
instanceKlass com/google/inject/binder/AnnotatedBindingBuilder
instanceKlass com/google/inject/binder/LinkedBindingBuilder
instanceKlass com/google/inject/binder/ScopedBindingBuilder
instanceKlass com/google/inject/spi/Elements$RecordingBinder
instanceKlass com/google/inject/PrivateBinder
instanceKlass com/google/inject/Binder
instanceKlass com/google/inject/Binding
instanceKlass com/google/inject/spi/DefaultBindingTargetVisitor
instanceKlass com/google/inject/spi/BindingTargetVisitor
instanceKlass com/google/inject/spi/Elements
instanceKlass com/google/inject/internal/InjectorShell$RootModule
instanceKlass java/util/concurrent/atomic/AtomicReferenceArray
instanceKlass com/google/common/cache/Weigher
instanceKlass com/google/common/base/Predicate
instanceKlass com/google/common/base/Equivalence
instanceKlass java/util/function/BiPredicate
instanceKlass com/google/common/cache/LocalCache$1
instanceKlass com/google/common/cache/LocalCache$ReferenceEntry
instanceKlass com/google/common/cache/CacheLoader
instanceKlass com/google/common/cache/LocalCache$LocalManualCache
instanceKlass com/google/inject/internal/WeakKeySet$1
instanceKlass com/google/common/cache/LocalCache$ValueReference
instanceKlass com/google/common/cache/CacheBuilder$2
instanceKlass com/google/common/cache/CacheStats
instanceKlass com/google/common/base/Suppliers$SupplierOfInstance
instanceKlass com/google/common/base/Suppliers
instanceKlass com/google/common/cache/CacheBuilder$1
instanceKlass com/google/common/cache/AbstractCache$StatsCounter
instanceKlass com/google/common/cache/LoadingCache
instanceKlass com/google/common/cache/Cache
instanceKlass com/google/common/base/Ticker
instanceKlass com/google/common/base/Supplier
instanceKlass com/google/common/cache/CacheBuilder
instanceKlass com/google/common/cache/RemovalListener
instanceKlass com/google/inject/internal/WeakKeySet
instanceKlass com/google/inject/internal/State$1
instanceKlass com/google/inject/internal/InheritingState
instanceKlass com/google/inject/internal/ProcessedBindingData
instanceKlass com/google/inject/spi/Element
instanceKlass com/google/inject/spi/DefaultElementVisitor
instanceKlass com/google/inject/spi/ElementVisitor
instanceKlass com/google/inject/internal/State
instanceKlass com/google/inject/internal/InjectorShell$Builder
instanceKlass com/google/common/collect/Lists
instanceKlass com/google/common/collect/AbstractMapEntry
instanceKlass com/google/common/collect/LinkedHashMultimap$ValueSetLink
instanceKlass com/google/common/collect/Multiset
instanceKlass com/google/common/collect/AbstractMultimap
instanceKlass com/google/common/collect/SetMultimap
instanceKlass com/google/common/collect/ImmutableMap
instanceKlass com/google/common/collect/SortedMapDifference
instanceKlass com/google/common/collect/MapDifference
instanceKlass com/google/common/collect/BiMap
instanceKlass com/google/common/collect/Maps$EntryTransformer
instanceKlass com/google/common/base/Converter
instanceKlass com/google/common/base/Function
instanceKlass com/google/common/collect/Maps
instanceKlass com/google/inject/internal/CycleDetectingLock
instanceKlass com/google/common/collect/Multimap
instanceKlass com/google/inject/internal/CycleDetectingLock$CycleDetectingLockFactory
instanceKlass com/google/inject/internal/Initializable
instanceKlass com/google/inject/internal/Initializer
instanceKlass com/google/common/collect/PeekingIterator
instanceKlass java/text/CalendarBuilder
instanceKlass com/google/common/collect/Iterators
instanceKlass java/text/ParsePosition
instanceKlass okhttp3/internal/http/HttpDate
instanceKlass com/google/common/collect/CollectPreconditions
instanceKlass okhttp3/internal/http/HttpHeaders
instanceKlass com/google/common/collect/ImmutableCollection$Builder
instanceKlass okio/ForwardingSource
instanceKlass sun/net/NetHooks
instanceKlass okhttp3/Response$Builder
instanceKlass java/net/SocksSocketImpl$3
instanceKlass okhttp3/internal/http/HttpMethod
instanceKlass okhttp3/Handshake
instanceKlass com/google/inject/internal/util/SourceProvider
instanceKlass com/google/common/collect/ObjectArrays
instanceKlass okio/Base64
instanceKlass jdk/net/ExtendedSocketOptions$PlatformSocketOptions$1
instanceKlass jdk/net/ExtendedSocketOptions$PlatformSocketOptions
instanceKlass okhttp3/internal/http/StatusLine
instanceKlass jdk/net/ExtendedSocketOptions$ExtSocketOption
instanceKlass java/net/SocketOption
instanceKlass com/google/common/collect/UnmodifiableIterator
instanceKlass jdk/net/ExtendedSocketOptions
instanceKlass sun/net/ext/ExtendedSocketOptions
instanceKlass sun/nio/ch/Net$1
instanceKlass java/net/ProtocolFamily
instanceKlass sun/nio/ch/Net
instanceKlass okhttp3/Cache$Entry
instanceKlass okhttp3/internal/cache/DiskLruCache$Snapshot
instanceKlass java/net/SocksConsts
instanceKlass com/google/inject/Key
instanceKlass sun/net/PlatformSocketImpl
instanceKlass com/google/inject/internal/Errors$Converter
instanceKlass java/net/SocketImpl
instanceKlass java/net/SocketOptions
instanceKlass okhttp3/internal/connection/ConnectionSpecSelector
instanceKlass com/google/inject/internal/Errors
instanceKlass okhttp3/internal/ws/RealWebSocket$Streams
instanceKlass okhttp3/internal/http/ExchangeCodec
instanceKlass com/google/inject/internal/util/Stopwatch
instanceKlass com/google/inject/internal/ContextualCallable
instanceKlass okhttp3/internal/http2/Http2Connection$Listener
instanceKlass com/google/inject/internal/InternalInjectorCreator
instanceKlass okhttp3/internal/connection/RouteSelector$Selection
instanceKlass com/google/inject/Guice
instanceKlass java/net/InetSocketAddress$InetSocketAddressHolder
instanceKlass com/google/inject/AbstractModule
instanceKlass java/util/concurrent/atomic/Striped64$1
instanceKlass java/net/InetAddress$CachedAddresses
instanceKlass com/google/inject/Module
instanceKlass sun/net/InetAddressCachePolicy$2
instanceKlass sun/net/InetAddressCachePolicy$1
instanceKlass sun/net/InetAddressCachePolicy
instanceKlass sun/management/Util
instanceKlass java/util/Collections$2
instanceKlass sun/management/RuntimeImpl
instanceKlass okio/RealBufferedSink
instanceKlass java/util/stream/ReduceOps$2ReducingSink
instanceKlass okio/ForwardingSink
instanceKlass jdk/management/jfr/internal/FlightRecorderMXBeanProvider$SingleMBeanComponent
instanceKlass jdk/management/jfr/FlightRecorderMXBean
instanceKlass okio/Okio$1
instanceKlass java/lang/management/DefaultPlatformMBeanProvider$11
instanceKlass java/lang/management/DefaultPlatformMBeanProvider$10
instanceKlass java/lang/management/DefaultPlatformMBeanProvider$9
instanceKlass sun/management/ManagementFactoryHelper$LoggingMXBeanAccess$1
instanceKlass sun/management/ManagementFactoryHelper$LoggingMXBeanAccess
instanceKlass java/lang/management/DefaultPlatformMBeanProvider$8
instanceKlass java/lang/management/DefaultPlatformMBeanProvider$7
instanceKlass java/lang/management/DefaultPlatformMBeanProvider$6
instanceKlass java/lang/management/DefaultPlatformMBeanProvider$5
instanceKlass java/lang/management/DefaultPlatformMBeanProvider$4
instanceKlass java/lang/management/DefaultPlatformMBeanProvider$3
instanceKlass java/lang/management/DefaultPlatformMBeanProvider$2
instanceKlass java/lang/management/DefaultPlatformMBeanProvider$1
instanceKlass com/sun/management/internal/PlatformMBeanProviderImpl$5
instanceKlass sun/management/VMManagementImpl
instanceKlass sun/management/VMManagement
instanceKlass sun/management/ManagementFactoryHelper
instanceKlass sun/management/NotificationEmitterSupport
instanceKlass javax/management/NotificationEmitter
instanceKlass javax/management/NotificationBroadcaster
instanceKlass com/sun/management/DiagnosticCommandMBean
instanceKlass javax/management/DynamicMBean
instanceKlass okhttp3/internal/cache/DiskLruCache$Editor
instanceKlass com/sun/management/internal/PlatformMBeanProviderImpl$4
instanceKlass com/sun/management/internal/PlatformMBeanProviderImpl$3
instanceKlass com/sun/management/internal/PlatformMBeanProviderImpl$2
instanceKlass com/sun/management/internal/PlatformMBeanProviderImpl$1
instanceKlass sun/management/spi/PlatformMBeanProvider$PlatformComponent
instanceKlass okhttp3/internal/cache/DiskLruCache$Entry
instanceKlass sun/awt/im/InputMethodAdapter
instanceKlass java/awt/im/spi/InputMethod
instanceKlass okio/RealBufferedSource
instanceKlass sun/management/spi/PlatformMBeanProvider
instanceKlass okio/Okio$2
instanceKlass java/lang/management/ManagementFactory$PlatformMBeanFinder$1
instanceKlass java/awt/im/spi/InputMethodContext
instanceKlass java/lang/management/ManagementFactory$PlatformMBeanFinder
instanceKlass java/awt/im/InputMethodRequests
instanceKlass java/lang/management/RuntimeMXBean
instanceKlass java/lang/management/PlatformManagedObject
instanceKlass java/awt/im/InputContext
instanceKlass java/awt/KeyboardFocusManager$3
instanceKlass java/lang/management/ManagementFactory
instanceKlass ch/qos/logback/core/rolling/helper/TimeBasedArchiveRemover$ArhiveRemoverRunnable
instanceKlass java/io/FileOutputStream$1
instanceKlass ch/qos/logback/core/pattern/SpacePadder
instanceKlass ch/qos/logback/classic/util/LogbackMDCAdapter
instanceKlass org/slf4j/impl/StaticMDCBinder
instanceKlass java/net/InetAddress$NameServiceAddresses
instanceKlass java/net/InetAddress$Addresses
instanceKlass java/util/concurrent/ConcurrentSkipListMap$Iter
instanceKlass org/slf4j/spi/MDCAdapter
instanceKlass org/slf4j/MDC
instanceKlass okhttp3/CacheControl$Builder
instanceKlass org/slf4j/helpers/FormattingTuple
instanceKlass okhttp3/CacheControl
instanceKlass okio/Okio
instanceKlass org/slf4j/helpers/MessageFormatter
instanceKlass okhttp3/internal/cache/CacheStrategy
instanceKlass okhttp3/internal/cache/CacheStrategy$Factory
instanceKlass ch/qos/logback/classic/spi/EventArgUtil
instanceKlass sun/security/provider/ByteArrayAccess$LE
instanceKlass okhttp3/internal/Version
instanceKlass ch/qos/logback/classic/spi/IThrowableProxy
instanceKlass ch/qos/logback/classic/spi/LoggingEvent
instanceKlass sun/net/spi/DefaultProxySelector$3
instanceKlass sun/net/spi/DefaultProxySelector$NonProxyInfo
instanceKlass okhttp3/internal/connection/RouteSelector
instanceKlass com/google/common/base/Preconditions
instanceKlass net/runelite/client/rs/RSConfig
instanceKlass okhttp3/Address
instanceKlass com/google/common/base/MoreObjects
instanceKlass okhttp3/internal/connection/ExchangeFinder
instanceKlass okhttp3/internal/http/RealInterceptorChain
instanceKlass net/runelite/client/rs/WorldSupplier
instanceKlass okhttp3/internal/http/CallServerInterceptor
instanceKlass net/runelite/client/rs/ClientConfigLoader
instanceKlass okhttp3/internal/connection/ConnectInterceptor
instanceKlass okhttp3/internal/cache/CacheInterceptor
instanceKlass net/runelite/api/ClientConfiguration
instanceKlass okhttp3/internal/http/BridgeInterceptor
instanceKlass net/runelite/client/rs/ClientLoader
instanceKlass java/util/Formattable
instanceKlass okhttp3/internal/http/RetryAndFollowUpInterceptor
instanceKlass java/util/Formatter$Flags
instanceKlass java/util/Formatter$FormatSpecifier
instanceKlass javax/swing/text/GapContent$UndoPosRef
instanceKlass java/util/Formatter$Conversion
instanceKlass java/util/Formatter$FixedString
instanceKlass java/util/Formatter$FormatString
instanceKlass java/util/Formatter
instanceKlass java/util/concurrent/ForkJoinPool$DefaultCommonPoolForkJoinWorkerThreadFactory$1
instanceKlass java/awt/KeyboardFocusManager$LightweightFocusRequest
instanceKlass java/awt/DefaultKeyboardFocusManager$TypeAheadMarker
instanceKlass java/awt/KeyboardFocusManager$HeavyweightFocusRequest
instanceKlass okhttp3/internal/NamedRunnable
instanceKlass jdk/internal/util/random/RandomSupport
instanceKlass sun/awt/KeyboardFocusManagerPeerImpl$KfmAccessor
instanceKlass java/util/concurrent/ForkJoinTask$Aux
instanceKlass net/runelite/client/RuntimeConfigLoader$1
instanceKlass net/runelite/client/plugins/microbot/util/item/Rs2ItemManager
instanceKlass okio/Timeout
instanceKlass java/util/Collections$ReverseComparator2
instanceKlass okhttp3/Connection
instanceKlass java/util/Collections$ReverseComparator
instanceKlass okhttp3/internal/connection/Transmitter
instanceKlass okhttp3/RealCall
instanceKlass java/util/function/ToIntFunction
instanceKlass net/runelite/client/plugins/microbot/util/events/HideRoofsEvent
instanceKlass net/runelite/client/plugins/microbot/util/events/DisableWorldSwitcherConfirmationEvent
instanceKlass net/runelite/client/plugins/microbot/util/events/EnjoyRSChatboxEvent
instanceKlass net/runelite/client/plugins/microbot/util/events/PluginPauseEvent
instanceKlass net/runelite/client/plugins/microbot/util/events/BankJagexPopupEvent
instanceKlass net/runelite/client/plugins/microbot/util/events/DeathEvent
instanceKlass net/runelite/client/plugins/microbot/util/events/BankTutorialEvent
instanceKlass javax/swing/RepaintManager$4
instanceKlass net/runelite/client/plugins/microbot/util/events/DisableLevelUpInterfaceEvent
instanceKlass javax/swing/RepaintManager$2$1
instanceKlass java/util/LinkedList$ListItr
instanceKlass jdk/internal/icu/impl/UCharacterProperty$IsAcceptable
instanceKlass net/runelite/client/plugins/microbot/util/events/WelcomeScreenEvent
instanceKlass net/runelite/client/plugins/microbot/BlockingEvent
instanceKlass javax/swing/RepaintManager$3
instanceKlass jdk/internal/icu/impl/UCharacterProperty$IntProperty
instanceKlass jdk/internal/icu/impl/UCharacterProperty
instanceKlass jdk/internal/icu/impl/Trie
instanceKlass jdk/internal/icu/text/StringPrep$StringPrepTrieImpl
instanceKlass jdk/internal/icu/impl/Trie$DataManipulate
instanceKlass net/runelite/client/plugins/microbot/BlockingEventManager
instanceKlass jdk/internal/icu/impl/StringPrepDataReader
instanceKlass jdk/internal/icu/text/StringPrep
instanceKlass java/net/IDN
instanceKlass okhttp3/HttpUrl$Builder
instanceKlass net/runelite/api/Point
instanceKlass net/runelite/api/MenuEntry
instanceKlass okhttp3/HttpUrl
instanceKlass net/runelite/client/plugins/microbot/configs/SpecialAttackConfigs
instanceKlass okhttp3/Headers$Builder
instanceKlass okhttp3/Request$Builder
instanceKlass com/google/common/base/CommonPattern
instanceKlass net/runelite/client/plugins/microbot/util/mouse/Mouse
instanceKlass com/google/common/base/Platform$JdkPatternCompiler
instanceKlass com/google/common/base/PatternCompiler
instanceKlass com/google/common/base/Platform
instanceKlass sun/java2d/pipe/ShapeSpanIterator
instanceKlass sun/awt/geom/PathConsumer2D
instanceKlass com/google/common/base/Strings
instanceKlass sun/java2d/pipe/SpanIterator
instanceKlass java/awt/GraphicsDevice$1
instanceKlass java/util/concurrent/ForkJoinTask
instanceKlass java/util/concurrent/CompletableFuture$AsynchronousCompletionTask
instanceKlass java/util/concurrent/CompletableFuture$AltResult
instanceKlass java/util/concurrent/CompletableFuture
instanceKlass java/util/concurrent/CompletionStage
instanceKlass net/runelite/client/plugins/microbot/RandomFactClient
instanceKlass okhttp3/Callback
instanceKlass net/runelite/client/RuntimeConfigLoader
instanceKlass java/awt/EventQueue$5
instanceKlass com/intellij/rt/debugger/agent/CaptureStorage$6
instanceKlass java/util/concurrent/Executors$RunnableAdapter
instanceKlass java/util/concurrent/Callable
instanceKlass java/util/concurrent/FutureTask$WaitNode
instanceKlass java/util/concurrent/FutureTask
instanceKlass java/util/concurrent/Executors$DelegatedExecutorService
instanceKlass sun/awt/windows/TranslucentWindowPainter$VIOptWindowPainter$1
instanceKlass sun/java2d/marlin/ArrayCacheConst
instanceKlass sun/java2d/marlin/Helpers
instanceKlass java/awt/geom/RoundRectIterator
instanceKlass sun/java2d/marlin/Dasher$LengthIterator
instanceKlass sun/java2d/marlin/Dasher
instanceKlass sun/java2d/marlin/Stroker
instanceKlass sun/java2d/marlin/MarlinTileGenerator
instanceKlass sun/java2d/pipe/AATileGenerator
instanceKlass sun/java2d/marlin/Renderer
instanceKlass sun/java2d/marlin/OffHeapArray
instanceKlass sun/java2d/marlin/MarlinCache
instanceKlass sun/java2d/marlin/IntArrayCache$Reference
instanceKlass sun/java2d/marlin/Helpers$IndexStack
instanceKlass sun/java2d/marlin/TransformingPathConsumer2D$PathClipFilter
instanceKlass sun/java2d/marlin/ByteArrayCache$Reference
instanceKlass sun/java2d/marlin/DoubleArrayCache$Reference
instanceKlass sun/java2d/marlin/Helpers$PolyStack
instanceKlass sun/java2d/marlin/TransformingPathConsumer2D$ClosedPathDetector
instanceKlass sun/java2d/marlin/TransformingPathConsumer2D$PathTracer
instanceKlass sun/java2d/marlin/TransformingPathConsumer2D$DeltaTransformFilter
instanceKlass sun/java2d/marlin/TransformingPathConsumer2D$DeltaScaleFilter
instanceKlass sun/java2d/marlin/TransformingPathConsumer2D$Path2DWrapper
instanceKlass sun/java2d/marlin/TransformingPathConsumer2D
instanceKlass sun/java2d/marlin/TransformingPathConsumer2D$CurveClipSplitter
instanceKlass sun/java2d/marlin/TransformingPathConsumer2D$CurveBasicMonotonizer
instanceKlass sun/java2d/marlin/DMarlinRenderingEngine$NormalizingPathIterator
instanceKlass sun/java2d/marlin/RendererContext$PathConsumer2DAdapter
instanceKlass sun/java2d/marlin/ByteArrayCache
instanceKlass sun/java2d/marlin/DoubleArrayCache
instanceKlass sun/java2d/marlin/IntArrayCache
instanceKlass sun/java2d/marlin/PathSimplifier
instanceKlass sun/java2d/marlin/CollinearSimplifier
instanceKlass sun/java2d/marlin/DPathConsumer2D
instanceKlass sun/java2d/marlin/Curve
instanceKlass sun/java2d/ReentrantContext
instanceKlass javax/swing/Timer$1
instanceKlass sun/java2d/loops/FontInfo
instanceKlass java/awt/PrintGraphics
instanceKlass java/awt/print/PrinterGraphics
instanceKlass sun/java2d/loops/ProcessPath$Edge
instanceKlass sun/java2d/loops/ProcessPath$ActiveEdgeList
instanceKlass sun/java2d/loops/ProcessPath$Point
instanceKlass java/awt/geom/Path2D$Iterator
instanceKlass sun/java2d/loops/ProcessPath$FillData
instanceKlass sun/java2d/loops/ProcessPath$ProcessHandler
instanceKlass sun/java2d/loops/ProcessPath$1
instanceKlass sun/java2d/loops/ProcessPath$EndSubPathHandler
instanceKlass sun/java2d/loops/ProcessPath
instanceKlass java/awt/geom/RectIterator
instanceKlass java/awt/geom/PathIterator
instanceKlass com/sun/java/swing/SwingUtilities3$UnscaledBorderPainter
instanceKlass sun/awt/SunGraphicsCallback
instanceKlass sun/java2d/pipe/BufferedPaints
instanceKlass sun/java2d/d3d/D3DSurfaceData$1
instanceKlass sun/java2d/d3d/D3DSurfaceData$1Status
instanceKlass java/awt/SplashScreen
instanceKlass sun/awt/GlobalCursorManager$NativeUpdater
instanceKlass sun/awt/GlobalCursorManager
instanceKlass java/awt/GridBagLayoutInfo
instanceKlass javax/swing/plaf/basic/BasicGraphicsUtils
instanceKlass java/awt/font/TextLine$TextLineMetrics
instanceKlass java/awt/font/GlyphVector
instanceKlass sun/font/SunLayoutEngine$FaceRef
instanceKlass sun/font/GlyphLayout$LayoutEngineKey
instanceKlass sun/font/GlyphLayout$EngineRecord
instanceKlass sun/font/ScriptRunData
instanceKlass sun/font/FontSubstitution
instanceKlass sun/font/GlyphLayout$SDCache$SDKey
instanceKlass sun/font/GlyphLayout$SDCache
instanceKlass sun/font/FontRunIterator
instanceKlass sun/font/ScriptRun
instanceKlass sun/font/TextRecord
instanceKlass sun/font/GlyphLayout$GVData
instanceKlass sun/font/SunLayoutEngine
instanceKlass sun/font/GlyphLayout$LayoutEngineFactory
instanceKlass sun/font/GlyphLayout$LayoutEngine
instanceKlass sun/font/GlyphLayout
instanceKlass sun/font/AttributeValues$1
instanceKlass sun/font/TextLabel
instanceKlass sun/font/Decoration$Label
instanceKlass sun/font/TextSource
instanceKlass sun/font/TextLineComponent
instanceKlass sun/font/TextLabelFactory
instanceKlass sun/font/Decoration
instanceKlass jdk/internal/icu/impl/Trie2$UTrie2Header
instanceKlass jdk/internal/icu/impl/Trie2$1
instanceKlass jdk/internal/icu/impl/Trie2$ValueMapper
instanceKlass jdk/internal/icu/impl/Trie2
instanceKlass jdk/internal/icu/impl/UBiDiProps$IsAcceptable
instanceKlass jdk/internal/icu/impl/UBiDiProps
instanceKlass jdk/internal/icu/lang/UCharacter
instanceKlass jdk/internal/icu/text/BidiBase$ImpTabPair
instanceKlass jdk/internal/icu/text/BidiBase
instanceKlass java/text/Bidi
instanceKlass java/awt/font/TextLine$Function
instanceKlass java/awt/font/TextLine
instanceKlass java/awt/font/LineMetrics
instanceKlass sun/font/CoreMetrics
instanceKlass java/awt/font/TextLayout$CaretPolicy
instanceKlass java/awt/font/TextLayout
instanceKlass javax/swing/SizeRequirements
instanceKlass sun/swing/SwingUtilities2$KeyPair
instanceKlass sun/awt/NullComponentPeer
instanceKlass sun/awt/LightweightPeerHolder
instanceKlass java/awt/peer/LightweightPeer
instanceKlass sun/awt/im/ExecutableInputMethodManager$3
instanceKlass sun/awt/im/InputMethodLocator
instanceKlass sun/awt/windows/WInputMethodDescriptor
instanceKlass java/awt/im/spi/InputMethodDescriptor
instanceKlass sun/awt/im/InputMethodManager
instanceKlass sun/awt/windows/TranslucentWindowPainter
instanceKlass sun/java2d/loops/GraphicsPrimitive$GeneralBinaryOp
instanceKlass java/util/TimSort
instanceKlass sun/java2d/loops/GraphicsPrimitiveMgr$PrimitiveSpec
instanceKlass sun/java2d/loops/RenderLoops
instanceKlass sun/awt/image/BufImgSurfaceData$ICMColorData
instanceKlass sun/awt/FontConfiguration$2
instanceKlass sun/awt/NativeLibLoader$1
instanceKlass sun/awt/NativeLibLoader
instanceKlass sun/awt/PlatformFont
instanceKlass java/awt/peer/FontPeer
instanceKlass sun/awt/AWTAccessor$SystemColorAccessor
instanceKlass sun/java2d/StateTrackableDelegate$1
instanceKlass sun/java2d/StateTracker$2
instanceKlass sun/java2d/StateTracker$1
instanceKlass sun/java2d/StateTracker
instanceKlass sun/java2d/SurfaceDataProxy
instanceKlass sun/awt/image/SurfaceManager$FlushableCacheData
instanceKlass sun/java2d/DefaultDisposerRecord
instanceKlass sun/java2d/windows/GDIRenderer
instanceKlass sun/java2d/loops/GraphicsPrimitiveMgr$2
instanceKlass sun/java2d/loops/GraphicsPrimitiveMgr$1
instanceKlass sun/java2d/loops/GeneralRenderer
instanceKlass sun/java2d/loops/CustomComponent
instanceKlass sun/java2d/pipe/ValidatePipe
instanceKlass java/awt/BasicStroke
instanceKlass java/awt/Stroke
instanceKlass java/awt/AlphaComposite
instanceKlass sun/java2d/loops/XORComposite
instanceKlass sun/awt/ConstrainableGraphics
instanceKlass sun/java2d/loops/CompositeType
instanceKlass sun/java2d/loops/GraphicsPrimitiveMgr
instanceKlass sun/java2d/d3d/D3DBlitLoops
instanceKlass sun/java2d/loops/GraphicsPrimitive
instanceKlass sun/java2d/loops/ProcessPath$DrawHandler
instanceKlass sun/java2d/pipe/BufferedRenderPipe$AAParallelogramPipe
instanceKlass sun/java2d/pipe/BufferedRenderPipe
instanceKlass sun/java2d/pipe/hw/AccelSurface
instanceKlass sun/java2d/ScreenUpdateManager
instanceKlass javax/swing/RepaintManager$2
instanceKlass sun/awt/windows/WComponentPeer$2
instanceKlass java/awt/SequencedEvent$2
instanceKlass java/awt/SequencedEvent$1
instanceKlass sun/awt/AWTAccessor$SequencedEventAccessor
instanceKlass sun/awt/im/InputMethodWindow
instanceKlass sun/awt/ExtendedKeyCodes
instanceKlass sun/awt/RepaintArea
instanceKlass sun/awt/windows/WWindowPeer$GuiDisposedListener
instanceKlass sun/awt/windows/WWindowPeer$ActiveWindowListener
instanceKlass java/awt/peer/CanvasPeer
instanceKlass java/awt/peer/PanelPeer
instanceKlass java/awt/peer/FramePeer
instanceKlass java/awt/peer/WindowPeer
instanceKlass java/awt/peer/ContainerPeer
instanceKlass java/util/concurrent/TimeUnit$1
instanceKlass javax/swing/TimerQueue$DelayedTimer
instanceKlass javax/swing/plaf/metal/MetalScrollPaneUI$1
instanceKlass javax/swing/plaf/basic/BasicScrollPaneUI$Handler
instanceKlass javax/swing/plaf/basic/BasicScrollBarUI$ScrollListener
instanceKlass javax/swing/plaf/basic/BasicScrollBarUI$Handler
instanceKlass javax/swing/plaf/basic/BasicScrollBarUI$PropertyChangeHandler
instanceKlass javax/swing/plaf/basic/BasicScrollBarUI$ModelListener
instanceKlass javax/swing/plaf/metal/MetalBumps
instanceKlass javax/swing/JScrollBar$ModelListener
instanceKlass java/awt/Adjustable
instanceKlass javax/swing/ViewportLayout
instanceKlass javax/swing/ScrollPaneLayout
instanceKlass sun/invoke/util/VerifyAccess$1
instanceKlass java/awt/CardLayout$Card
instanceKlass java/lang/StrictMath
instanceKlass java/awt/image/MultiResolutionImage
instanceKlass java/awt/MediaEntry
instanceKlass java/awt/MediaTracker
instanceKlass javax/swing/ImageIcon$2
instanceKlass javax/swing/ImageIcon$1
instanceKlass javax/swing/ImageIcon
instanceKlass net/runelite/client/ui/ColorScheme
instanceKlass java/awt/GridBagConstraints
instanceKlass java/awt/GridBagLayout
instanceKlass java/awt/event/ComponentAdapter
instanceKlass javax/swing/BorderFactory
instanceKlass net/runelite/client/plugins/microbot/Microbot
instanceKlass net/runelite/client/input/MouseListener
instanceKlass net/runelite/client/ui/ClientUI
instanceKlass com/sun/imageio/plugins/common/ReaderUtil
instanceKlass java/awt/image/BufferedImage$1
instanceKlass sun/awt/image/NativeLibLoader$1
instanceKlass sun/awt/image/NativeLibLoader
instanceKlass java/awt/image/SampleModel
instanceKlass java/awt/image/Raster
instanceKlass java/awt/image/DataBuffer$1
instanceKlass sun/awt/image/SunWritableRaster$DataStealer
instanceKlass java/awt/image/DataBuffer
instanceKlass com/sun/imageio/plugins/png/PNGImageDataEnumeration
instanceKlass javax/imageio/IIOParam
instanceKlass javax/imageio/metadata/IIOMetadata
instanceKlass javax/imageio/ImageIO$ImageReaderIterator
instanceKlass javax/imageio/spi/FilterIterator
instanceKlass javax/imageio/ImageIO$CanDecodeInputFilter
instanceKlass javax/imageio/spi/ServiceRegistry$Filter
instanceKlass javax/imageio/stream/MemoryCacheImageInputStream$StreamDisposerRecord
instanceKlass javax/imageio/stream/MemoryCache
instanceKlass javax/imageio/stream/ImageInputStreamImpl
instanceKlass javax/imageio/spi/PartialOrderIterator
instanceKlass javax/imageio/ImageIO$CacheInfo
instanceKlass javax/imageio/ImageTypeSpecifier
instanceKlass javax/imageio/ImageWriter
instanceKlass javax/imageio/ImageTranscoder
instanceKlass javax/imageio/metadata/IIOMetadataFormat
instanceKlass javax/imageio/ImageReader
instanceKlass javax/imageio/spi/IIORegistry$1
instanceKlass com/sun/imageio/plugins/jpeg/JPEG
instanceKlass javax/imageio/stream/ImageOutputStream
instanceKlass javax/imageio/spi/DigraphNode
instanceKlass javax/imageio/stream/ImageInputStream
instanceKlass javax/imageio/spi/SubRegistry
instanceKlass javax/imageio/spi/IIOServiceProvider
instanceKlass javax/imageio/spi/RegisterableService
instanceKlass javax/imageio/spi/ServiceRegistry
instanceKlass javax/imageio/ImageIO
instanceKlass java/awt/Composite
instanceKlass net/runelite/client/util/ImageUtil
instanceKlass javax/swing/plaf/basic/BasicHTML
instanceKlass java/beans/VetoableChangeListener
instanceKlass javax/swing/event/AncestorListener
instanceKlass javax/swing/plaf/basic/BasicButtonListener
instanceKlass javax/swing/AbstractButton$Handler
instanceKlass javax/swing/DefaultButtonModel
instanceKlass javax/swing/ButtonModel
instanceKlass java/awt/CardLayout
instanceKlass java/util/concurrent/ForkJoinPool$WorkQueue
instanceKlass java/util/concurrent/ForkJoinPool$DefaultCommonPoolForkJoinWorkerThreadFactory
instanceKlass java/util/concurrent/ForkJoinPool$1
instanceKlass java/util/concurrent/ForkJoinPool$DefaultForkJoinWorkerThreadFactory
instanceKlass javax/swing/plaf/basic/BasicProgressBarUI$Handler
instanceKlass java/util/concurrent/ForkJoinPool$ForkJoinWorkerThreadFactory
instanceKlass javax/swing/JProgressBar$ModelListener
instanceKlass javax/swing/event/UndoableEditListener
instanceKlass sun/swing/text/UndoableEditLockSupport
instanceKlass java/util/concurrent/locks/AbstractQueuedSynchronizer$Node
instanceKlass javax/swing/text/DefaultCaret$1
instanceKlass javax/swing/TimerQueue
instanceKlass javax/swing/text/AbstractDocument$UndoRedoDocumentEvent
instanceKlass javax/swing/event/DocumentEvent$ElementChange
instanceKlass sun/font/CMap
instanceKlass sun/font/FontScaler
instanceKlass sun/font/TrueTypeFont$DirectoryEntry
instanceKlass java/nio/channels/spi/AbstractInterruptibleChannel$1
instanceKlass sun/nio/ch/Interruptible
instanceKlass sun/font/TrueTypeFont$1
instanceKlass sun/font/TrueTypeFont$TTDisposerRecord
instanceKlass sun/font/StrikeCache$DisposableStrike
instanceKlass sun/font/FontStrikeDisposer
instanceKlass sun/java2d/Disposer$PollDisposable
instanceKlass sun/font/FontStrikeDesc
instanceKlass sun/font/FontDesignMetrics$MetricsKey
instanceKlass sun/awt/Win32FontManager$2
instanceKlass java/lang/ProcessEnvironment$CheckedEntry
instanceKlass java/lang/ProcessEnvironment$CheckedEntrySet$1
instanceKlass java/lang/ProcessEnvironment$EntryComparator
instanceKlass java/lang/ProcessEnvironment$NameComparator
instanceKlass sun/font/SunFontManager$3
instanceKlass sun/font/FontFamily
instanceKlass sun/font/CompositeFontDescriptor
instanceKlass sun/font/SunFontManager$FontRegistrationInfo
instanceKlass java/lang/Short$ShortCache
instanceKlass sun/awt/FontDescriptor
instanceKlass sun/awt/FontConfiguration
instanceKlass sun/font/SunFontManager$2
instanceKlass sun/awt/Win32FontManager$1
instanceKlass sun/font/FontManagerFactory$1
instanceKlass sun/font/FontManagerFactory
instanceKlass sun/font/GlyphList
instanceKlass sun/font/StrikeCache$1
instanceKlass sun/font/StrikeCache
instanceKlass sun/font/FontStrike
instanceKlass sun/font/CharToGlyphMapper
instanceKlass java/awt/geom/Path2D
instanceKlass sun/font/StrikeMetrics
instanceKlass sun/font/Font2D
instanceKlass sun/font/FontManagerNativeLibrary$1
instanceKlass sun/font/FontManagerNativeLibrary
instanceKlass sun/font/SunFontManager$1
instanceKlass sun/font/SunFontManager$T1Filter
instanceKlass sun/font/SunFontManager$TTFilter
instanceKlass sun/font/Font2DHandle
instanceKlass sun/font/SunFontManager
instanceKlass sun/font/FontManagerForSGE
instanceKlass sun/font/FontManager
instanceKlass sun/java2d/FontSupport
instanceKlass java/awt/FontMetrics
instanceKlass javax/swing/text/SegmentCache
instanceKlass javax/swing/text/Utilities
instanceKlass javax/swing/text/Segment
instanceKlass java/text/CharacterIterator
instanceKlass javax/swing/event/DocumentEvent$EventType
instanceKlass javax/swing/event/DocumentEvent
instanceKlass javax/swing/undo/AbstractUndoableEdit
instanceKlass javax/swing/undo/UndoableEdit
instanceKlass javax/swing/JTextField$ScrollRepainter
instanceKlass javax/swing/DefaultBoundedRangeModel
instanceKlass javax/swing/BoundedRangeModel
instanceKlass javax/swing/plaf/synth/SynthUI
instanceKlass javax/swing/plaf/synth/SynthConstants
instanceKlass javax/swing/text/JTextComponent$DefaultKeymap
instanceKlass javax/swing/text/Keymap
instanceKlass javax/swing/text/PlainView$2
instanceKlass java/awt/Graphics
instanceKlass javax/swing/text/PlainView$1
instanceKlass javax/swing/text/PlainView$FPMethodItem
instanceKlass javax/swing/text/TabExpander
instanceKlass javax/swing/text/StyleContext$KeyEnumeration
instanceKlass javax/swing/text/GapContent$StickyPosition
instanceKlass javax/swing/text/Position
instanceKlass javax/swing/text/AbstractDocument$1
instanceKlass javax/swing/text/AbstractDocument$AbstractElement
instanceKlass javax/swing/tree/TreeNode
instanceKlass javax/swing/text/Element
instanceKlass javax/swing/text/StyleContext$SmallAttributeSet
instanceKlass javax/swing/text/StyleContext$NamedStyle
instanceKlass javax/swing/text/Style
instanceKlass javax/swing/text/SimpleAttributeSet$EmptyAttributeSet
instanceKlass javax/swing/text/SimpleAttributeSet
instanceKlass javax/swing/text/MutableAttributeSet
instanceKlass javax/swing/text/AttributeSet
instanceKlass javax/swing/text/StyleContext$FontKey
instanceKlass javax/swing/text/AttributeSet$ParagraphAttribute
instanceKlass javax/swing/text/AttributeSet$ColorAttribute
instanceKlass javax/swing/text/AttributeSet$FontAttribute
instanceKlass javax/swing/text/AttributeSet$CharacterAttribute
instanceKlass javax/swing/text/StyleConstants
instanceKlass javax/swing/text/StyleContext
instanceKlass javax/swing/text/AbstractDocument$AttributeContext
instanceKlass javax/swing/text/GapVector
instanceKlass javax/swing/text/AbstractDocument$Content
instanceKlass javax/swing/text/AbstractDocument
instanceKlass javax/swing/TransferHandler$TransferSupport
instanceKlass javax/swing/TransferHandler$DropHandler
instanceKlass java/awt/datatransfer/SystemFlavorMap$SoftCache
instanceKlass java/awt/datatransfer/DataFlavor
instanceKlass java/io/Externalizable
instanceKlass sun/awt/datatransfer/DesktopDatatransferServiceImpl
instanceKlass sun/datatransfer/DataFlavorUtil$DefaultDesktopDatatransferService
instanceKlass sun/datatransfer/DesktopDatatransferService
instanceKlass sun/datatransfer/DataFlavorUtil
instanceKlass java/awt/datatransfer/SystemFlavorMap
instanceKlass java/awt/datatransfer/FlavorTable
instanceKlass java/awt/datatransfer/FlavorMap
instanceKlass java/awt/dnd/DropTargetContext$1
instanceKlass sun/awt/AWTAccessor$DropTargetContextAccessor
instanceKlass java/awt/dnd/DropTargetContext
instanceKlass java/awt/dnd/DropTarget
instanceKlass java/awt/dnd/DropTargetListener
instanceKlass javax/swing/ClientPropertyKey$1
instanceKlass sun/awt/AWTAccessor$ClientPropertyKeyAccessor
instanceKlass javax/swing/text/DefaultHighlighter$SafeDamager
instanceKlass javax/swing/text/LayeredHighlighter$LayerPainter
instanceKlass javax/swing/text/Highlighter$HighlightPainter
instanceKlass javax/swing/text/Highlighter$Highlight
instanceKlass javax/swing/text/LayeredHighlighter
instanceKlass javax/swing/Timer$DoPostEvent
instanceKlass javax/swing/Timer
instanceKlass javax/swing/text/Document
instanceKlass javax/swing/text/DefaultCaret$Handler
instanceKlass javax/swing/text/Caret
instanceKlass javax/swing/plaf/metal/MetalBorders
instanceKlass javax/swing/plaf/metal/DefaultMetalTheme$FontDelegate$1
instanceKlass java/awt/event/MouseAdapter
instanceKlass javax/swing/event/MouseInputListener
instanceKlass javax/swing/plaf/basic/DragRecognitionSupport$BeforeDrag
instanceKlass javax/swing/plaf/basic/BasicTextUI$UpdateHandler
instanceKlass javax/swing/event/DocumentListener
instanceKlass javax/swing/text/View
instanceKlass javax/swing/text/Position$Bias
instanceKlass sun/swing/UIAction
instanceKlass javax/swing/TransferHandler
instanceKlass javax/swing/text/EditorKit
instanceKlass javax/swing/text/ViewFactory
instanceKlass java/awt/AWTEventMulticaster
instanceKlass java/awt/event/MouseWheelListener
instanceKlass java/awt/event/HierarchyBoundsListener
instanceKlass java/awt/event/HierarchyListener
instanceKlass java/awt/event/InputMethodListener
instanceKlass java/awt/event/TextListener
instanceKlass java/awt/event/AdjustmentListener
instanceKlass java/awt/event/ItemListener
instanceKlass java/awt/event/WindowStateListener
instanceKlass java/awt/event/WindowFocusListener
instanceKlass java/awt/event/WindowListener
instanceKlass java/awt/event/KeyListener
instanceKlass java/awt/event/ContainerListener
instanceKlass java/awt/event/FocusListener
instanceKlass javax/swing/event/ChangeListener
instanceKlass javax/swing/AbstractAction
instanceKlass javax/swing/Action
instanceKlass com/sun/beans/util/Cache$CacheEntry
instanceKlass com/sun/beans/util/Cache
instanceKlass javax/swing/text/JTextComponent$1
instanceKlass sun/swing/SwingAccessor$JTextComponentAccessor
instanceKlass javax/swing/ActionMap
instanceKlass java/awt/event/KeyEvent$1
instanceKlass sun/awt/AWTAccessor$KeyEventAccessor
instanceKlass java/awt/VKCollection
instanceKlass javax/swing/InputMap
instanceKlass javax/swing/LayoutComparator
instanceKlass javax/swing/RepaintManager$PaintManager
instanceKlass javax/swing/JRootPane$RootLayout
instanceKlass javax/swing/ArrayTable
instanceKlass com/sun/java/swing/SwingUtilities3
instanceKlass javax/swing/RepaintManager$ProcessingRunnable
instanceKlass sun/reflect/misc/ReflectUtil
instanceKlass sun/util/ResourceBundleEnumeration
instanceKlass javax/swing/UIDefaults$1
instanceKlass java/awt/FlowLayout
instanceKlass java/awt/Window$WindowDisposerRecord
instanceKlass java/awt/geom/RectangularShape
instanceKlass java/awt/Shape
instanceKlass java/awt/BorderLayout
instanceKlass java/awt/LayoutManager2
instanceKlass java/awt/GraphicsConfiguration
instanceKlass sun/awt/image/SurfaceManager$ProxiedGraphicsConfig
instanceKlass sun/java2d/pipe/hw/AccelGraphicsConfig
instanceKlass sun/java2d/pipe/hw/BufferedContextProvider
instanceKlass sun/java2d/pipe/BufferedContext
instanceKlass sun/java2d/pipe/hw/ContextCapabilities
instanceKlass sun/java2d/d3d/D3DGraphicsDevice$1
instanceKlass sun/java2d/d3d/D3DGraphicsDevice$1Result
instanceKlass sun/java2d/d3d/D3DRenderQueue$1
instanceKlass sun/java2d/pipe/RenderBuffer
instanceKlass sun/java2d/pipe/RenderQueue
instanceKlass java/awt/GraphicsDevice
instanceKlass java/awt/Cursor$1
instanceKlass sun/awt/AWTAccessor$CursorAccessor
instanceKlass java/awt/geom/Point2D
instanceKlass java/awt/Cursor
instanceKlass java/awt/Component$3
instanceKlass java/awt/ComponentOrientation
instanceKlass javax/swing/JComponent$2
instanceKlass javax/swing/JComponent$1
instanceKlass sun/swing/SwingAccessor$JComponentAccessor
instanceKlass javax/swing/UIManager$2
instanceKlass sun/awt/KeyboardFocusManagerPeerImpl
instanceKlass java/awt/peer/KeyboardFocusManagerPeer
instanceKlass javax/swing/KeyStroke$1
instanceKlass sun/swing/SwingAccessor$KeyStrokeAccessor
instanceKlass java/awt/AWTKeyStroke
instanceKlass java/awt/FocusTraversalPolicy
instanceKlass java/awt/DefaultKeyboardFocusManager$2
instanceKlass java/awt/DefaultKeyboardFocusManager$1
instanceKlass sun/awt/AWTAccessor$DefaultKeyboardFocusManagerAccessor
instanceKlass java/awt/KeyboardFocusManager$1
instanceKlass sun/awt/AWTAccessor$KeyboardFocusManagerAccessor
instanceKlass java/awt/KeyboardFocusManager
instanceKlass java/awt/KeyEventPostProcessor
instanceKlass java/awt/KeyEventDispatcher
instanceKlass sun/awt/PaintEventDispatcher
instanceKlass javax/swing/RepaintManager$1
instanceKlass sun/swing/SwingAccessor$RepaintManagerAccessor
instanceKlass javax/swing/RepaintManager$DisplayChangedHandler
instanceKlass javax/swing/RepaintManager
instanceKlass javax/swing/plaf/metal/OceanTheme$6
instanceKlass javax/swing/plaf/metal/OceanTheme$5
instanceKlass javax/swing/plaf/metal/OceanTheme$4
instanceKlass javax/swing/plaf/metal/OceanTheme$3
instanceKlass javax/swing/plaf/metal/OceanTheme$2
instanceKlass javax/swing/plaf/metal/OceanTheme$1
instanceKlass java/util/EventListenerProxy
instanceKlass sun/awt/SunDisplayChanger
instanceKlass sun/java2d/SurfaceManagerFactory
instanceKlass sun/java2d/windows/WindowsFlags$1
instanceKlass sun/java2d/windows/WindowsFlags
instanceKlass java/awt/GraphicsEnvironment$LocalGE
instanceKlass javax/swing/plaf/metal/MetalLookAndFeel$FontActiveValue
instanceKlass java/lang/invoke/MethodHandle$1
instanceKlass java/lang/Character$CharacterCache
instanceKlass javax/swing/UIDefaults$LazyInputMap
instanceKlass javax/swing/plaf/basic/BasicLookAndFeel$2
instanceKlass javax/swing/border/AbstractBorder
instanceKlass javax/swing/UIDefaults$ActiveValue
instanceKlass javax/swing/UIDefaults$LazyValue
instanceKlass javax/swing/plaf/metal/DefaultMetalTheme$FontDelegate
instanceKlass javax/swing/plaf/UIResource
instanceKlass javax/swing/plaf/metal/MetalTheme
instanceKlass sun/swing/DefaultLookup
instanceKlass javax/swing/LookAndFeel
instanceKlass javax/swing/UIManager$1
instanceKlass sun/swing/SwingAccessor
instanceKlass sun/swing/SwingAccessor$UIDefaultsAccessor
instanceKlass javax/swing/UIManager$LAFState
instanceKlass sun/swing/SwingUtilities2$LSBCacheEntry
instanceKlass sun/swing/StringUIClientPropertyKey
instanceKlass javax/swing/UIClientPropertyKey
instanceKlass java/awt/font/FontRenderContext
instanceKlass sun/swing/SwingUtilities2
instanceKlass java/util/IdentityHashMap$IdentityHashMapIterator
instanceKlass java/awt/Toolkit$DesktopPropertyChangeSupport$1
instanceKlass sun/awt/SunHints$Value
instanceKlass java/awt/RenderingHints$Key
instanceKlass sun/awt/SunHints
instanceKlass java/awt/RenderingHints
instanceKlass sun/awt/windows/WDesktopProperties$WinPlaySound
instanceKlass java/util/concurrent/locks/ReentrantReadWriteLock$WriteLock
instanceKlass java/util/concurrent/locks/ReentrantReadWriteLock$ReadLock
instanceKlass java/util/concurrent/locks/ReentrantReadWriteLock
instanceKlass java/util/concurrent/locks/ReadWriteLock
instanceKlass sun/awt/windows/ThemeReader
instanceKlass sun/awt/windows/WDesktopProperties
instanceKlass sun/awt/OSInfo$1
instanceKlass sun/awt/OSInfo$WindowsVersion
instanceKlass sun/awt/OSInfo
instanceKlass javax/swing/UIManager$LookAndFeelInfo
instanceKlass javax/swing/UIManager
instanceKlass com/intellij/rt/debugger/agent/CaptureStorage$ConcurrentIdentityWeakHashMap$HardKey
instanceKlass com/intellij/rt/debugger/agent/CaptureStorage$5
instanceKlass java/awt/TrayIcon
instanceKlass java/awt/MenuComponent
instanceKlass java/awt/EventQueue$4
instanceKlass sun/awt/dnd/SunDragSourceContextPeer
instanceKlass java/awt/dnd/peer/DragSourceContextPeer
instanceKlass java/awt/ModalEventFilter
instanceKlass java/awt/EventDispatchThread$HierarchyEventFilter
instanceKlass java/awt/EventFilter
instanceKlass java/awt/EventDispatchThread$1
instanceKlass java/awt/Conditional
instanceKlass sun/awt/EventQueueItem
instanceKlass java/awt/EventQueue$6
instanceKlass com/intellij/rt/debugger/agent/CaptureStorage$ConcurrentIdentityWeakHashMap$Key
instanceKlass com/intellij/rt/debugger/agent/CaptureStorage$ExceptionCapturedStack
instanceKlass com/intellij/rt/debugger/agent/CaptureStorage$CapturedStack
instanceKlass com/intellij/rt/debugger/agent/CaptureStorage$3
instanceKlass java/awt/event/InvocationEvent$1
instanceKlass sun/awt/AWTAccessor$InvocationEventAccessor
instanceKlass java/awt/ActiveEvent
instanceKlass org/jetbrains/capture/org/objectweb/asm/Handle
instanceKlass java/awt/EventQueue$1AWTInvocationLock
instanceKlass sun/awt/PostEventQueue
instanceKlass sun/awt/MostRecentKeyValue
instanceKlass java/awt/Queue
instanceKlass sun/awt/AppContext$1
instanceKlass sun/awt/AppContext$2
instanceKlass sun/awt/AppContext$3
instanceKlass sun/awt/AppContext$6
instanceKlass jdk/internal/access/JavaAWTAccess
instanceKlass sun/awt/AppContext$GetAppContextLock
instanceKlass sun/awt/AppContext
instanceKlass sun/awt/AWTAutoShutdown
instanceKlass sun/awt/util/ThreadGroupUtils
instanceKlass sun/java2d/Disposer$1
instanceKlass sun/java2d/Disposer
instanceKlass sun/awt/windows/WToolkit$ToolkitDisposer
instanceKlass sun/java2d/DisposerRecord
instanceKlass sun/awt/util/PerformanceLogger$TimeData
instanceKlass sun/awt/util/PerformanceLogger
instanceKlass sun/awt/SunToolkit$ModalityListenerList
instanceKlass sun/awt/ModalityListener
instanceKlass java/beans/PropertyChangeListener
instanceKlass java/beans/ChangeListenerMap
instanceKlass java/beans/PropertyChangeSupport
instanceKlass javax/swing/event/EventListenerList
instanceKlass sun/awt/windows/WDesktopPeer
instanceKlass java/awt/peer/DesktopPeer
instanceKlass sun/awt/DisplayChangedListener
instanceKlass sun/awt/image/SurfaceManager
instanceKlass sun/awt/image/SurfaceManager$ImageAccessor
instanceKlass java/awt/ImageCapabilities
instanceKlass sun/java2d/DestSurfaceProvider
instanceKlass sun/java2d/loops/RenderCache$Entry
instanceKlass sun/java2d/loops/RenderCache
instanceKlass sun/java2d/pipe/DrawImage
instanceKlass sun/java2d/pipe/GeneralCompositePipe
instanceKlass sun/java2d/pipe/SpanShapeRenderer
instanceKlass sun/java2d/pipe/AlphaPaintPipe
instanceKlass sun/java2d/pipe/AAShapePipe
instanceKlass sun/java2d/pipe/RegionIterator
instanceKlass sun/java2d/pipe/Region
instanceKlass sun/java2d/pipe/SpanClipRenderer
instanceKlass sun/java2d/pipe/PixelToShapeConverter
instanceKlass sun/java2d/pipe/AlphaColorPipe
instanceKlass sun/java2d/pipe/CompositePipe
instanceKlass sun/font/FontUtilities$1
instanceKlass sun/font/FontUtilities
instanceKlass sun/java2d/pipe/GlyphListPipe
instanceKlass sun/java2d/pipe/OutlineTextRenderer
instanceKlass java/util/concurrent/ConcurrentLinkedQueue$Node
instanceKlass sun/java2d/ReentrantContextProvider
instanceKlass sun/java2d/marlin/FloatMath
instanceKlass sun/java2d/marlin/MarlinProperties
instanceKlass sun/java2d/marlin/MarlinConst
instanceKlass sun/java2d/pipe/RenderingEngine
instanceKlass sun/java2d/pipe/LoopPipe
instanceKlass sun/java2d/pipe/LoopBasedPipe
instanceKlass sun/java2d/pipe/ParallelogramPipe
instanceKlass sun/java2d/pipe/NullPipe
instanceKlass sun/java2d/pipe/DrawImagePipe
instanceKlass sun/java2d/pipe/TextPipe
instanceKlass sun/java2d/pipe/ShapeDrawPipe
instanceKlass sun/java2d/pipe/PixelFillPipe
instanceKlass sun/java2d/pipe/PixelDrawPipe
instanceKlass sun/java2d/StateTrackableDelegate$2
instanceKlass sun/java2d/StateTrackableDelegate
instanceKlass sun/java2d/cmm/ProfileDeferralInfo
instanceKlass java/awt/color/ICC_Profile$BuiltInProfile
instanceKlass java/awt/color/ICC_Profile
instanceKlass java/awt/color/ColorSpace$BuiltInSpace
instanceKlass java/awt/color/ColorSpace
instanceKlass java/awt/image/ColorModel$1
instanceKlass java/awt/image/ColorModel
instanceKlass sun/awt/image/PixelConverter
instanceKlass sun/java2d/loops/SurfaceType
instanceKlass sun/java2d/SurfaceData
instanceKlass sun/java2d/Surface
instanceKlass sun/java2d/StateTrackable
instanceKlass sun/java2d/DisposerTarget
instanceKlass sun/awt/windows/WToolkit$1
instanceKlass sun/awt/WeakIdentityHashMap
instanceKlass sun/awt/KeyboardFocusManagerPeerProvider
instanceKlass sun/awt/InputMethodSupport
instanceKlass sun/awt/ComponentFactory
instanceKlass java/awt/EventQueue$3
instanceKlass java/awt/EventQueue$2
instanceKlass sun/awt/AWTAccessor$EventQueueAccessor
instanceKlass java/awt/EventQueue$1
instanceKlass java/awt/EventQueue
instanceKlass javax/swing/SwingUtilities
instanceKlass java/awt/Frame$1
instanceKlass sun/awt/AWTAccessor$FrameAccessor
instanceKlass java/awt/Window$1
instanceKlass sun/awt/AWTAccessor$WindowAccessor
instanceKlass java/awt/Container$1
instanceKlass sun/awt/AWTAccessor$ContainerAccessor
instanceKlass java/awt/geom/Dimension2D
instanceKlass java/awt/LightweightDispatcher
instanceKlass java/awt/event/AWTEventListener
instanceKlass java/awt/Component$DummyRequestFocusController
instanceKlass sun/awt/RequestFocusController
instanceKlass java/awt/Component$1
instanceKlass sun/awt/AWTAccessor$ComponentAccessor
instanceKlass java/awt/font/JavaAWTFontAccessImpl
instanceKlass jdk/internal/access/JavaAWTFontAccess
instanceKlass sun/font/AttributeValues
instanceKlass java/awt/geom/AffineTransform
instanceKlass sun/font/FontAccess
instanceKlass java/awt/Font
instanceKlass sun/awt/windows/WObjectPeer
instanceKlass java/awt/dnd/peer/DropTargetPeer
instanceKlass java/awt/peer/ComponentPeer
instanceKlass java/awt/event/InputEvent$1
instanceKlass sun/awt/AWTAccessor$InputEventAccessor
instanceKlass java/awt/event/NativeLibLoader$1
instanceKlass java/awt/event/NativeLibLoader
instanceKlass java/awt/AWTEvent$1
instanceKlass sun/awt/AWTAccessor$AWTEventAccessor
instanceKlass java/util/EventObject
instanceKlass sun/awt/PlatformGraphicsInfo
instanceKlass java/awt/GraphicsEnvironment
instanceKlass java/awt/Insets
instanceKlass java/awt/Toolkit$1
instanceKlass java/awt/Toolkit$2
instanceKlass java/util/ResourceBundle$3
instanceKlass java/util/ResourceBundle$CacheKeyReference
instanceKlass java/util/ResourceBundle$CacheKey
instanceKlass java/awt/Toolkit$4
instanceKlass sun/awt/AWTAccessor
instanceKlass java/awt/Toolkit$3
instanceKlass sun/awt/AWTAccessor$ToolkitAccessor
instanceKlass java/awt/Toolkit
instanceKlass java/awt/Component$AWTTreeLock
instanceKlass java/awt/ItemSelectable
instanceKlass javax/swing/ScrollPaneConstants
instanceKlass javax/swing/plaf/ComponentUI
instanceKlass javax/swing/Scrollable
instanceKlass javax/swing/Icon
instanceKlass java/awt/image/WritableRenderedImage
instanceKlass java/awt/image/RenderedImage
instanceKlass java/awt/Image
instanceKlass javax/swing/border/Border
instanceKlass java/awt/event/ComponentListener
instanceKlass javax/swing/text/Highlighter
instanceKlass java/awt/datatransfer/Transferable
instanceKlass java/awt/datatransfer/ClipboardOwner
instanceKlass java/awt/event/MouseMotionListener
instanceKlass javax/swing/SwingConstants
instanceKlass java/awt/event/MouseListener
instanceKlass java/awt/LayoutManager
instanceKlass java/awt/Component
instanceKlass java/awt/image/ImageObserver
instanceKlass java/awt/MenuContainer
instanceKlass javax/swing/TransferHandler$HasGetTransferHandler
instanceKlass javax/swing/RootPaneContainer
instanceKlass javax/accessibility/Accessible
instanceKlass javax/swing/WindowConstants
instanceKlass java/awt/event/ActionListener
instanceKlass com/google/gson/internal/bind/ReflectiveTypeAdapterFactory$BoundField
instanceKlass com/google/gson/internal/bind/ReflectiveTypeAdapterFactory
instanceKlass com/google/gson/internal/bind/JsonAdapterAnnotationTypeAdapterFactory
instanceKlass com/google/gson/internal/bind/MapTypeAdapterFactory
instanceKlass com/google/gson/internal/bind/CollectionTypeAdapterFactory
instanceKlass com/google/gson/internal/bind/ArrayTypeAdapter$1
instanceKlass com/google/gson/internal/bind/SqlDateTypeAdapter$1
instanceKlass com/google/gson/internal/bind/TimeTypeAdapter$1
instanceKlass com/google/gson/internal/bind/DateTypeAdapter$1
instanceKlass java/util/concurrent/atomic/AtomicLongArray
instanceKlass com/google/gson/internal/bind/ObjectTypeAdapter$1
instanceKlass jdk/internal/reflect/UnsafeFieldAccessorFactory
instanceKlass sun/misc/Unsafe
instanceKlass com/google/gson/internal/JavaVersion
instanceKlass com/google/gson/internal/reflect/ReflectionAccessor
instanceKlass com/google/gson/internal/ObjectConstructor
instanceKlass com/google/gson/internal/ConstructorConstructor
instanceKlass com/google/gson/Gson
instanceKlass net/runelite/http/api/gson/IllegalReflectionExclusion
instanceKlass java/awt/Color
instanceKlass java/awt/Paint
instanceKlass java/awt/Transparency
instanceKlass com/google/gson/internal/bind/TypeAdapters$31
instanceKlass com/google/gson/internal/bind/TypeAdapters$30
instanceKlass com/google/gson/internal/bind/TypeAdapters$34
instanceKlass com/google/gson/internal/bind/TypeAdapters$26
instanceKlass java/util/Currency
instanceKlass java/util/UUID
instanceKlass com/google/gson/internal/bind/TypeAdapters$35
instanceKlass java/util/concurrent/atomic/AtomicIntegerArray
instanceKlass com/google/gson/internal/bind/TypeAdapters$33
instanceKlass com/google/gson/internal/bind/TypeAdapters$32
instanceKlass com/google/gson/internal/bind/TypeAdapters
instanceKlass java/lang/reflect/ParameterizedType
instanceKlass java/lang/reflect/GenericArrayType
instanceKlass java/lang/reflect/WildcardType
instanceKlass com/google/gson/internal/$Gson$Types
instanceKlass com/google/gson/reflect/TypeToken
instanceKlass com/google/gson/internal/$Gson$Preconditions
instanceKlass com/google/gson/InstanceCreator
instanceKlass com/google/gson/JsonDeserializer
instanceKlass com/google/gson/JsonSerializer
instanceKlass com/google/gson/stream/JsonWriter
instanceKlass com/google/gson/stream/JsonReader
instanceKlass com/google/gson/internal/Excluder
instanceKlass com/google/gson/TypeAdapterFactory
instanceKlass com/google/gson/FieldNamingStrategy
instanceKlass com/google/gson/TypeAdapter
instanceKlass com/google/gson/GsonBuilder
instanceKlass okhttp3/MediaType
instanceKlass com/google/gson/ExclusionStrategy
instanceKlass net/runelite/http/api/RuneLiteAPI
instanceKlass jdk/internal/icu/impl/NormalizerImpl$ReorderingBuffer
instanceKlass jdk/internal/icu/impl/NormalizerImpl$UTF16Plus
instanceKlass jdk/internal/icu/util/CodePointTrie$Data
instanceKlass jdk/internal/icu/util/CodePointTrie$1
instanceKlass jdk/internal/icu/util/CodePointMap
instanceKlass jdk/internal/icu/util/VersionInfo
instanceKlass jdk/internal/module/Checks
instanceKlass jdk/internal/icu/impl/ICUBinary$1
instanceKlass jdk/internal/icu/impl/ICUBinary
instanceKlass jdk/internal/icu/impl/NormalizerImpl$IsAcceptable
instanceKlass jdk/internal/icu/impl/ICUBinary$Authenticate
instanceKlass jdk/internal/icu/impl/NormalizerImpl
instanceKlass jdk/internal/icu/impl/Norm2AllModes$Norm2AllModesSingleton
instanceKlass jdk/internal/icu/impl/Norm2AllModes$NFKCSingleton
instanceKlass jdk/internal/icu/impl/Norm2AllModes
instanceKlass jdk/internal/icu/text/Normalizer2
instanceKlass jdk/internal/icu/text/NormalizerBase$ModeImpl
instanceKlass jdk/internal/icu/text/NormalizerBase$NFKDModeImpl
instanceKlass jdk/internal/icu/text/NormalizerBase$1
instanceKlass jdk/internal/icu/text/NormalizerBase$Mode
instanceKlass jdk/internal/icu/text/NormalizerBase
instanceKlass java/text/Normalizer
instanceKlass sun/security/pkcs/SignerInfo
instanceKlass java/lang/Byte$ByteCache
instanceKlass sun/security/pkcs/PKCS9Attribute
instanceKlass sun/security/x509/AVAKeyword
instanceKlass okhttp3/internal/tls/BasicTrustRootIndex
instanceKlass java/util/logging/Logger$SystemLoggerHelper$1
instanceKlass java/util/logging/Logger$SystemLoggerHelper
instanceKlass java/util/logging/LogManager$4
instanceKlass jdk/internal/logger/BootstrapLogger$BootstrapExecutors
instanceKlass jdk/internal/logger/LoggerFinderLoader
instanceKlass java/util/stream/Streams
instanceKlass java/util/stream/Stream$Builder
instanceKlass java/util/stream/Streams$AbstractStreamBuilderImpl
instanceKlass java/util/Collections$3
instanceKlass java/util/logging/LogManager$LoggerContext$1
instanceKlass java/util/logging/LogManager$VisitedLoggers
instanceKlass java/util/logging/LogManager$2
instanceKlass java/util/logging/LogManager$LoggingProviderAccess
instanceKlass java/lang/Shutdown$Lock
instanceKlass java/lang/Shutdown
instanceKlass java/lang/ApplicationShutdownHooks$1
instanceKlass java/lang/ApplicationShutdownHooks
instanceKlass java/util/logging/LogManager$LogNode
instanceKlass java/util/logging/LogManager$LoggerContext
instanceKlass java/util/logging/LogManager$1
instanceKlass java/util/logging/LogManager
instanceKlass java/util/logging/Logger$ConfigurationData
instanceKlass java/util/logging/Logger$LoggerBundle
instanceKlass java/util/logging/Level
instanceKlass java/util/logging/Handler
instanceKlass java/util/logging/Logger
instanceKlass javax/net/ssl/HandshakeCompletedListener
instanceKlass java/util/EventListener
instanceKlass javax/net/ssl/SSLSession
instanceKlass java/net/Socket
instanceKlass javax/net/ssl/SSLParameters
instanceKlass java/net/SocketAddress
instanceKlass okhttp3/internal/platform/Platform
instanceKlass okhttp3/internal/tls/TrustRootIndex
instanceKlass okhttp3/internal/tls/CertificateChainCleaner
instanceKlass sun/security/provider/AbstractDrbg$NonceProvider
instanceKlass java/nio/file/Files$AcceptAllFilter
instanceKlass java/net/NetworkInterface$1
instanceKlass java/net/DefaultInterface
instanceKlass java/net/Inet6Address$Inet6AddressHolder
instanceKlass java/net/InetAddress$PlatformNameService
instanceKlass java/net/InetAddress$NameService
instanceKlass java/net/Inet6AddressImpl
instanceKlass java/net/InetAddressImpl
instanceKlass java/net/InetAddressImplFactory
instanceKlass java/util/concurrent/ConcurrentSkipListMap$Node
instanceKlass java/util/concurrent/ConcurrentSkipListMap$Index
instanceKlass java/util/concurrent/ConcurrentNavigableMap
instanceKlass java/net/InetAddress$InetAddressHolder
instanceKlass java/net/InetAddress$1
instanceKlass jdk/internal/access/JavaNetInetAddressAccess
instanceKlass java/net/InetAddress
instanceKlass java/net/InterfaceAddress
instanceKlass java/net/NetworkInterface
instanceKlass java/lang/constant/DynamicConstantDesc
instanceKlass java/lang/constant/DirectMethodHandleDesc$1
instanceKlass java/lang/constant/DirectMethodHandleDescImpl$1
instanceKlass java/lang/constant/DirectMethodHandleDescImpl
instanceKlass java/lang/constant/DirectMethodHandleDesc
instanceKlass java/lang/constant/MethodHandleDesc$1
instanceKlass java/lang/constant/MethodHandleDesc
instanceKlass java/lang/constant/MethodTypeDescImpl
instanceKlass java/lang/constant/MethodTypeDesc
instanceKlass java/lang/constant/ReferenceClassDescImpl
instanceKlass java/lang/constant/ConstantUtils
instanceKlass java/lang/constant/ClassDesc
instanceKlass java/lang/constant/ConstantDescs
instanceKlass java/lang/invoke/VarHandle$2
instanceKlass java/lang/invoke/VarHandle$TypesAndInvokers
instanceKlass sun/security/provider/ByteArrayAccess$BE
instanceKlass sun/security/provider/ByteArrayAccess
instanceKlass sun/security/provider/SeedGenerator$1
instanceKlass sun/security/provider/SeedGenerator
instanceKlass sun/security/provider/AbstractDrbg$SeederHolder
instanceKlass java/security/DrbgParameters$NextBytes
instanceKlass javax/net/ssl/X509ExtendedKeyManager
instanceKlass javax/net/ssl/X509KeyManager
instanceKlass javax/net/ssl/KeyManager
instanceKlass sun/security/provider/EntropySource
instanceKlass sun/security/provider/AbstractDrbg
instanceKlass java/security/DrbgParameters$Instantiation
instanceKlass java/security/DrbgParameters
instanceKlass sun/security/provider/MoreDrbgParameters
instanceKlass java/security/SecureRandomSpi
instanceKlass java/util/AbstractList$Itr
instanceKlass java/util/Random
instanceKlass java/util/random/RandomGenerator
instanceKlass sun/security/ssl/SSLSessionContextImpl
instanceKlass javax/net/ssl/SSLSessionContext
instanceKlass sun/security/ssl/EphemeralKeyManager$EphemeralKeyPair
instanceKlass sun/security/ssl/EphemeralKeyManager
instanceKlass sun/security/ssl/SSLContextImpl$CustomizedSSLProtocols
instanceKlass java/security/spec/NamedParameterSpec
instanceKlass sun/security/util/ECKeySizeParameterSpec
instanceKlass sun/security/ec/point/Point
instanceKlass java/security/KeyPairGeneratorSpi
instanceKlass javax/crypto/KeyAgreement
instanceKlass sun/security/util/MessageDigestSpi2
instanceKlass java/security/MessageDigestSpi
instanceKlass java/security/Signature$1
instanceKlass jdk/internal/access/JavaSecuritySignatureAccess
instanceKlass java/security/SignatureSpi
instanceKlass sun/security/ssl/JsseJce$EcAvailability
instanceKlass sun/security/ssl/SSLAlgorithmDecomposer$1
instanceKlass sun/security/ssl/Utilities
instanceKlass sun/security/ssl/JsseJce
instanceKlass sun/security/ssl/NamedGroup$XDHScheme
instanceKlass sun/security/ssl/NamedGroup$FFDHEScheme
instanceKlass sun/security/ssl/NamedGroup$ECDHEScheme
instanceKlass sun/security/ssl/NamedGroup$NamedGroupScheme
instanceKlass sun/security/ssl/SSLCipher$1
instanceKlass sun/security/ssl/SSLCipher$T13CC20P1305WriteCipherGenerator
instanceKlass sun/security/ssl/SSLCipher$T12CC20P1305WriteCipherGenerator
instanceKlass sun/security/ssl/SSLCipher$T13CC20P1305ReadCipherGenerator
instanceKlass sun/security/ssl/SSLCipher$T12CC20P1305ReadCipherGenerator
instanceKlass sun/security/ssl/SSLCipher$T13GcmWriteCipherGenerator
instanceKlass sun/security/ssl/SSLCipher$T13GcmReadCipherGenerator
instanceKlass java/lang/invoke/VarHandleByteArrayBase
instanceKlass sun/security/ssl/SSLCipher$T12GcmWriteCipherGenerator
instanceKlass sun/security/ssl/SSLCipher$T12GcmReadCipherGenerator
instanceKlass com/sun/crypto/provider/AESConstants
instanceKlass javax/crypto/JceSecurityManager$1
instanceKlass java/util/HashMap$HashMapSpliterator
instanceKlass java/util/stream/ForEachOps$ForEachOp
instanceKlass java/util/stream/ForEachOps
instanceKlass sun/security/ssl/SSLCipher$T11BlockWriteCipherGenerator
instanceKlass sun/security/ssl/SSLCipher$T11BlockReadCipherGenerator
instanceKlass com/sun/crypto/provider/PKCS5Padding
instanceKlass com/sun/crypto/provider/Padding
instanceKlass com/sun/crypto/provider/FeedbackCipher
instanceKlass com/sun/crypto/provider/SymmetricCipher
instanceKlass com/sun/crypto/provider/DESConstants
instanceKlass com/sun/crypto/provider/CipherCore
instanceKlass sun/security/ssl/SSLCipher$T10BlockWriteCipherGenerator
instanceKlass sun/security/ssl/SSLCipher$T10BlockReadCipherGenerator
instanceKlass javax/crypto/CipherSpi
instanceKlass javax/crypto/ProviderVerifier
instanceKlass java/lang/Class$Holder
instanceKlass javax/crypto/JceSecurity$3
instanceKlass javax/crypto/JceSecurity$2
instanceKlass java/net/spi/URLStreamHandlerProvider
instanceKlass java/net/URL$1
instanceKlass java/net/URL$2
instanceKlass javax/crypto/CryptoPolicyParser$CryptoPermissionEntry
instanceKlass javax/crypto/CryptoPolicyParser$GrantEntry
instanceKlass javax/crypto/CryptoPolicyParser
instanceKlass sun/nio/fs/BasicFileAttributesHolder
instanceKlass sun/nio/fs/WindowsDirectoryStream$WindowsDirectoryIterator
instanceKlass java/nio/file/Files$1
instanceKlass java/nio/file/DirectoryStream$Filter
instanceKlass sun/nio/fs/WindowsFileSystem$2
instanceKlass java/nio/file/PathMatcher
instanceKlass sun/nio/fs/Globs
instanceKlass sun/nio/fs/WindowsDirectoryStream
instanceKlass java/nio/file/DirectoryStream
instanceKlass sun/nio/fs/WindowsFileSystemProvider$1
instanceKlass javax/crypto/JceSecurity$1
instanceKlass javax/crypto/JceSecurity
instanceKlass sun/security/jca/ServiceId
instanceKlass javax/crypto/Cipher$Transform
instanceKlass javax/crypto/Cipher
instanceKlass sun/security/ssl/SSLCipher$StreamWriteCipherGenerator
instanceKlass sun/security/ssl/SSLCipher$StreamReadCipherGenerator
instanceKlass sun/security/ssl/SSLCipher$NullWriteCipherGenerator
instanceKlass sun/security/ssl/SSLCipher$WriteCipherGenerator
instanceKlass sun/security/ssl/SSLCipher$NullReadCipherGenerator
instanceKlass sun/security/ssl/SSLCipher$ReadCipherGenerator
instanceKlass java/util/AbstractMap$SimpleImmutableEntry
instanceKlass java/util/stream/MatchOps$BooleanTerminalSink
instanceKlass java/util/stream/MatchOps$MatchOp
instanceKlass java/util/stream/MatchOps
instanceKlass java/util/ArrayList$ArrayListSpliterator
instanceKlass java/time/Instant
instanceKlass java/time/zone/ZoneOffsetTransition
instanceKlass java/time/LocalTime
instanceKlass java/time/temporal/ValueRange
instanceKlass java/time/Duration
instanceKlass java/time/temporal/TemporalAmount
instanceKlass java/time/temporal/TemporalUnit
instanceKlass java/time/temporal/TemporalField
instanceKlass java/time/LocalDate
instanceKlass java/time/chrono/ChronoLocalDate
instanceKlass java/time/ZonedDateTime
instanceKlass java/time/chrono/ChronoZonedDateTime
instanceKlass java/time/LocalDateTime
instanceKlass java/time/chrono/ChronoLocalDateTime
instanceKlass java/time/temporal/Temporal
instanceKlass java/time/zone/ZoneOffsetTransitionRule
instanceKlass java/time/zone/ZoneRules
instanceKlass java/time/temporal/TemporalAdjuster
instanceKlass java/time/temporal/TemporalAccessor
instanceKlass java/time/ZoneId
instanceKlass sun/security/util/DisabledAlgorithmConstraints$Constraints$Holder
instanceKlass sun/security/util/DisabledAlgorithmConstraints$1
instanceKlass sun/security/util/DisabledAlgorithmConstraints$Constraint
instanceKlass sun/security/util/DisabledAlgorithmConstraints$Constraints
instanceKlass sun/security/util/AbstractAlgorithmConstraints$1
instanceKlass sun/security/util/AlgorithmDecomposer
instanceKlass sun/security/util/AbstractAlgorithmConstraints
instanceKlass sun/security/ssl/SSLAlgorithmConstraints
instanceKlass java/security/AlgorithmConstraints
instanceKlass javax/net/ssl/SSLContextSpi
instanceKlass javax/net/ssl/SSLContext
instanceKlass net/runelite/client/RuneLite$1
instanceKlass sun/security/mscapi/CKeyStore$1
instanceKlass sun/security/mscapi/CKeyStore$KeyEntry
instanceKlass sun/security/pkcs/ContentInfo
instanceKlass sun/security/pkcs/PKCS7
instanceKlass sun/security/mscapi/CKey
instanceKlass sun/security/util/Length
instanceKlass com/sun/security/sasl/Provider$1
instanceKlass com/sun/security/sasl/gsskerb/JdkSASL$1
instanceKlass sun/security/pkcs11/SunPKCS11$Descriptor
instanceKlass javax/security/auth/Subject
instanceKlass javax/security/auth/callback/CallbackHandler
instanceKlass sun/security/jgss/SunProvider$1
instanceKlass sun/security/smartcardio/SunPCSC$1
instanceKlass org/jcp/xml/dsig/internal/dom/XMLDSigRI$2
instanceKlass org/jcp/xml/dsig/internal/dom/XMLDSigRI$1
instanceKlass jdk/internal/misc/ScopedMemoryAccess$Scope
instanceKlass javax/net/ssl/X509ExtendedTrustManager
instanceKlass java/util/Hashtable$Enumerator
instanceKlass sun/security/validator/TrustStoreUtil
instanceKlass sun/security/x509/NetscapeCertTypeExtension$MapEntry
instanceKlass jdk/internal/reflect/ClassDefiner$1
instanceKlass jdk/internal/reflect/ClassDefiner
instanceKlass jdk/internal/reflect/MethodAccessorGenerator$1
instanceKlass jdk/internal/reflect/Label$PatchInfo
instanceKlass jdk/internal/reflect/Label
instanceKlass jdk/internal/reflect/UTF8
instanceKlass jdk/internal/reflect/ClassFileAssembler
instanceKlass jdk/internal/reflect/ByteVectorImpl
instanceKlass jdk/internal/reflect/ByteVector
instanceKlass jdk/internal/reflect/ByteVectorFactory
instanceKlass jdk/internal/reflect/AccessorGenerator
instanceKlass jdk/internal/reflect/ClassFileConstants
instanceKlass sun/security/x509/RFC822Name
instanceKlass sun/security/x509/DistributionPoint
instanceKlass java/security/cert/PolicyQualifierInfo
instanceKlass sun/security/x509/DNSName
instanceKlass sun/security/x509/URIName
instanceKlass sun/security/x509/GeneralName
instanceKlass sun/security/x509/AccessDescription
instanceKlass sun/security/util/ECUtil
instanceKlass java/security/interfaces/ECPublicKey
instanceKlass java/security/interfaces/ECKey
instanceKlass java/security/PrivateKey
instanceKlass javax/security/auth/Destroyable
instanceKlass java/security/AlgorithmParametersSpi
instanceKlass java/security/AlgorithmParameters
instanceKlass sun/util/logging/PlatformLogger
instanceKlass sun/util/logging/PlatformLogger$ConfigurableBridge$LoggerConfiguration
instanceKlass jdk/internal/logger/BootstrapLogger$RedirectedLoggers
instanceKlass java/lang/invoke/VarHandle$AccessDescriptor
instanceKlass jdk/internal/logger/LazyLoggers$LazyLoggerAccessor
instanceKlass jdk/internal/logger/LazyLoggers$LoggerAccessor
instanceKlass jdk/internal/logger/AbstractLoggerWrapper
instanceKlass sun/util/logging/internal/LoggingProviderImpl$LogManagerAccess
instanceKlass jdk/internal/logger/BootstrapLogger$DetectBackend$1
instanceKlass jdk/internal/logger/BootstrapLogger$DetectBackend
instanceKlass jdk/internal/logger/BootstrapLogger
instanceKlass sun/util/logging/PlatformLogger$ConfigurableBridge
instanceKlass sun/util/logging/PlatformLogger$Bridge
instanceKlass jdk/internal/logger/DefaultLoggerFinder$1
instanceKlass java/lang/System$LoggerFinder
instanceKlass jdk/internal/logger/LazyLoggers$LazyLoggerFactories
instanceKlass jdk/internal/logger/LazyLoggers$1
instanceKlass jdk/internal/logger/LazyLoggers
instanceKlass jdk/internal/misc/ThreadTracker
instanceKlass jdk/internal/event/EventHelper$ThreadTrackHolder
instanceKlass java/lang/System$Logger
instanceKlass jdk/internal/event/EventHelper
instanceKlass sun/security/jca/JCAUtil
instanceKlass sun/security/util/MemoryCache$CacheEntry
instanceKlass sun/security/x509/X509AttributeName
instanceKlass sun/security/x509/CertificatePolicyId
instanceKlass sun/security/x509/PolicyInformation
instanceKlass sun/security/x509/GeneralNames
instanceKlass sun/security/x509/KeyIdentifier
instanceKlass sun/security/x509/OIDMap$OIDInfo
instanceKlass sun/security/x509/PKIXExtensions
instanceKlass sun/security/x509/OIDMap
instanceKlass sun/security/x509/Extension
instanceKlass java/security/cert/Extension
instanceKlass sun/security/x509/CertificateExtensions
instanceKlass sun/security/rsa/RSAUtil
instanceKlass java/security/interfaces/RSAPublicKey
instanceKlass java/security/interfaces/RSAKey
instanceKlass java/security/spec/PSSParameterSpec
instanceKlass java/security/spec/RSAPrivateKeySpec
instanceKlass java/security/spec/RSAPublicKeySpec
instanceKlass java/security/KeyFactorySpi
instanceKlass sun/security/jca/ProviderList$ServiceList$1
instanceKlass java/security/KeyFactory
instanceKlass java/security/spec/EncodedKeySpec$1
instanceKlass jdk/internal/access/JavaSecuritySpecAccess
instanceKlass java/security/spec/EncodedKeySpec
instanceKlass java/security/spec/KeySpec
instanceKlass sun/security/util/BitArray
instanceKlass sun/security/x509/X509Key
instanceKlass java/security/PublicKey
instanceKlass sun/security/x509/CertificateX509Key
instanceKlass sun/security/x509/CertificateValidity
instanceKlass sun/security/x509/AVA
instanceKlass sun/security/x509/RDN
instanceKlass javax/security/auth/x500/X500Principal
instanceKlass sun/security/x509/X500Name$1
instanceKlass sun/security/x509/X500Name
instanceKlass sun/security/x509/GeneralNameInterface
instanceKlass sun/security/x509/CertificateAlgorithmId
instanceKlass sun/security/x509/SerialNumber
instanceKlass sun/security/x509/CertificateSerialNumber
instanceKlass sun/security/x509/CertificateVersion
instanceKlass sun/security/x509/X509CertInfo
instanceKlass sun/security/x509/CertAttrSet
instanceKlass sun/security/x509/AlgorithmId
instanceKlass sun/security/util/Cache$EqualByteArray
instanceKlass sun/security/util/IOUtils
instanceKlass sun/security/util/Cache
instanceKlass java/security/cert/CertificateFactorySpi
instanceKlass java/security/cert/CertificateFactory
instanceKlass sun/security/provider/JavaKeyStore$TrustedCertEntry
instanceKlass sun/security/util/DerInputStream
instanceKlass sun/security/util/DerValue
instanceKlass sun/security/action/OpenFileInputStreamAction
instanceKlass java/security/KeyStoreSpi
instanceKlass sun/security/ssl/SSLLogger
instanceKlass java/security/KeyStore$1
instanceKlass java/security/KeyStore
instanceKlass sun/security/ssl/TrustStoreManager$TrustStoreDescriptor$1
instanceKlass sun/security/util/FilePaths
instanceKlass sun/security/ssl/TrustStoreManager$TrustStoreDescriptor
instanceKlass sun/security/ssl/TrustStoreManager$TrustAnchorManager
instanceKlass sun/security/ssl/TrustStoreManager
instanceKlass sun/security/jca/GetInstance$Instance
instanceKlass jdk/internal/event/Event
instanceKlass java/security/spec/ECFieldF2m
instanceKlass sun/security/util/ObjectIdentifier
instanceKlass sun/security/util/ByteArrayTagOrder
instanceKlass sun/security/util/ByteArrayLexOrder
instanceKlass sun/security/util/DerEncoder
instanceKlass java/security/spec/ECParameterSpec
instanceKlass java/security/spec/AlgorithmParameterSpec
instanceKlass java/security/spec/ECPoint
instanceKlass java/security/spec/EllipticCurve
instanceKlass java/security/spec/ECFieldFp
instanceKlass java/security/spec/ECField
instanceKlass sun/security/util/CurveDB
instanceKlass sun/security/ec/SunEC$1
instanceKlass sun/security/mscapi/SunMSCAPI$2
instanceKlass sun/security/mscapi/SunMSCAPI$1
instanceKlass sun/security/jca/ProviderConfig$ProviderLoader
instanceKlass sun/security/jca/ProviderConfig$3
instanceKlass sun/security/rsa/SunRsaSignEntries
instanceKlass sun/security/util/SecurityProviderConstants
instanceKlass java/security/Provider$UString
instanceKlass java/security/Provider$Service
instanceKlass sun/security/provider/NativePRNG$NonBlocking
instanceKlass sun/security/provider/NativePRNG$Blocking
instanceKlass sun/security/provider/NativePRNG
instanceKlass sun/security/provider/SunEntries$1
instanceKlass sun/security/provider/SunEntries
instanceKlass sun/security/jca/ProviderList$2
instanceKlass jdk/internal/math/FloatingDecimal$ASCIIToBinaryBuffer
instanceKlass jdk/internal/math/FloatingDecimal$PreparedASCIIToBinaryBuffer
instanceKlass jdk/internal/math/FloatingDecimal$ASCIIToBinaryConverter
instanceKlass jdk/internal/math/FloatingDecimal$BinaryToASCIIBuffer
instanceKlass jdk/internal/math/FloatingDecimal$ExceptionalBinaryToASCIIBuffer
instanceKlass jdk/internal/math/FloatingDecimal$BinaryToASCIIConverter
instanceKlass jdk/internal/math/FloatingDecimal
instanceKlass javax/security/auth/login/Configuration$Parameters
instanceKlass java/security/Policy$Parameters
instanceKlass java/security/cert/CertStoreParameters
instanceKlass java/security/SecureRandomParameters
instanceKlass java/security/Provider$EngineDescription
instanceKlass java/security/Provider$ServiceKey
instanceKlass sun/security/jca/ProviderConfig
instanceKlass sun/security/jca/ProviderList
instanceKlass sun/security/jca/Providers
instanceKlass sun/security/jca/GetInstance
instanceKlass javax/net/ssl/TrustManagerFactorySpi
instanceKlass javax/net/ssl/TrustManagerFactory$1
instanceKlass javax/net/ssl/TrustManagerFactory
instanceKlass okhttp3/internal/cache/DiskLruCache$1
instanceKlass okhttp3/internal/cache/DiskLruCache
instanceKlass okhttp3/Cache$1
instanceKlass okhttp3/internal/io/FileSystem$1
instanceKlass okhttp3/internal/io/FileSystem
instanceKlass okhttp3/internal/cache/CacheRequest
instanceKlass okhttp3/internal/cache/InternalCache
instanceKlass okhttp3/Cache
instanceKlass okhttp3/Interceptor$Chain
instanceKlass okhttp3/Interceptor
instanceKlass okhttp3/Dns
instanceKlass okhttp3/internal/connection/RouteDatabase
instanceKlass java/util/concurrent/SynchronousQueue$TransferStack$SNode
instanceKlass java/util/concurrent/ForkJoinPool$ManagedBlocker
instanceKlass java/util/concurrent/SynchronousQueue$Transferer
instanceKlass okhttp3/internal/connection/RealConnectionPool
instanceKlass okhttp3/ConnectionPool
instanceKlass okhttp3/Request
instanceKlass okhttp3/Response
instanceKlass okhttp3/Route
instanceKlass okhttp3/Authenticator
instanceKlass okhttp3/CertificatePinner$Builder
instanceKlass java/security/cert/X509Extension
instanceKlass okhttp3/CertificatePinner
instanceKlass okhttp3/internal/tls/OkHostnameVerifier
instanceKlass javax/net/SocketFactory
instanceKlass okhttp3/CookieJar$1
instanceKlass okhttp3/CookieJar
instanceKlass sun/net/NetProperties$1
instanceKlass sun/net/NetProperties
instanceKlass sun/net/spi/DefaultProxySelector$1
instanceKlass java/net/Proxy
instanceKlass okhttp3/EventListener$Factory
instanceKlass okhttp3/EventListener
instanceKlass okhttp3/ConnectionSpec$Builder
instanceKlass okhttp3/CipherSuite
instanceKlass okhttp3/ConnectionSpec
instanceKlass java/io/ObjectOutput
instanceKlass java/lang/Throwable$PrintStreamOrWriter
instanceKlass okio/Segment
instanceKlass okio/SegmentPool
instanceKlass java/io/ObjectStreamConstants
instanceKlass java/io/ObjectInput
instanceKlass okhttp3/RequestBody
instanceKlass okio/Util
instanceKlass okio/ByteString
instanceKlass java/security/Key
instanceKlass okio/Buffer
instanceKlass okio/BufferedSink
instanceKlass okio/Sink
instanceKlass okio/BufferedSource
instanceKlass okio/Source
instanceKlass okhttp3/ResponseBody
instanceKlass okhttp3/Headers
instanceKlass okhttp3/internal/Util
instanceKlass okhttp3/internal/Internal
instanceKlass okhttp3/WebSocket
instanceKlass okhttp3/Call
instanceKlass okhttp3/OkHttpClient
instanceKlass okhttp3/WebSocket$Factory
instanceKlass okhttp3/Call$Factory
instanceKlass okhttp3/Dispatcher
instanceKlass javax/net/ssl/HostnameVerifier
instanceKlass java/net/ProxySelector
instanceKlass okhttp3/OkHttpClient$Builder
instanceKlass java/net/Authenticator
instanceKlass net/runelite/client/proxy/ProxyConfiguration
instanceKlass joptsimple/util/KeyValuePair
instanceKlass joptsimple/OptionSet
instanceKlass joptsimple/ArgumentList
instanceKlass net/runelite/client/RuneLite$ConfigFileConverter
instanceKlass joptsimple/internal/ConstructorInvokingValueConverter
instanceKlass joptsimple/internal/Classes
instanceKlass joptsimple/internal/Reflection
instanceKlass java/util/Collections$1
instanceKlass joptsimple/ParserRules
instanceKlass joptsimple/internal/SimpleOptionNameMap
instanceKlass joptsimple/OptionParserState
instanceKlass joptsimple/internal/Rows
instanceKlass joptsimple/BuiltinHelpFormatter
instanceKlass joptsimple/internal/OptionNameMap
instanceKlass joptsimple/HelpFormatter
instanceKlass joptsimple/AbstractOptionSpec
instanceKlass joptsimple/OptionDescriptor
instanceKlass joptsimple/OptionParser
instanceKlass joptsimple/OptionDeclarer
instanceKlass java/util/Locale$1
instanceKlass net/runelite/client/RuneLiteProperties
instanceKlass ch/qos/logback/classic/util/LoggerNameUtil
instanceKlass ch/qos/logback/classic/selector/DefaultContextSelector
instanceKlass ch/qos/logback/core/util/StatusPrinter
instanceKlass ch/qos/logback/core/status/StatusUtil
instanceKlass ch/qos/logback/core/spi/AppenderAttachableImpl
instanceKlass ch/qos/logback/core/util/CharSequenceState
instanceKlass ch/qos/logback/core/util/CharSequenceToRegexMapper
instanceKlass ch/qos/logback/core/util/DatePatternToRegexUtil
instanceKlass ch/qos/logback/core/rolling/helper/FileFilterUtil$3
instanceKlass sun/util/resources/provider/NonBaseLocaleDataMetaInfo
instanceKlass sun/util/locale/provider/BaseLocaleDataMetaInfo
instanceKlass sun/util/locale/provider/TimeZoneNameUtility$TimeZoneNameGetter
instanceKlass sun/util/locale/provider/TimeZoneNameUtility
instanceKlass ch/qos/logback/core/rolling/helper/RollingCalendar$1
instanceKlass java/text/DontCareFieldPosition$1
instanceKlass java/text/Format$FieldDelegate
instanceKlass ch/qos/logback/core/rolling/helper/Compressor$1
instanceKlass java/io/FilenameFilter
instanceKlass ch/qos/logback/core/rolling/helper/FileFilterUtil
instanceKlass ch/qos/logback/core/rolling/helper/MonoTypedConverter
instanceKlass ch/qos/logback/core/util/DefaultInvocationGate
instanceKlass ch/qos/logback/core/util/InvocationGate
instanceKlass ch/qos/logback/core/rolling/helper/ArchiveRemover
instanceKlass java/util/regex/Pattern$1
instanceKlass java/util/regex/IntHashSet
instanceKlass java/util/regex/Matcher
instanceKlass java/util/regex/MatchResult
instanceKlass ch/qos/logback/core/rolling/TimeBasedFileNamingAndTriggeringPolicy
instanceKlass java/util/Vector$Itr
instanceKlass ch/qos/logback/core/rolling/TriggeringPolicy
instanceKlass ch/qos/logback/core/rolling/RollingPolicy
instanceKlass java/util/regex/Pattern$TreeInfo
instanceKlass java/util/regex/ASCII
instanceKlass java/util/regex/CharPredicates
instanceKlass java/util/regex/Pattern$BitClass
instanceKlass java/util/regex/Pattern$BmpCharPredicate
instanceKlass java/util/regex/Pattern$CharPredicate
instanceKlass java/util/regex/Pattern$Node
instanceKlass java/util/regex/Pattern
instanceKlass ch/qos/logback/core/util/FileSize
instanceKlass ch/qos/logback/core/util/EnvUtil
instanceKlass ch/qos/logback/classic/pattern/TargetLengthBasedClassNameAbbreviator
instanceKlass java/util/Date
instanceKlass java/text/DigitList
instanceKlass java/text/FieldPosition
instanceKlass java/lang/StringUTF16$CharsSpliterator
instanceKlass java/util/stream/Sink$ChainedInt
instanceKlass java/util/OptionalInt
instanceKlass java/util/stream/Sink$OfInt
instanceKlass java/util/function/IntConsumer
instanceKlass java/util/function/IntPredicate
instanceKlass java/util/stream/IntStream
instanceKlass java/lang/StringLatin1$CharsSpliterator
instanceKlass java/text/DecimalFormatSymbols
instanceKlass java/text/DateFormatSymbols
instanceKlass sun/util/calendar/CalendarUtils
instanceKlass sun/util/calendar/CalendarDate
instanceKlass sun/util/resources/Bundles$CacheKeyReference
instanceKlass java/util/ResourceBundle$ResourceBundleProviderHelper
instanceKlass sun/util/resources/Bundles$CacheKey
instanceKlass java/util/ResourceBundle$1
instanceKlass jdk/internal/access/JavaUtilResourceBundleAccess
instanceKlass sun/util/resources/Bundles
instanceKlass sun/util/resources/LocaleData$LocaleDataStrategy
instanceKlass sun/util/resources/Bundles$Strategy
instanceKlass sun/util/resources/LocaleData$1
instanceKlass sun/util/resources/LocaleData
instanceKlass sun/util/locale/provider/LocaleResources
instanceKlass java/util/ResourceBundle
instanceKlass java/util/ResourceBundle$Control
instanceKlass sun/util/locale/provider/CalendarDataUtility$CalendarWeekParameterGetter
instanceKlass sun/util/locale/provider/LocaleServiceProviderPool$LocalizedObjectGetter
instanceKlass sun/util/locale/provider/LocaleServiceProviderPool
instanceKlass java/util/Locale$Builder
instanceKlass sun/util/locale/provider/CalendarDataUtility
instanceKlass sun/util/calendar/CalendarSystem$GregorianHolder
instanceKlass sun/util/calendar/CalendarSystem
instanceKlass java/util/Calendar$Builder
instanceKlass sun/util/locale/provider/AvailableLanguageTags
instanceKlass java/util/ServiceLoader$ProviderImpl
instanceKlass java/util/ServiceLoader$Provider
instanceKlass java/util/ServiceLoader$1
instanceKlass sun/util/resources/cldr/provider/CLDRLocaleDataMetaInfo
instanceKlass jdk/internal/module/ModulePatcher$PatchedModuleReader
instanceKlass java/util/concurrent/CopyOnWriteArrayList$COWIterator
instanceKlass sun/util/locale/LocaleObjectCache
instanceKlass sun/util/locale/BaseLocale$Key
instanceKlass sun/util/locale/InternalLocaleBuilder$CaseInsensitiveChar
instanceKlass sun/util/locale/InternalLocaleBuilder
instanceKlass sun/util/locale/StringTokenIterator
instanceKlass sun/util/locale/ParseStatus
instanceKlass sun/util/locale/LanguageTag
instanceKlass sun/util/cldr/CLDRBaseLocaleDataMetaInfo
instanceKlass sun/util/locale/provider/LocaleDataMetaInfo
instanceKlass sun/util/locale/provider/ResourceBundleBasedAdapter
instanceKlass sun/util/locale/provider/LocaleProviderAdapter$1
instanceKlass sun/util/locale/provider/LocaleProviderAdapter
instanceKlass java/util/spi/LocaleServiceProvider
instanceKlass sun/util/calendar/ZoneInfoFile$ZoneOffsetTransitionRule
instanceKlass sun/util/calendar/ZoneInfoFile$1
instanceKlass sun/util/calendar/ZoneInfoFile
instanceKlass java/util/TimeZone
instanceKlass java/util/Calendar
instanceKlass java/text/AttributedCharacterIterator$Attribute
instanceKlass java/text/Format
instanceKlass ch/qos/logback/core/util/CachingDateFormatter
instanceKlass ch/qos/logback/core/pattern/ConverterUtil
instanceKlass ch/qos/logback/classic/pattern/Abbreviator
instanceKlass ch/qos/logback/core/pattern/FormatInfo
instanceKlass ch/qos/logback/core/pattern/util/AsIsEscapeUtil
instanceKlass ch/qos/logback/core/pattern/parser/OptionTokenizer
instanceKlass ch/qos/logback/core/pattern/parser/TokenStream$1
instanceKlass ch/qos/logback/core/pattern/util/RestrictedEscapeUtil
instanceKlass ch/qos/logback/core/pattern/parser/TokenStream
instanceKlass ch/qos/logback/core/pattern/util/RegularEscapeUtil
instanceKlass ch/qos/logback/classic/pattern/EnsureExceptionHandling
instanceKlass ch/qos/logback/core/pattern/Converter
instanceKlass ch/qos/logback/core/pattern/parser/Token
instanceKlass ch/qos/logback/core/pattern/util/IEscapeUtil
instanceKlass ch/qos/logback/core/pattern/parser/Node
instanceKlass ch/qos/logback/core/pattern/PostCompileProcessor
instanceKlass ch/qos/logback/core/CoreConstants
instanceKlass ch/qos/logback/core/joran/action/IADataForBasicProperty
instanceKlass ch/qos/logback/core/joran/action/NestedBasicPropertyIA$1
instanceKlass jdk/internal/loader/BootLoader$PackageHelper
instanceKlass java/util/concurrent/atomic/AtomicBoolean
instanceKlass ch/qos/logback/core/util/COWArrayList
instanceKlass ch/qos/logback/core/spi/FilterAttachableImpl
instanceKlass java/lang/Class$AnnotationData
instanceKlass ch/qos/logback/core/joran/spi/NoAutoStart
instanceKlass ch/qos/logback/core/joran/spi/NoAutoStartUtil
instanceKlass java/lang/invoke/VarForm
instanceKlass java/lang/invoke/VarHandleGuards
instanceKlass jdk/internal/util/Preconditions$1
instanceKlass java/lang/invoke/VarHandle$1
instanceKlass java/lang/invoke/VarHandles
instanceKlass java/util/concurrent/ConcurrentLinkedDeque$Node
instanceKlass org/slf4j/helpers/BasicMarker
instanceKlass org/slf4j/helpers/BasicMarkerFactory
instanceKlass org/slf4j/impl/StaticMarkerBinder
instanceKlass org/slf4j/spi/MarkerFactoryBinder
instanceKlass org/slf4j/IMarkerFactory
instanceKlass org/slf4j/MarkerFactory
instanceKlass ch/qos/logback/core/joran/action/IADataForComplexProperty
instanceKlass ch/qos/logback/core/joran/action/NestedComplexPropertyIA$1
instanceKlass ch/qos/logback/core/joran/util/PropertySetter$1
instanceKlass java/util/StringJoiner
instanceKlass org/slf4j/Marker
instanceKlass ch/qos/logback/core/joran/util/StringToObjectConverter
instanceKlass ch/qos/logback/core/joran/util/beans/BeanDescription
instanceKlass ch/qos/logback/core/joran/util/beans/BeanUtil
instanceKlass ch/qos/logback/classic/spi/LoggerContextListener
instanceKlass ch/qos/logback/classic/util/EnvUtil
instanceKlass java/util/concurrent/RunnableScheduledFuture
instanceKlass java/util/concurrent/ScheduledFuture
instanceKlass java/util/concurrent/Delayed
instanceKlass java/util/concurrent/RunnableFuture
instanceKlass java/util/concurrent/Future
instanceKlass java/util/concurrent/ThreadPoolExecutor$AbortPolicy
instanceKlass java/util/concurrent/RejectedExecutionHandler
instanceKlass java/util/concurrent/AbstractExecutorService
instanceKlass java/util/concurrent/Executors$DefaultThreadFactory
instanceKlass java/util/concurrent/Executors
instanceKlass ch/qos/logback/core/util/ExecutorServiceUtil$1
instanceKlass java/util/concurrent/ScheduledExecutorService
instanceKlass ch/qos/logback/core/util/ExecutorServiceUtil
instanceKlass ch/qos/logback/core/subst/NodeToStringTransformer$1
instanceKlass ch/qos/logback/core/subst/Node
instanceKlass ch/qos/logback/core/subst/Parser$1
instanceKlass ch/qos/logback/core/subst/Parser
instanceKlass ch/qos/logback/core/subst/Token
instanceKlass ch/qos/logback/core/subst/Tokenizer$1
instanceKlass ch/qos/logback/core/subst/Tokenizer
instanceKlass ch/qos/logback/core/subst/NodeToStringTransformer
instanceKlass ch/qos/logback/core/net/ssl/SecureRandomFactoryBean
instanceKlass ch/qos/logback/core/net/ssl/TrustManagerFactoryFactoryBean
instanceKlass ch/qos/logback/core/net/ssl/KeyManagerFactoryFactoryBean
instanceKlass ch/qos/logback/core/net/ssl/KeyStoreFactoryBean
instanceKlass ch/qos/logback/core/net/ssl/SSLContextFactoryBean
instanceKlass ch/qos/logback/core/net/ssl/SSLComponent
instanceKlass ch/qos/logback/core/net/ssl/SSLNestedComponentRegistryRules
instanceKlass ch/qos/logback/core/boolex/EventEvaluator
instanceKlass ch/qos/logback/core/encoder/Encoder
instanceKlass ch/qos/logback/core/joran/spi/HostClassAndPropertyDouble
instanceKlass ch/qos/logback/core/Layout
instanceKlass ch/qos/logback/classic/util/DefaultNestedComponentRules
instanceKlass ch/qos/logback/core/joran/spi/EventPlayer
instanceKlass ch/qos/logback/core/joran/spi/DefaultNestedComponentRegistry
instanceKlass ch/qos/logback/core/joran/spi/Interpreter
instanceKlass ch/qos/logback/core/Appender
instanceKlass ch/qos/logback/core/spi/FilterAttachable
instanceKlass com/sun/jmx/mbeanserver/Util
instanceKlass javax/management/ObjectName$Property
instanceKlass com/sun/jmx/mbeanserver/GetPropertyAction
instanceKlass javax/management/ObjectName
instanceKlass javax/management/QueryExp
instanceKlass ch/qos/logback/classic/spi/PlatformInfo
instanceKlass ch/qos/logback/core/sift/AppenderFactory
instanceKlass org/xml/sax/helpers/AttributesImpl
instanceKlass org/xml/sax/helpers/LocatorImpl
instanceKlass ch/qos/logback/core/joran/event/SaxEvent
instanceKlass com/sun/org/apache/xerces/internal/impl/Constants$ArrayEnumeration
instanceKlass com/sun/org/apache/xerces/internal/impl/Constants
instanceKlass com/sun/org/apache/xerces/internal/parsers/AbstractSAXParser$LocatorProxy
instanceKlass org/xml/sax/ext/Locator2
instanceKlass org/xml/sax/Locator
instanceKlass com/sun/org/apache/xerces/internal/util/XMLSymbols
instanceKlass com/sun/org/apache/xerces/internal/util/XMLChar
instanceKlass com/sun/xml/internal/stream/Entity
instanceKlass com/sun/xml/internal/stream/util/BufferAllocator
instanceKlass com/sun/xml/internal/stream/util/ThreadLocalBufferAllocator
instanceKlass com/sun/org/apache/xerces/internal/impl/XMLEntityManager$EncodingInfo
instanceKlass com/sun/org/apache/xerces/internal/util/URI
instanceKlass com/sun/org/apache/xerces/internal/utils/XMLLimitAnalyzer
instanceKlass com/sun/org/apache/xerces/internal/xni/parser/XMLInputSource
instanceKlass com/sun/org/apache/xerces/internal/util/ErrorHandlerWrapper
instanceKlass com/sun/org/apache/xerces/internal/xni/parser/XMLErrorHandler
instanceKlass com/sun/org/apache/xerces/internal/impl/ExternalSubsetResolver
instanceKlass com/sun/org/apache/xerces/internal/util/EntityResolverWrapper
instanceKlass org/xml/sax/ext/EntityResolver2
instanceKlass com/sun/org/apache/xerces/internal/parsers/AbstractSAXParser$AttributesProxy
instanceKlass org/xml/sax/ext/Attributes2
instanceKlass org/xml/sax/Attributes
instanceKlass org/xml/sax/AttributeList
instanceKlass com/sun/org/apache/xerces/internal/util/FeatureState
instanceKlass com/sun/org/apache/xerces/internal/util/PropertyState
instanceKlass com/sun/org/apache/xerces/internal/impl/msg/XMLMessageFormatter
instanceKlass com/sun/org/apache/xerces/internal/util/MessageFormatter
instanceKlass com/sun/org/apache/xerces/internal/impl/XMLVersionDetector
instanceKlass com/sun/org/apache/xerces/internal/impl/validation/ValidationManager
instanceKlass com/sun/org/apache/xerces/internal/impl/dv/dtd/NMTOKENDatatypeValidator
instanceKlass com/sun/org/apache/xerces/internal/impl/dv/dtd/NOTATIONDatatypeValidator
instanceKlass com/sun/org/apache/xerces/internal/impl/dv/dtd/ENTITYDatatypeValidator
instanceKlass com/sun/org/apache/xerces/internal/impl/dv/dtd/ListDatatypeValidator
instanceKlass com/sun/org/apache/xerces/internal/impl/dv/dtd/IDREFDatatypeValidator
instanceKlass com/sun/org/apache/xerces/internal/impl/dv/dtd/IDDatatypeValidator
instanceKlass com/sun/org/apache/xerces/internal/impl/dv/dtd/StringDatatypeValidator
instanceKlass com/sun/org/apache/xerces/internal/impl/dv/DatatypeValidator
instanceKlass com/sun/org/apache/xerces/internal/impl/dv/DTDDVFactory
instanceKlass com/sun/org/apache/xerces/internal/impl/dtd/DTDGrammarBucket
instanceKlass com/sun/org/apache/xerces/internal/impl/dtd/XMLAttributeDecl
instanceKlass com/sun/org/apache/xerces/internal/impl/dtd/XMLSimpleType
instanceKlass com/sun/org/apache/xerces/internal/impl/dtd/XMLElementDecl
instanceKlass com/sun/org/apache/xerces/internal/impl/validation/ValidationState
instanceKlass com/sun/org/apache/xerces/internal/impl/dv/ValidationContext
instanceKlass com/sun/org/apache/xerces/internal/impl/dtd/XMLDTDValidator
instanceKlass com/sun/org/apache/xerces/internal/impl/RevalidationHandler
instanceKlass com/sun/org/apache/xerces/internal/impl/dtd/XMLDTDValidatorFilter
instanceKlass com/sun/org/apache/xerces/internal/xni/parser/XMLDocumentFilter
instanceKlass com/sun/org/apache/xerces/internal/impl/dtd/XMLEntityDecl
instanceKlass com/sun/org/apache/xerces/internal/impl/dtd/XMLDTDProcessor
instanceKlass com/sun/org/apache/xerces/internal/xni/parser/XMLDTDContentModelFilter
instanceKlass com/sun/org/apache/xerces/internal/xni/parser/XMLDTDFilter
instanceKlass com/sun/org/apache/xerces/internal/xni/parser/XMLDTDScanner
instanceKlass com/sun/org/apache/xerces/internal/xni/parser/XMLDTDContentModelSource
instanceKlass com/sun/org/apache/xerces/internal/xni/parser/XMLDTDSource
instanceKlass com/sun/org/apache/xerces/internal/xni/grammars/XMLDTDDescription
instanceKlass com/sun/org/apache/xerces/internal/xni/grammars/XMLGrammarDescription
instanceKlass com/sun/org/apache/xerces/internal/impl/XMLDocumentScannerImpl$TrailingMiscDriver
instanceKlass com/sun/org/apache/xerces/internal/impl/XMLDocumentScannerImpl$PrologDriver
instanceKlass com/sun/org/apache/xerces/internal/impl/XMLDocumentScannerImpl$XMLDeclDriver
instanceKlass com/sun/org/apache/xerces/internal/util/NamespaceSupport
instanceKlass com/sun/org/apache/xerces/internal/xni/NamespaceContext
instanceKlass com/sun/org/apache/xerces/internal/util/XMLAttributesImpl$Attribute
instanceKlass com/sun/org/apache/xerces/internal/util/XMLAttributesImpl
instanceKlass com/sun/org/apache/xerces/internal/xni/XMLAttributes
instanceKlass com/sun/org/apache/xerces/internal/impl/XMLDocumentFragmentScannerImpl$FragmentContentDriver
instanceKlass com/sun/org/apache/xerces/internal/impl/XMLDocumentFragmentScannerImpl$Driver
instanceKlass com/sun/org/apache/xerces/internal/impl/XMLDocumentFragmentScannerImpl$ElementStack2
instanceKlass com/sun/org/apache/xerces/internal/xni/QName
instanceKlass com/sun/org/apache/xerces/internal/impl/XMLDocumentFragmentScannerImpl$ElementStack
instanceKlass com/sun/org/apache/xerces/internal/xni/XMLString
instanceKlass com/sun/org/apache/xerces/internal/impl/XMLScanner
instanceKlass com/sun/xml/internal/stream/XMLBufferListener
instanceKlass com/sun/org/apache/xerces/internal/impl/XMLEntityHandler
instanceKlass com/sun/org/apache/xerces/internal/xni/parser/XMLDocumentScanner
instanceKlass com/sun/org/apache/xerces/internal/xni/parser/XMLDocumentSource
instanceKlass com/sun/org/apache/xerces/internal/impl/XMLErrorReporter
instanceKlass com/sun/org/apache/xerces/internal/impl/XMLEntityScanner
instanceKlass com/sun/org/apache/xerces/internal/xni/XMLLocator
instanceKlass com/sun/xml/internal/stream/XMLEntityStorage
instanceKlass com/sun/org/apache/xerces/internal/util/AugmentationsImpl$AugmentationsItemsContainer
instanceKlass com/sun/org/apache/xerces/internal/util/AugmentationsImpl
instanceKlass com/sun/org/apache/xerces/internal/xni/Augmentations
instanceKlass com/sun/org/apache/xerces/internal/util/XMLResourceIdentifierImpl
instanceKlass com/sun/org/apache/xerces/internal/xni/XMLResourceIdentifier
instanceKlass com/sun/org/apache/xerces/internal/impl/XMLEntityManager
instanceKlass com/sun/org/apache/xerces/internal/xni/parser/XMLEntityResolver
instanceKlass com/sun/org/apache/xerces/internal/xni/parser/XMLComponent
instanceKlass com/sun/org/apache/xerces/internal/util/SymbolTable$Entry
instanceKlass com/sun/org/apache/xerces/internal/util/SymbolTable
instanceKlass jdk/xml/internal/JdkConstants
instanceKlass jdk/xml/internal/JdkXmlUtils
instanceKlass com/sun/org/apache/xerces/internal/util/ParserConfigurationSettings
instanceKlass com/sun/org/apache/xerces/internal/parsers/XML11Configurable
instanceKlass com/sun/org/apache/xerces/internal/xni/parser/XMLPullParserConfiguration
instanceKlass com/sun/org/apache/xerces/internal/xni/parser/XMLParserConfiguration
instanceKlass com/sun/org/apache/xerces/internal/xni/parser/XMLComponentManager
instanceKlass com/sun/org/apache/xerces/internal/parsers/XMLParser
instanceKlass com/sun/org/apache/xerces/internal/xni/XMLDTDContentModelHandler
instanceKlass com/sun/org/apache/xerces/internal/xni/XMLDTDHandler
instanceKlass com/sun/org/apache/xerces/internal/xni/XMLDocumentHandler
instanceKlass org/xml/sax/XMLReader
instanceKlass org/xml/sax/Parser
instanceKlass com/sun/org/apache/xerces/internal/utils/XMLSecurityPropertyManager
instanceKlass com/sun/org/apache/xerces/internal/utils/XMLSecurityManager
instanceKlass javax/xml/parsers/SAXParser
instanceKlass com/sun/org/apache/xerces/internal/xs/PSVIProvider
instanceKlass com/sun/org/apache/xerces/internal/jaxp/JAXPConstants
instanceKlass java/util/ServiceLoader$3
instanceKlass java/util/ServiceLoader$2
instanceKlass java/util/ServiceLoader$LazyClassPathLookupIterator
instanceKlass java/util/Spliterators$1Adapter
instanceKlass java/util/Spliterators$ArraySpliterator
instanceKlass java/util/ServiceLoader$ModuleServicesLookupIterator
instanceKlass java/util/ServiceLoader
instanceKlass javax/xml/parsers/FactoryFinder$1
instanceKlass java/lang/invoke/LambdaFormEditor$1
instanceKlass java/lang/invoke/MethodHandles$1
instanceKlass java/lang/Long$LongCache
instanceKlass jdk/internal/org/objectweb/asm/ClassReader
instanceKlass jdk/xml/internal/SecuritySupport
instanceKlass javax/xml/parsers/FactoryFinder
instanceKlass javax/xml/parsers/SAXParserFactory
instanceKlass ch/qos/logback/core/spi/ContextAwareImpl
instanceKlass ch/qos/logback/core/joran/spi/ElementPath
instanceKlass org/xml/sax/helpers/DefaultHandler
instanceKlass org/xml/sax/ErrorHandler
instanceKlass org/xml/sax/ContentHandler
instanceKlass org/xml/sax/DTDHandler
instanceKlass org/xml/sax/EntityResolver
instanceKlass org/xml/sax/InputSource
instanceKlass sun/net/DefaultProgressMeteringPolicy
instanceKlass sun/net/ProgressMeteringPolicy
instanceKlass sun/net/ProgressMonitor
instanceKlass java/util/BitSet
instanceKlass java/net/URLEncoder
instanceKlass java/net/URLDecoder
instanceKlass ch/qos/logback/core/joran/util/ConfigurationWatchListUtil
instanceKlass ch/qos/logback/core/joran/event/InPlayListener
instanceKlass ch/qos/logback/core/joran/spi/RuleStore
instanceKlass ch/qos/logback/core/spi/ContextAwareBase
instanceKlass ch/qos/logback/core/spi/ContextAware
instanceKlass ch/qos/logback/core/status/StatusBase
instanceKlass java/security/PermissionsEnumerator
instanceKlass java/io/FilePermissionCollection$1
instanceKlass sun/net/www/MessageHeader
instanceKlass java/net/URLConnection
instanceKlass java/util/PropertyPermissionCollection$1
instanceKlass java/net/SocketPermissionCollection$1
instanceKlass sun/security/provider/PolicyFile$8
instanceKlass sun/security/provider/PolicyFile$6
instanceKlass sun/security/util/PolicyUtil
instanceKlass sun/security/provider/PolicyFile$4
instanceKlass sun/security/util/SecurityProperties
instanceKlass sun/security/util/FilePermCompat
instanceKlass java/io/FilePermission$1
instanceKlass jdk/internal/access/JavaIOFilePermissionAccess
instanceKlass java/util/ComparableTimSort
instanceKlass java/util/Arrays$LegacyMergeSort
instanceKlass java/net/HostPortrange
instanceKlass java/net/URLPermission$Authority
instanceKlass sun/security/util/SecurityConstants
instanceKlass sun/security/provider/PolicyFile$PolicyEntry
instanceKlass java/util/Vector$1
instanceKlass sun/security/util/PropertyExpander
instanceKlass sun/security/provider/PolicyParser$PermissionEntry
instanceKlass sun/security/provider/PolicyParser$GrantEntry
instanceKlass sun/nio/ch/IOStatus
instanceKlass java/nio/DirectByteBuffer$Deallocator
instanceKlass sun/nio/ch/Util$BufferCache
instanceKlass sun/nio/ch/Util
instanceKlass sun/nio/ch/NativeThread
instanceKlass java/io/StreamTokenizer
instanceKlass sun/security/provider/PolicyParser
instanceKlass java/nio/channels/Channels
instanceKlass sun/nio/ch/FileChannelImpl$Closer
instanceKlass sun/nio/ch/NativeDispatcher
instanceKlass sun/nio/ch/NativeThreadSet
instanceKlass sun/nio/ch/IOUtil
instanceKlass java/nio/channels/spi/AbstractInterruptibleChannel
instanceKlass java/nio/channels/InterruptibleChannel
instanceKlass java/nio/channels/ScatteringByteChannel
instanceKlass java/nio/channels/GatheringByteChannel
instanceKlass java/nio/channels/SeekableByteChannel
instanceKlass java/nio/channels/ByteChannel
instanceKlass java/nio/channels/WritableByteChannel
instanceKlass java/nio/channels/ReadableByteChannel
instanceKlass java/nio/channels/Channel
instanceKlass sun/nio/fs/WindowsChannelFactory$Flags
instanceKlass sun/nio/fs/WindowsChannelFactory$1
instanceKlass sun/nio/fs/WindowsChannelFactory
instanceKlass sun/nio/fs/WindowsSecurityDescriptor
instanceKlass java/nio/file/attribute/FileAttribute
instanceKlass sun/security/provider/PolicyFile$2
instanceKlass java/security/ProtectionDomain$JavaSecurityAccessImpl$1
instanceKlass jdk/internal/access/JavaSecurityAccess$ProtectionDomainCache
instanceKlass java/util/Collections$SynchronizedMap
instanceKlass sun/security/provider/PolicyFile$PolicyInfo
instanceKlass sun/security/provider/PolicyFile$1
instanceKlass java/security/Security$2
instanceKlass jdk/internal/access/JavaSecurityPropertiesAccess
instanceKlass java/util/concurrent/ConcurrentHashMap$MapEntry
instanceKlass java/util/Properties$LineReader
instanceKlass java/security/Security$1
instanceKlass java/security/Security
instanceKlass java/security/Policy$1
instanceKlass java/security/Policy$PolicyInfo
instanceKlass java/security/Policy
instanceKlass ch/qos/logback/core/util/Loader$1
instanceKlass ch/qos/logback/core/util/Loader
instanceKlass ch/qos/logback/core/util/OptionHelper
instanceKlass ch/qos/logback/core/status/StatusListener
instanceKlass ch/qos/logback/core/util/StatusListenerConfigHelper
instanceKlass ch/qos/logback/classic/util/ContextInitializer
instanceKlass ch/qos/logback/classic/selector/ContextSelector
instanceKlass ch/qos/logback/classic/util/ContextSelectorStaticBinder
instanceKlass ch/qos/logback/classic/Level
instanceKlass ch/qos/logback/classic/spi/ILoggingEvent
instanceKlass ch/qos/logback/core/spi/DeferredProcessingAware
instanceKlass ch/qos/logback/classic/Logger
instanceKlass ch/qos/logback/core/spi/AppenderAttachable
instanceKlass org/slf4j/spi/LocationAwareLogger
instanceKlass ch/qos/logback/classic/spi/LoggerContextVO
instanceKlass ch/qos/logback/core/spi/LogbackLock
instanceKlass ch/qos/logback/core/helpers/CyclicBuffer
instanceKlass ch/qos/logback/core/BasicStatusManager
instanceKlass ch/qos/logback/core/status/Status
instanceKlass java/util/concurrent/ExecutorService
instanceKlass java/util/concurrent/Executor
instanceKlass ch/qos/logback/core/status/StatusManager
instanceKlass ch/qos/logback/core/ContextBase
instanceKlass ch/qos/logback/core/spi/LifeCycle
instanceKlass ch/qos/logback/core/Context
instanceKlass ch/qos/logback/core/spi/PropertyContainer
instanceKlass org/slf4j/impl/StaticLoggerBinder
instanceKlass org/slf4j/spi/LoggerFactoryBinder
instanceKlass com/intellij/rt/debugger/agent/CaptureStorage$9
instanceKlass com/intellij/rt/debugger/agent/CaptureStorage$Callable
instanceKlass com/intellij/rt/debugger/agent/CaptureStorage$4
instanceKlass java/util/StringTokenizer
instanceKlass java/util/LinkedList$Node
instanceKlass java/nio/charset/CoderResult
instanceKlass java/io/Reader
instanceKlass java/lang/Readable
instanceKlass java/util/TreeMap$PrivateEntryIterator
instanceKlass java/util/TreeMap$Entry
instanceKlass java/util/NavigableMap
instanceKlass java/util/SortedMap
instanceKlass java/util/NavigableSet
instanceKlass java/util/SortedSet
instanceKlass java/security/CodeSigner
instanceKlass java/util/jar/JarVerifier
instanceKlass java/lang/CompoundEnumeration
instanceKlass java/util/Collections$EmptyEnumeration
instanceKlass jdk/internal/loader/BuiltinClassLoader$1
instanceKlass jdk/internal/loader/URLClassPath$1
instanceKlass java/util/Collections$EmptyIterator
instanceKlass jdk/internal/jimage/ImageLocation
instanceKlass jdk/internal/jimage/decompressor/Decompressor
instanceKlass jdk/internal/jimage/ImageStringsReader
instanceKlass jdk/internal/jimage/ImageStrings
instanceKlass jdk/internal/jimage/ImageHeader
instanceKlass jdk/internal/jimage/NativeImageBuffer$1
instanceKlass jdk/internal/jimage/NativeImageBuffer
instanceKlass jdk/internal/jimage/BasicImageReader$1
instanceKlass jdk/internal/jimage/BasicImageReader
instanceKlass jdk/internal/jimage/ImageReader
instanceKlass jdk/internal/jimage/ImageReaderFactory$1
instanceKlass java/net/URI$Parser
instanceKlass java/nio/file/FileSystems$DefaultFileSystemHolder$1
instanceKlass java/nio/file/FileSystems$DefaultFileSystemHolder
instanceKlass java/nio/file/FileSystems
instanceKlass java/nio/file/Paths
instanceKlass jdk/internal/jimage/ImageReaderFactory
instanceKlass jdk/internal/module/SystemModuleFinders$SystemImage
instanceKlass jdk/internal/module/SystemModuleFinders$SystemModuleReader
instanceKlass java/lang/module/ModuleReader
instanceKlass jdk/internal/loader/BuiltinClassLoader$5
instanceKlass jdk/internal/loader/BuiltinClassLoader$2
instanceKlass jdk/internal/module/Resources
instanceKlass org/slf4j/helpers/Util
instanceKlass org/slf4j/helpers/NOPLoggerFactory
instanceKlass java/util/concurrent/LinkedBlockingQueue$Node
instanceKlass java/util/concurrent/locks/AbstractQueuedSynchronizer$ConditionObject
instanceKlass java/util/concurrent/locks/Condition
instanceKlass java/util/concurrent/BlockingQueue
instanceKlass org/slf4j/Logger
instanceKlass org/slf4j/helpers/SubstituteLoggerFactory
instanceKlass org/slf4j/event/LoggingEvent
instanceKlass org/slf4j/ILoggerFactory
instanceKlass org/slf4j/LoggerFactory
instanceKlass com/google/inject/Injector
instanceKlass javax/net/ssl/X509TrustManager
instanceKlass javax/net/ssl/TrustManager
instanceKlass com/google/gson/JsonElement
instanceKlass joptsimple/OptionSpec
instanceKlass joptsimple/ValueConverter
instanceKlass java/util/zip/Checksum$1
instanceKlass java/util/zip/CRC32
instanceKlass java/util/zip/Checksum
instanceKlass java/util/jar/Attributes$Name
instanceKlass java/util/jar/Attributes
instanceKlass sun/security/action/GetIntegerAction
instanceKlass sun/security/util/SignatureFileVerifier
instanceKlass java/util/zip/ZipFile$InflaterCleanupAction
instanceKlass java/util/zip/Inflater$InflaterZStreamRef
instanceKlass java/util/zip/Inflater
instanceKlass java/util/zip/ZipEntry
instanceKlass jdk/internal/util/jar/JarIndex
instanceKlass java/nio/Bits$1
instanceKlass jdk/internal/misc/VM$BufferPool
instanceKlass java/nio/Bits
instanceKlass sun/nio/ch/DirectBuffer
instanceKlass jdk/internal/perf/PerfCounter$CoreCounters
instanceKlass jdk/internal/perf/Perf
instanceKlass jdk/internal/perf/Perf$GetPerfAction
instanceKlass jdk/internal/perf/PerfCounter
instanceKlass java/nio/file/attribute/FileTime
instanceKlass java/util/zip/ZipUtils
instanceKlass java/util/zip/ZipFile$Source$End
instanceKlass java/io/RandomAccessFile$2
instanceKlass jdk/internal/access/JavaIORandomAccessFileAccess
instanceKlass java/io/RandomAccessFile
instanceKlass java/io/DataInput
instanceKlass java/io/DataOutput
instanceKlass sun/nio/fs/WindowsNativeDispatcher$CompletionStatus
instanceKlass sun/nio/fs/WindowsNativeDispatcher$AclInformation
instanceKlass sun/nio/fs/WindowsNativeDispatcher$Account
instanceKlass sun/nio/fs/WindowsNativeDispatcher$DiskFreeSpace
instanceKlass sun/nio/fs/WindowsNativeDispatcher$VolumeInformation
instanceKlass sun/nio/fs/WindowsNativeDispatcher$FirstStream
instanceKlass sun/nio/fs/WindowsNativeDispatcher$FirstFile
instanceKlass sun/nio/fs/WindowsNativeDispatcher
instanceKlass sun/nio/fs/NativeBuffer$Deallocator
instanceKlass sun/nio/fs/NativeBuffer
instanceKlass java/lang/ThreadLocal$ThreadLocalMap
instanceKlass sun/nio/fs/NativeBuffers
instanceKlass sun/nio/fs/WindowsFileAttributes
instanceKlass java/nio/file/attribute/DosFileAttributes
instanceKlass sun/nio/fs/AbstractBasicFileAttributeView
instanceKlass sun/nio/fs/DynamicFileAttributeView
instanceKlass sun/nio/fs/WindowsFileAttributeViews
instanceKlass sun/nio/fs/Util
instanceKlass java/nio/file/attribute/BasicFileAttributeView
instanceKlass java/nio/file/attribute/FileAttributeView
instanceKlass java/nio/file/attribute/AttributeView
instanceKlass java/nio/file/Files
instanceKlass java/nio/file/CopyOption
instanceKlass java/nio/file/attribute/BasicFileAttributes
instanceKlass sun/nio/fs/WindowsPath
instanceKlass java/util/zip/ZipFile$Source$Key
instanceKlass sun/nio/fs/WindowsPathParser$Result
instanceKlass sun/nio/fs/WindowsPathParser
instanceKlass java/util/Arrays$ArrayItr
instanceKlass java/nio/file/FileSystem
instanceKlass java/nio/file/OpenOption
instanceKlass java/nio/file/spi/FileSystemProvider
instanceKlass sun/nio/fs/DefaultFileSystemProvider
instanceKlass java/util/zip/ZipFile$Source
instanceKlass java/util/zip/ZipCoder
instanceKlass java/util/zip/ZipFile$CleanableResource
instanceKlass java/lang/Runtime$Version
instanceKlass java/util/jar/JavaUtilJarAccessImpl
instanceKlass jdk/internal/access/JavaUtilJarAccess
instanceKlass jdk/internal/loader/FileURLMapper
instanceKlass jdk/internal/loader/URLClassPath$JarLoader$1
instanceKlass java/util/zip/ZipFile$1
instanceKlass jdk/internal/access/JavaUtilZipFileAccess
instanceKlass java/util/zip/ZipFile
instanceKlass java/util/zip/ZipConstants
instanceKlass net/runelite/client/RuneLite
instanceKlass sun/security/util/Debug
instanceKlass java/security/SecureClassLoader$DebugHolder
instanceKlass java/security/PermissionCollection
instanceKlass java/security/SecureClassLoader$1
instanceKlass java/security/SecureClassLoader$CodeSourceKey
instanceKlass java/io/FileInputStream$1
instanceKlass sun/nio/ByteBuffered
instanceKlass java/lang/Package$VersionInfo
instanceKlass java/lang/NamedPackage
instanceKlass jdk/internal/loader/Resource
instanceKlass jdk/internal/loader/URLClassPath$Loader
instanceKlass jdk/internal/loader/URLClassPath$3
instanceKlass java/security/PrivilegedExceptionAction
instanceKlass sun/util/locale/LocaleUtils
instanceKlass sun/util/locale/BaseLocale
instanceKlass java/util/Locale
instanceKlass sun/net/util/URLUtil
instanceKlass java/lang/StringCoding
instanceKlass sun/nio/cs/SingleByte
instanceKlass sun/nio/cs/MS1252$Holder
instanceKlass sun/nio/cs/ArrayDecoder
instanceKlass java/nio/charset/CharsetDecoder
instanceKlass java/lang/Class$1
instanceKlass sun/launcher/LauncherHelper
instanceKlass com/intellij/rt/debugger/agent/CollectionBreakpointInstrumentor$CollectionBreakpointTransformer
instanceKlass com/intellij/rt/debugger/agent/CollectionBreakpointInstrumentor$KnownMethod
instanceKlass com/intellij/rt/debugger/agent/CollectionBreakpointInstrumentor$KnownMethodsSet
instanceKlass com/intellij/rt/debugger/agent/CollectionBreakpointInstrumentor$ConcurrentIdentityHashMap
instanceKlass com/intellij/rt/debugger/agent/CollectionBreakpointInstrumentor
instanceKlass com/intellij/rt/debugger/agent/SuspendHelper
instanceKlass com/intellij/rt/debugger/agent/CaptureAgent$CaptureTransformer
instanceKlass com/intellij/rt/debugger/agent/CaptureStorage$ConcurrentIdentityWeakHashMap
instanceKlass org/jetbrains/capture/org/objectweb/asm/AnnotationVisitor
instanceKlass org/jetbrains/capture/org/objectweb/asm/Handler
instanceKlass org/jetbrains/capture/org/objectweb/asm/Opcodes
instanceKlass org/jetbrains/capture/org/objectweb/asm/Edge
instanceKlass java/util/LinkedHashMap$LinkedHashIterator
instanceKlass java/lang/PublicMethods
instanceKlass com/intellij/rt/debugger/agent/CaptureStorage
instanceKlass org/jetbrains/capture/org/objectweb/asm/Frame
instanceKlass org/jetbrains/capture/org/objectweb/asm/MethodVisitor
instanceKlass org/jetbrains/capture/org/objectweb/asm/FieldVisitor
instanceKlass org/jetbrains/capture/org/objectweb/asm/Context
instanceKlass org/jetbrains/capture/org/objectweb/asm/Attribute
instanceKlass java/nio/charset/StandardCharsets
instanceKlass org/jetbrains/capture/org/objectweb/asm/Symbol
instanceKlass org/jetbrains/capture/org/objectweb/asm/ByteVector
instanceKlass org/jetbrains/capture/org/objectweb/asm/SymbolTable
instanceKlass org/jetbrains/capture/org/objectweb/asm/ClassVisitor
instanceKlass org/jetbrains/capture/org/objectweb/asm/Label
instanceKlass org/jetbrains/capture/org/objectweb/asm/ClassReader
instanceKlass org/jetbrains/capture/org/objectweb/asm/Type
instanceKlass com/intellij/rt/debugger/agent/ThrowableTransformer
instanceKlass java/util/Collections$SynchronizedCollection
instanceKlass java/util/Properties$EntrySet
instanceKlass com/intellij/rt/debugger/agent/CaptureAgent$CoroutineOwnerKeyProvider
instanceKlass com/intellij/rt/debugger/agent/CaptureAgent$FieldKeyProvider
instanceKlass com/intellij/rt/debugger/agent/CaptureAgent$InstrumentPoint
instanceKlass com/intellij/rt/debugger/agent/CaptureAgent$1
instanceKlass com/intellij/rt/debugger/agent/CaptureAgent$ParamKeyProvider
instanceKlass com/intellij/rt/debugger/agent/CaptureAgent$KeyProvider
instanceKlass com/intellij/rt/debugger/agent/CaptureAgent
instanceKlass com/intellij/rt/debugger/agent/StateFlowTransformer
instanceKlass java/util/Enumeration
instanceKlass java/util/concurrent/ConcurrentHashMap$Traverser
instanceKlass java/util/concurrent/ConcurrentHashMap$CollectionView
instanceKlass com/intellij/rt/debugger/agent/SharedFlowTransformer
instanceKlass java/lang/instrument/ClassFileTransformer
instanceKlass com/intellij/rt/debugger/agent/DebuggerAgent
instanceKlass sun/instrument/TransformerManager$TransformerInfo
instanceKlass sun/instrument/TransformerManager
instanceKlass jdk/internal/loader/NativeLibraries$NativeLibraryImpl
instanceKlass jdk/internal/loader/NativeLibrary
instanceKlass java/util/ArrayDeque$DeqIterator
instanceKlass jdk/internal/loader/NativeLibraries$1
instanceKlass jdk/internal/loader/NativeLibraries$LibraryPaths
instanceKlass sun/instrument/InstrumentationImpl
instanceKlass java/lang/instrument/Instrumentation
instanceKlass jdk/internal/vm/VMSupport
instanceKlass java/lang/invoke/StringConcatFactory$3
instanceKlass java/lang/invoke/StringConcatFactory$2
instanceKlass java/lang/invoke/StringConcatFactory$1
instanceKlass java/lang/invoke/StringConcatFactory
instanceKlass jdk/internal/module/ModuleBootstrap$SafeModuleFinder
instanceKlass java/lang/ModuleLayer$Controller
instanceKlass java/util/concurrent/CopyOnWriteArrayList
instanceKlass jdk/internal/module/ServicesCatalog$ServiceProvider
instanceKlass jdk/internal/loader/AbstractClassLoaderValue$Memoizer
instanceKlass jdk/internal/module/ModuleLoaderMap$Modules
instanceKlass jdk/internal/module/ModuleLoaderMap$Mapper
instanceKlass jdk/internal/module/ModuleLoaderMap
instanceKlass java/lang/module/ResolvedModule
instanceKlass java/util/Collections$UnmodifiableCollection$1
instanceKlass java/lang/ModuleLayer
instanceKlass java/util/ImmutableCollections$ListItr
instanceKlass java/util/ListIterator
instanceKlass java/lang/module/ModuleFinder$1
instanceKlass java/nio/file/Path
instanceKlass java/nio/file/Watchable
instanceKlass java/lang/module/Resolver
instanceKlass java/lang/module/Configuration
instanceKlass java/util/stream/FindOps$FindOp
instanceKlass java/util/stream/FindOps$FindSink
instanceKlass java/util/stream/FindOps
instanceKlass java/util/stream/Sink$ChainedReference
instanceKlass java/util/stream/ReduceOps$AccumulatingSink
instanceKlass java/util/stream/TerminalSink
instanceKlass java/util/stream/Sink
instanceKlass java/util/function/Consumer
instanceKlass java/util/stream/ReduceOps$Box
instanceKlass java/util/stream/ReduceOps$ReduceOp
instanceKlass java/util/stream/TerminalOp
instanceKlass java/util/stream/ReduceOps
instanceKlass java/util/function/BinaryOperator
instanceKlass java/util/function/BiFunction
instanceKlass java/util/function/BiConsumer
instanceKlass java/util/stream/Collectors$CollectorImpl
instanceKlass java/util/stream/Collector
instanceKlass java/util/Collections$UnmodifiableCollection
instanceKlass java/util/stream/Collectors
instanceKlass java/lang/ref/Cleaner$Cleanable
instanceKlass jdk/internal/ref/CleanerImpl
instanceKlass java/lang/ref/Cleaner$1
instanceKlass java/lang/ref/Cleaner
instanceKlass jdk/internal/ref/CleanerFactory$1
instanceKlass java/util/concurrent/ThreadFactory
instanceKlass jdk/internal/ref/CleanerFactory
instanceKlass java/lang/invoke/MethodHandles$Lookup$ClassDefiner
instanceKlass java/lang/invoke/MethodHandles$Lookup$ClassFile
instanceKlass jdk/internal/org/objectweb/asm/Handler
instanceKlass jdk/internal/org/objectweb/asm/Attribute
instanceKlass jdk/internal/org/objectweb/asm/FieldVisitor
instanceKlass java/util/ArrayList$Itr
instanceKlass java/lang/invoke/InvokerBytecodeGenerator$ClassData
instanceKlass jdk/internal/org/objectweb/asm/AnnotationVisitor
instanceKlass jdk/internal/org/objectweb/asm/Frame
instanceKlass jdk/internal/org/objectweb/asm/Label
instanceKlass jdk/internal/org/objectweb/asm/MethodVisitor
instanceKlass java/lang/invoke/LambdaFormBuffer
instanceKlass java/lang/invoke/LambdaFormEditor$TransformKey
instanceKlass java/lang/invoke/LambdaFormEditor
instanceKlass sun/invoke/util/Wrapper$1
instanceKlass java/lang/invoke/DelegatingMethodHandle$Holder
instanceKlass java/lang/invoke/DirectMethodHandle$2
instanceKlass sun/invoke/empty/Empty
instanceKlass sun/invoke/util/VerifyType
instanceKlass java/lang/invoke/ClassSpecializer$Factory
instanceKlass java/lang/invoke/ClassSpecializer$SpeciesData
instanceKlass java/lang/invoke/ClassSpecializer$1
instanceKlass java/util/function/Function
instanceKlass java/lang/invoke/ClassSpecializer
instanceKlass java/lang/invoke/InnerClassLambdaMetafactory$1
instanceKlass java/lang/invoke/LambdaProxyClassArchive
instanceKlass jdk/internal/org/objectweb/asm/ByteVector
instanceKlass jdk/internal/org/objectweb/asm/Symbol
instanceKlass jdk/internal/org/objectweb/asm/SymbolTable
instanceKlass jdk/internal/org/objectweb/asm/ClassVisitor
instanceKlass java/lang/invoke/InfoFromMemberName
instanceKlass java/lang/invoke/MethodHandleInfo
instanceKlass jdk/internal/org/objectweb/asm/ConstantDynamic
instanceKlass sun/invoke/util/BytecodeDescriptor
instanceKlass jdk/internal/org/objectweb/asm/Handle
instanceKlass sun/security/action/GetBooleanAction
instanceKlass jdk/internal/org/objectweb/asm/Type
instanceKlass java/lang/invoke/AbstractValidatingLambdaMetafactory
instanceKlass java/lang/invoke/MethodHandleImpl$1
instanceKlass jdk/internal/access/JavaLangInvokeAccess
instanceKlass java/lang/invoke/Invokers$Holder
instanceKlass java/lang/invoke/BootstrapMethodInvoker
instanceKlass java/util/function/Predicate
instanceKlass java/lang/WeakPairMap$Pair$Lookup
instanceKlass java/lang/WeakPairMap$Pair
instanceKlass java/lang/WeakPairMap
instanceKlass java/lang/Module$ReflectionData
instanceKlass java/lang/invoke/InvokerBytecodeGenerator$2
instanceKlass java/lang/invoke/InvokerBytecodeGenerator
instanceKlass java/lang/invoke/LambdaForm$Holder
instanceKlass java/lang/invoke/LambdaForm$Name
instanceKlass java/lang/reflect/Array
instanceKlass java/lang/invoke/Invokers
instanceKlass java/lang/invoke/MethodHandleImpl
instanceKlass sun/invoke/util/ValueConversions
instanceKlass java/lang/invoke/DirectMethodHandle$Holder
instanceKlass java/lang/invoke/LambdaForm$NamedFunction
instanceKlass sun/invoke/util/Wrapper$Format
instanceKlass java/lang/invoke/MethodTypeForm
instanceKlass java/lang/Void
instanceKlass java/lang/invoke/MethodType$ConcurrentWeakInternSet
instanceKlass java/lang/invoke/LambdaMetafactory
instanceKlass sun/reflect/annotation/AnnotationParser
instanceKlass java/lang/Class$3
instanceKlass java/lang/PublicMethods$Key
instanceKlass java/lang/PublicMethods$MethodList
instanceKlass java/lang/Class$Atomic
instanceKlass java/lang/Class$ReflectionData
instanceKlass java/util/EnumMap$1
instanceKlass java/util/stream/StreamOpFlag$MaskBuilder
instanceKlass java/util/stream/Stream
instanceKlass java/util/stream/BaseStream
instanceKlass java/util/stream/PipelineHelper
instanceKlass java/util/stream/StreamSupport
instanceKlass java/util/Spliterators$IteratorSpliterator
instanceKlass java/util/Spliterator$OfDouble
instanceKlass java/util/Spliterator$OfLong
instanceKlass java/util/Spliterator$OfInt
instanceKlass java/util/Spliterator$OfPrimitive
instanceKlass java/util/Spliterator
instanceKlass java/util/Spliterators$EmptySpliterator
instanceKlass java/util/Spliterators
instanceKlass jdk/internal/module/DefaultRoots
instanceKlass jdk/internal/loader/BuiltinClassLoader$LoadedModule
instanceKlass jdk/internal/loader/AbstractClassLoaderValue
instanceKlass jdk/internal/module/ServicesCatalog
instanceKlass java/security/Principal
instanceKlass java/security/ProtectionDomain$Key
instanceKlass java/security/ProtectionDomain$JavaSecurityAccessImpl
instanceKlass jdk/internal/access/JavaSecurityAccess
instanceKlass java/lang/ClassLoader$ParallelLoaders
instanceKlass java/security/cert/Certificate
instanceKlass jdk/internal/util/Preconditions
instanceKlass sun/net/util/IPAddressUtil
instanceKlass java/net/URLStreamHandler
instanceKlass java/lang/StringUTF16
instanceKlass java/util/HexFormat
instanceKlass sun/net/www/ParseUtil
instanceKlass java/net/URL$3
instanceKlass jdk/internal/access/JavaNetURLAccess
instanceKlass java/net/URL$DefaultFactory
instanceKlass java/net/URLStreamHandlerFactory
instanceKlass jdk/internal/loader/URLClassPath
instanceKlass jdk/internal/loader/ArchivedClassLoaders
instanceKlass java/util/Deque
instanceKlass java/util/Queue
instanceKlass jdk/internal/loader/ClassLoaderHelper
instanceKlass jdk/internal/loader/NativeLibraries
instanceKlass jdk/internal/loader/BootLoader
instanceKlass java/util/Optional
instanceKlass jdk/internal/module/SystemModuleFinders$SystemModuleFinder
instanceKlass java/lang/module/ModuleFinder
instanceKlass jdk/internal/module/SystemModuleFinders$3
instanceKlass jdk/internal/module/ModuleHashes$HashSupplier
instanceKlass jdk/internal/module/SystemModuleFinders$2
instanceKlass java/util/function/Supplier
instanceKlass java/lang/module/ModuleReference
instanceKlass jdk/internal/module/ModuleResolution
instanceKlass java/util/Collections$UnmodifiableMap
instanceKlass jdk/internal/module/ModuleHashes$Builder
instanceKlass jdk/internal/module/ModuleHashes
instanceKlass jdk/internal/module/ModuleTarget
instanceKlass java/util/ImmutableCollections$Set12$1
instanceKlass java/lang/Enum
instanceKlass java/lang/module/ModuleDescriptor$Version
instanceKlass java/lang/module/ModuleDescriptor$Provides
instanceKlass java/lang/module/ModuleDescriptor$Opens
instanceKlass java/util/ImmutableCollections$SetN$SetNIterator
instanceKlass java/lang/module/ModuleDescriptor$Exports
instanceKlass java/lang/module/ModuleDescriptor$Requires
instanceKlass jdk/internal/module/Builder
instanceKlass jdk/internal/module/SystemModules$all
instanceKlass jdk/internal/module/SystemModules
instanceKlass jdk/internal/module/SystemModulesMap
instanceKlass java/net/URI$1
instanceKlass jdk/internal/access/JavaNetUriAccess
instanceKlass java/net/URI
instanceKlass jdk/internal/module/SystemModuleFinders
instanceKlass jdk/internal/module/ArchivedModuleGraph
instanceKlass jdk/internal/module/ArchivedBootLayer
instanceKlass jdk/internal/module/ModuleBootstrap$Counters
instanceKlass jdk/internal/module/ModulePatcher
instanceKlass jdk/internal/util/ArraysSupport
instanceKlass java/io/FileSystem
instanceKlass java/io/DefaultFileSystem
instanceKlass java/io/File
instanceKlass java/lang/module/ModuleDescriptor$1
instanceKlass jdk/internal/access/JavaLangModuleAccess
instanceKlass java/lang/reflect/Modifier
instanceKlass sun/invoke/util/VerifyAccess
instanceKlass java/lang/module/ModuleDescriptor
instanceKlass jdk/internal/module/ModuleBootstrap
instanceKlass java/lang/invoke/MethodHandleStatics
instanceKlass java/util/Collections
instanceKlass sun/io/Win32ErrorMode
instanceKlass jdk/internal/misc/OSEnvironment
instanceKlass jdk/internal/misc/Signal$NativeHandler
instanceKlass java/util/Hashtable$Entry
instanceKlass jdk/internal/misc/Signal
instanceKlass java/lang/Terminator$1
instanceKlass jdk/internal/misc/Signal$Handler
instanceKlass java/lang/Terminator
instanceKlass java/nio/ByteOrder
instanceKlass java/nio/Buffer$1
instanceKlass jdk/internal/access/JavaNioAccess
instanceKlass jdk/internal/misc/ScopedMemoryAccess
instanceKlass java/nio/charset/CodingErrorAction
instanceKlass java/nio/charset/CharsetEncoder
instanceKlass sun/nio/cs/HistoricallyNamedCharset
instanceKlass sun/security/action/GetPropertyAction
instanceKlass java/lang/ThreadLocal
instanceKlass java/nio/charset/spi/CharsetProvider
instanceKlass java/nio/charset/Charset
instanceKlass java/io/Writer
instanceKlass java/io/OutputStream
instanceKlass java/io/Flushable
instanceKlass java/io/FileDescriptor$1
instanceKlass jdk/internal/access/JavaIOFileDescriptorAccess
instanceKlass java/io/FileDescriptor
instanceKlass jdk/internal/util/StaticProperty
instanceKlass java/util/HashMap$HashIterator
instanceKlass java/lang/Integer$IntegerCache
instanceKlass java/lang/CharacterData
instanceKlass java/util/Arrays
instanceKlass java/lang/VersionProps
instanceKlass java/lang/StringConcatHelper
instanceKlass jdk/internal/misc/VM
instanceKlass jdk/internal/util/SystemProps$Raw
instanceKlass jdk/internal/util/SystemProps
instanceKlass java/lang/System$2
instanceKlass jdk/internal/access/JavaLangAccess
instanceKlass java/lang/ref/Reference$1
instanceKlass jdk/internal/access/JavaLangRefAccess
instanceKlass java/lang/ref/ReferenceQueue$Lock
instanceKlass java/lang/ref/ReferenceQueue
instanceKlass jdk/internal/reflect/ReflectionFactory
instanceKlass jdk/internal/reflect/ReflectionFactory$GetReflectionFactoryAction
instanceKlass java/security/PrivilegedAction
instanceKlass java/util/concurrent/locks/LockSupport
instanceKlass java/util/concurrent/ConcurrentHashMap$Node
instanceKlass java/util/concurrent/ConcurrentHashMap$CounterCell
instanceKlass java/util/concurrent/locks/ReentrantLock
instanceKlass java/util/concurrent/locks/Lock
instanceKlass java/lang/Runtime
instanceKlass java/util/HashMap$Node
instanceKlass java/util/KeyValueHolder
instanceKlass java/util/Map$Entry
instanceKlass java/util/ImmutableCollections$MapN$MapNIterator
instanceKlass java/lang/Math
instanceKlass jdk/internal/reflect/Reflection
instanceKlass java/lang/invoke/MethodHandles$Lookup
instanceKlass java/lang/StringLatin1
instanceKlass java/security/Permission
instanceKlass java/security/Guard
instanceKlass java/lang/invoke/MemberName$Factory
instanceKlass java/lang/invoke/MethodHandles
instanceKlass jdk/internal/access/SharedSecrets
instanceKlass java/lang/reflect/ReflectAccess
instanceKlass jdk/internal/access/JavaLangReflectAccess
instanceKlass java/util/ImmutableCollections
instanceKlass java/util/Objects
instanceKlass java/util/Set
instanceKlass jdk/internal/misc/CDS
instanceKlass java/lang/Module$ArchivedData
instanceKlass java/lang/String$CaseInsensitiveComparator
instanceKlass java/util/Comparator
instanceKlass java/io/ObjectStreamField
instanceKlass jdk/internal/vm/vector/VectorSupport$VectorPayload
instanceKlass jdk/internal/vm/vector/VectorSupport
instanceKlass java/lang/reflect/RecordComponent
instanceKlass java/util/Iterator
instanceKlass java/lang/Number
instanceKlass java/lang/Character
instanceKlass java/lang/Boolean
instanceKlass java/util/concurrent/locks/AbstractOwnableSynchronizer
instanceKlass java/lang/LiveStackFrame
instanceKlass java/lang/StackFrameInfo
instanceKlass java/lang/StackWalker$StackFrame
instanceKlass java/lang/StackStreamFactory$AbstractStackWalker
instanceKlass java/lang/StackWalker
instanceKlass java/nio/Buffer
instanceKlass java/lang/StackTraceElement
instanceKlass java/util/RandomAccess
instanceKlass java/util/List
instanceKlass java/util/AbstractCollection
instanceKlass java/util/Collection
instanceKlass java/lang/Iterable
instanceKlass java/util/concurrent/ConcurrentMap
instanceKlass java/util/AbstractMap
instanceKlass java/security/CodeSource
instanceKlass jdk/internal/loader/ClassLoaders
instanceKlass java/util/jar/Manifest
instanceKlass java/net/URL
instanceKlass java/io/InputStream
instanceKlass java/io/Closeable
instanceKlass java/lang/AutoCloseable
instanceKlass jdk/internal/module/Modules
instanceKlass jdk/internal/misc/Unsafe
instanceKlass jdk/internal/misc/UnsafeConstants
instanceKlass java/lang/AbstractStringBuilder
instanceKlass java/lang/Appendable
instanceKlass java/lang/AssertionStatusDirectives
instanceKlass java/lang/invoke/MethodHandleNatives$CallSiteContext
instanceKlass jdk/internal/invoke/NativeEntryPoint
instanceKlass java/lang/invoke/CallSite
instanceKlass java/lang/invoke/MethodType
instanceKlass java/lang/invoke/TypeDescriptor$OfMethod
instanceKlass java/lang/invoke/LambdaForm
instanceKlass java/lang/invoke/MethodHandleNatives
instanceKlass java/lang/invoke/ResolvedMethodName
instanceKlass java/lang/invoke/MemberName
instanceKlass java/lang/invoke/VarHandle
instanceKlass java/lang/invoke/MethodHandle
instanceKlass jdk/internal/reflect/CallerSensitive
instanceKlass java/lang/annotation/Annotation
instanceKlass jdk/internal/reflect/FieldAccessor
instanceKlass jdk/internal/reflect/ConstantPool
instanceKlass jdk/internal/reflect/ConstructorAccessor
instanceKlass jdk/internal/reflect/MethodAccessor
instanceKlass jdk/internal/reflect/MagicAccessorImpl
instanceKlass java/lang/reflect/Parameter
instanceKlass java/lang/reflect/Member
instanceKlass java/lang/reflect/AccessibleObject
instanceKlass java/lang/Module
instanceKlass java/util/Map
instanceKlass java/util/Dictionary
instanceKlass java/lang/ThreadGroup
instanceKlass java/lang/Thread$UncaughtExceptionHandler
instanceKlass java/lang/Thread
instanceKlass java/lang/Runnable
instanceKlass java/lang/ref/Reference
instanceKlass java/lang/Record
instanceKlass java/security/AccessController
instanceKlass java/security/AccessControlContext
instanceKlass java/security/ProtectionDomain
instanceKlass java/lang/SecurityManager
instanceKlass java/lang/Throwable
instanceKlass java/lang/System
instanceKlass java/lang/ClassLoader
instanceKlass java/lang/Cloneable
instanceKlass java/lang/Class
instanceKlass java/lang/invoke/TypeDescriptor$OfField
instanceKlass java/lang/invoke/TypeDescriptor
instanceKlass java/lang/reflect/Type
instanceKlass java/lang/reflect/GenericDeclaration
instanceKlass java/lang/reflect/AnnotatedElement
instanceKlass java/lang/String
instanceKlass java/lang/constant/ConstantDesc
instanceKlass java/lang/constant/Constable
instanceKlass java/lang/CharSequence
instanceKlass java/lang/Comparable
instanceKlass java/io/Serializable
ciInstanceKlass java/lang/Object 1 1 92 7 1 10 12 1 1 10 7 12 1 1 1 10 7 12 1 1 1 10 12 1 1 8 1 10 12 1 1 10 7 12 1 1 1 10 12 1 10 12 1 1 100 1 8 1 10 12 1 3 8 1 100 1 5 0 1 1 1 1 1 1 1 1 1 1 1 1 1 1 1 1 7 1 1 1 7 1 1 1 1 1 1 1 7 1 1 1 1 1 1 1
ciInstanceKlass java/lang/Class 1 1 1600 10 7 12 1 1 1 9 7 12 1 1 1 9 12 1 1 7 1 10 10 12 1 1 8 1 10 12 1 8 1 8 1 10 12 1 1 10 12 1 1 10 12 1 10 10 12 1 10 12 1 1 10 12 1 1 10 7 12 1 1 10 12 1 10 12 1 10 12 1 8 1 10 12 1 8 1 10 12 1 8 1 8 1 10 12 1 1 10 7 12 1 1 1 18 12 1 1 11 7 12 1 1 1 8 1 8 1 8 1 10 7 12 1 1 1 11 12 1 1 7 1 8 1 10 12 1 11 100 12 1 1 1 10 12 1 1 11 8 1 18 8 1 10 12 1 10 7 12 1 1 10 7 12 1 1 1 10 12 1 1 10 7 12 1 1 1 9 100 12 1 1 1 10 100 12 1 1 1 10 7 12 1 1 1 10 12 1 1 18 12 1 1 10 7 12 1 1 1 10 7 12 1 1 10 12 1 1 10 7 1 100 1 10 12 1 1 9 12 1 1 100 1 8 1 10 12 1 10 12 1 1 10 12 1 1 10 7 12 1 1 1 7 1 10 12 1 7 1 100 1 10 10 12 1 1 10 12 1 1 100 1 10 100 12 1 1 1 10 12 1 1 10 12 1 1 9 12 1 1 10 12 1 10 12 1 10 12 1 1 9 12 1 1 9 12 1 1 10 12 1 1 10 7 1 10 12 1 10 12 1 10 12 1 1 10 9 12 1 10 12 1 8 1 10 12 1 1 10 12 1 1 10 12 1 10 12 1 1 10 12 1 1 10 12 1 1 9 7 12 1 1 1 10 7 12 1 1 10 12 10 12 1 10 12 1 1 10 100 12 1 1 10 12 1 10 12 1 1 10 100 12 1 1 1 10 12 1 10 12 1 1 10 12 1 10 12 1 10 12 1 1 10 7 1 10 10 10 12 1 1 10 12 1 1 10 12 10 12 1 1 100 1 8 1 10 10 12 1 1 10 12 1 100 1 11 12 1 10 100 12 1 1 10 12 1 10 12 1 10 100 12 1 1 10 10 12 1 1 8 1 10 12 1 10 12 1 1 8 1 9 12 1 10 12 1 10 12 1 10 12 1 10 12 100 1 9 12 1 10 12 1 9 12 1 10 12 1 10 12 1 10 12 1 10 10 12 1 10 12 1 10 12 1 10 12 1 10 12 1 10 12 1 100 1 10 12 1 10 12 1 1 10 12 1 1 10 12 1 1 10 12 1 1 10 12 1 1 10 12 1 1 7 1 10 10 12 1 1 10 12 1 1 10 12 1 1 10 10 12 1 10 12 1 1 10 12 1 1 10 12 1 1 10 12 1 1 7 1 10 10 12 11 100 12 1 1 10 12 1 1 10 12 1 10 7 12 1 1 1 10 12 1 1 10 10 12 1 1 100 1 10 10 12 1 1 10 100 12 1 1 1 100 1 100 1 10 12 1 1 10 12 1 10 10 12 1 1 10 12 1 10 12 1 10 12 1 10 100 12 1 1 1 11 7 12 1 1 10 12 1 10 12 1 9 12 1 10 12 1 1 10 12 1 9 7 12 1 1 1 9 12 1 10 100 12 1 1 1 10 12 1 10 12 1 10 100 12 1 1 1 10 12 1 10 12 10 12 1 1 100 1 10 8 1 10 12 1 11 11 12 1 1 11 7 12 1 1 11 12 1 8 1 10 12 1 10 12 1 1 9 12 1 9 12 1 1 10 7 12 1 1 9 12 1 10 12 1 1 10 10 12 1 10 7 12 1 1 1 10 7 12 1 1 10 7 12 1 1 9 12 1 1 10 12 1 9 12 1 10 12 1 10 12 1 1 9 12 1 1 9 12 1 10 12 1 10 12 1 1 9 12 1 7 1 10 10 12 1 1 7 1 10 12 1 1 7 11 7 1 9 12 1 1 9 12 1 100 1 10 12 1 9 12 1 1 9 12 1 10 12 1 10 12 1 1 9 12 1 7 1 10 10 12 1 1 10 10 12 1 1 10 12 10 10 12 1 9 12 1 10 12 1 1 10 7 12 1 1 1 10 12 1 1 10 12 1 8 10 7 8 1 18 8 1 8 1 10 12 1 9 12 1 9 12 1 1 10 12 1 7 1 7 1 10 12 1 9 12 1 1 7 1 10 10 12 1 10 7 1 9 12 1 8 1 10 12 1 7 1 10 12 1 10 12 1 1 9 12 1 100 1 8 1 10 7 1 4 10 10 12 11 7 12 1 1 1 10 12 1 100 1 10 12 1 1 10 8 1 8 1 10 12 1 1 9 7 12 1 1 11 12 7 1 11 7 12 1 1 9 12 1 10 7 12 1 1 1 10 7 12 1 1 10 12 1 1 9 12 1 9 10 12 1 1 10 12 1 1 10 12 1 1 10 12 1 1 10 12 1 1 11 12 1 7 1 11 12 1 10 7 12 1 1 1 10 12 1 100 1 11 12 1 10 100 12 1 1 1 10 12 1 10 11 12 1 11 12 1 1 10 12 1 10 12 1 1 9 12 1 1 9 100 12 1 1 10 12 1 10 100 12 1 1 1 10 12 1 1 10 12 1 10 12 1 10 12 1 10 7 12 1 1 1 10 12 1 8 1 10 12 1 10 12 1 10 12 1 10 100 12 1 1 1 11 100 12 1 1 1 10 12 1 1 10 12 1 18 12 1 1 11 12 1 1 18 11 12 1 18 12 1 11 12 1 10 12 1 1 10 12 1 10 12 1 10 12 10 12 1 8 1 10 12 1 7 1 9 12 1 1 100 1 100 1 100 1 100 1 100 1 1 1 3 1 3 1 3 1 1 1 1 1 1 1 5 0 1 1 1 1 1 1 1 1 1 1 1 1 1 1 1 1 1 1 1 1 1 1 1 100 1 1 1 1 1 1 1 100 1 1 1 1 1 1 100 1 1 1 1 1 1 1 1 1 1 1 1 1 1 1 1 1 1 1 1 1 1 1 1 1 1 1 1 1 1 1 1 1 1 1 1 1 1 100 1 1 1 1 1 1 1 1 1 1 1 1 1 1 1 1 1 1 1 1 1 1 1 1 1 1 1 1 100 1 1 1 1 1 1 1 1 1 1 1 1 1 1 1 1 1 1 1 1 1 1 1 1 1 1 1 1 1 1 1 1 1 1 1 1 1 1 1 1 1 1 1 1 1 1 1 1 1 1 1 1 1 100 1 100 1 1 1 1 1 1 1 100 1 1 1 1 1 1 1 1 1 1 1 1 1 1 1 1 1 1 1 1 1 1 1 1 1 1 1 1 1 1 1 1 1 1 1 1 1 1 1 1 1 1 1 1 1 1 1 1 1 1 1 1 1 1 1 100 1 1 1 1 1 1 1 1 1 1 1 1 1 1 1 1 1 1 1 1 1 1 1 1 1 1 1 1 1 1 1 1 1 1 1 1 1 1 1 1 1 1 1 1 1 1 1 1 1 1 1 1 1 1 1 1 1 1 1 1 1 1 1 1 1 1 1 1 15 10 7 12 1 1 1 16 15 10 12 16 15 11 12 16 1 16 15 16 15 10 12 16 16 15 10 12 16 15 16 1 15 10 12 16 1 1 1 1 1 1 1 1 1 100 1 1 100 1 100 1 1 100 1 100 1 1
staticfield java/lang/Class EMPTY_CLASS_ARRAY [Ljava/lang/Class; 0 [Ljava/lang/Class;
staticfield java/lang/Class serialPersistentFields [Ljava/io/ObjectStreamField; 0 [Ljava/io/ObjectStreamField;
ciInstanceKlass java/io/Serializable 1 0 7 100 1 100 1 1 1
instanceKlass jdk/internal/vm/vector/VectorSupport$VectorShuffle
instanceKlass jdk/internal/vm/vector/VectorSupport$VectorMask
instanceKlass jdk/internal/vm/vector/VectorSupport$Vector
ciInstanceKlass jdk/internal/vm/vector/VectorSupport$VectorPayload 0 0 32 10 100 12 1 1 1 9 100 12 1 1 1 10 100 12 1 1 1 1 1 1 1 1 1 1 1 1 1 1 1 1
ciInstanceKlass jdk/internal/vm/vector/VectorSupport$VectorShuffle 0 0 28 10 100 12 1 1 1 100 1 1 1 1 1 1 1 1 1 1 1 1 1 1 1 100 1 1 1 1
ciInstanceKlass jdk/internal/vm/vector/VectorSupport$VectorMask 0 0 28 10 100 12 1 1 1 100 1 1 1 1 1 1 1 1 1 1 1 1 1 1 1 100 1 1 1 1
ciInstanceKlass jdk/internal/vm/vector/VectorSupport$Vector 0 0 28 10 100 12 1 1 1 100 1 1 1 1 1 1 1 1 1 1 1 1 1 1 1 100 1 1 1 1
ciInstanceKlass jdk/internal/vm/vector/VectorSupport 0 0 487 100 1 10 100 12 1 1 1 9 12 1 1 10 12 1 1 100 1 10 12 1 11 100 12 1 1 1 11 100 12 1 1 1 11 100 12 1 1 11 100 12 1 1 1 11 100 1 100 1 10 12 1 1 11 100 12 1 1 11 100 12 1 1 100 1 11 100 12 1 1 11 100 12 1 1 11 100 12 1 1 1 11 100 12 1 1 1 11 100 12 1 1 1 11 100 12 1 1 1 100 1 10 12 1 1 11 100 12 1 1 100 1 11 100 12 1 1 11 100 12 1 1 11 100 12 1 1 11 100 1 100 1 9 12 1 1 10 100 12 1 1 11 100 12 1 1 10 12 1 1 10 100 12 1 1 1 10 12 1 10 12 1 1 10 12 1 1 1 1 1 3 1 3 1 3 1 3 1 3 1 3 1 3 1 3 1 3 1 3 1 3 1 3 1 3 1 3 1 3 1 3 1 3 1 3 1 3 1 3 1 3 1 3 1 3 1 3 1 3 1 3 1 3 1 3 1 3 1 3 1 3 1 3 1 3 1 3 1 3 1 3 1 3 1 3 1 3 1 1 1 1 1 3 1 1 1 1 1 1 3 1 1 1 1 1 1 1 1 1 1 1 1 1 1 1 1 1 1 1 1 1 1 1 1 1 1 1 1 1 1 1 1 1 1 1 1 1 1 1 1 1 1 1 1 1 1 1 1 1 1 1 1 1 1 1 1 1 1 1 1 1 1 1 1 1 1 1 1 1 1 1 1 1 1 1 1 1 1 1 1 1 1 1 1 1 1 1 1 1 1 1 1 1 1 1 1 1 1 1 1 1 1 1 1 1 1 1 1 1 1 1 1 1 1 1 1 1 1 1 1 1 1 1 1 1 1 1 1 1 1 1 1 1 1 1 1 1 1 1 1 1 1 1 1 1 1 1 1 1 1 1 1 1 1 1 1 1 1 1 1 1 1 1 1 1 1 1 1 1 1 1 1 1 1 1 1 1 1 1 1 1 1 1 1 1 1 1 1 1 1 1 1 1 1 1 1 1 1 1 100 1 100 1 1 1 1 1 1 1 1 1 1 1 1 1 1 1 1 1 1 1 1 1 1 1 1
ciInstanceKlass java/lang/reflect/RecordComponent 0 0 196 10 100 12 1 1 1 9 100 12 1 1 1 9 12 1 1 9 12 1 10 12 1 1 10 12 1 1 10 100 12 1 1 1 10 12 1 1 9 12 1 1 10 12 1 1 10 12 1 1 10 12 1 10 100 12 1 1 10 100 12 1 1 9 12 1 1 10 100 12 1 1 1 11 100 12 1 1 1 10 9 100 12 1 1 1 10 100 12 1 1 1 9 12 1 1 10 100 12 1 1 1 10 12 1 1 11 100 12 1 1 10 100 12 1 1 100 1 9 12 1 9 12 1 1 9 12 1 10 100 12 1 1 1 10 12 1 1 10 12 1 1 100 1 10 10 12 1 10 12 1 1 8 1 10 12 1 10 12 1 9 12 1 100 1 1 1 1 1 1 1 1 1 1 1 1 1 1 1 1 1 1 1 1 1 1 100 1 1 1 1 1 1 100 1 1
ciInstanceKlass java/util/Iterator 1 1 53 100 1 8 1 10 12 1 1 10 7 12 1 1 1 11 7 12 1 1 1 11 12 1 1 11 7 12 1 1 1 100 1 1 1 1 1 1 1 1 1 1 1 1 1 1 1 1 1 1 1 1 1
ciInstanceKlass java/lang/System 1 1 803 10 100 12 1 1 1 9 7 12 1 1 1 10 12 1 10 12 1 1 10 12 1 1 10 12 1 9 12 1 1 10 7 12 1 1 1 11 100 12 1 1 1 10 100 12 1 1 1 10 12 1 1 10 12 1 1 100 1 8 1 10 12 1 10 100 12 1 1 1 10 7 12 1 1 1 18 12 1 1 10 100 12 1 1 1 100 1 10 12 1 1 10 100 12 1 1 1 10 12 1 10 7 12 1 1 1 9 100 12 1 1 1 10 100 12 1 1 1 11 7 12 1 1 1 10 12 1 1 10 7 12 1 1 1 100 1 10 10 12 1 1 8 1 10 12 1 8 1 10 12 1 9 12 1 1 8 1 10 7 12 1 1 1 10 12 1 1 100 1 8 1 10 9 12 1 1 8 1 10 12 1 1 10 100 12 1 1 1 8 1 10 12 1 100 1 10 12 1 8 1 10 12 1 10 12 1 1 100 1 10 12 10 12 1 9 12 1 1 9 12 1 1 10 7 12 1 1 1 10 7 12 1 1 1 10 12 1 1 10 12 1 10 12 1 10 7 12 1 1 1 10 12 1 100 1 100 1 8 1 10 12 1 10 12 1 1 7 1 10 12 1 100 1 8 1 10 10 12 1 100 1 8 1 10 8 1 10 7 12 1 1 8 1 10 12 100 1 8 1 10 10 12 1 1 10 7 12 1 1 1 100 1 18 12 1 100 1 9 100 12 1 1 1 10 12 1 100 1 10 12 1 1 10 12 1 1 10 7 12 1 1 1 10 12 1 1 10 12 1 10 12 1 10 12 1 1 10 12 1 7 1 10 12 1 10 12 1 100 1 10 12 1 10 7 12 1 1 1 100 1 8 1 10 9 12 1 9 12 1 10 12 1 10 100 12 1 1 10 12 1 10 12 1 1 8 1 10 12 1 1 8 1 11 12 1 10 12 11 12 1 1 11 7 12 1 1 1 11 7 12 1 1 11 12 1 1 7 1 11 12 1 10 12 1 8 1 10 12 1 1 8 1 8 1 8 1 8 1 11 12 1 10 12 1 10 12 1 10 12 1 10 7 12 1 1 8 1 7 1 9 7 12 1 1 1 10 12 1 7 1 9 12 10 9 12 7 1 10 12 8 1 10 12 1 1 8 1 10 7 12 1 1 10 12 1 10 7 12 1 1 1 10 12 1 1 10 7 12 1 1 1 10 12 10 7 12 1 1 1 9 12 1 1 100 1 8 1 10 12 1 1 10 7 12 1 1 1 7 1 10 12 1 1 8 1 10 8 1 8 1 8 1 8 1 10 10 7 12 1 1 10 12 1 1 10 12 1 1 10 12 1 1 10 12 1 10 100 12 1 1 1 10 100 1 8 1 10 10 10 12 1 1 10 12 1 1 8 1 10 12 1 8 1 10 12 1 10 12 1 1 7 1 10 10 12 1 10 12 1 9 12 1 1 1 3 1 3 1 1 1 1 1 1 1 1 1 1 1 1 100 1 1 100 1 1 1 1 1 1 1 1 1 1 1 100 1 100 1 1 1 1 1 1 1 1 1 1 1 1 1 1 1 1 1 1 1 1 1 1 1 1 1 1 1 1 1 1 1 1 1 1 1 1 1 1 1 1 1 1 1 1 1 1 1 1 1 1 1 1 1 1 1 1 1 1 100 1 1 1 1 1 1 1 1 1 1 1 1 1 1 1 1 1 1 1 1 1 1 1 1 1 1 1 1 1 1 1 1 1 100 1 1 15 10 100 12 1 1 1 16 15 10 12 1 1 16 15 10 12 16 1 1 1 1 1 1 1 100 1 100 1 1
staticfield java/lang/System in Ljava/io/InputStream; java/io/BufferedInputStream
staticfield java/lang/System out Ljava/io/PrintStream; java/io/PrintStream
staticfield java/lang/System err Ljava/io/PrintStream; java/io/PrintStream
instanceKlass jdk/internal/reflect/DelegatingClassLoader
instanceKlass java/security/SecureClassLoader
ciInstanceKlass java/lang/ClassLoader 1 1 1098 9 7 12 1 1 1 10 7 12 1 1 1 9 12 1 1 10 7 12 1 1 1 7 1 10 12 1 1 10 12 1 1 9 12 1 1 10 12 1 1 100 1 10 12 1 10 12 1 1 10 7 12 1 1 1 100 1 8 1 10 12 1 10 7 12 1 1 1 10 100 12 1 10 7 1 10 7 1 7 1 7 1 10 12 1 10 12 1 9 12 1 1 10 10 7 12 1 1 1 9 12 1 1 9 12 1 9 12 1 1 9 12 1 9 12 1 1 9 12 1 1 7 1 10 12 1 9 12 1 1 10 12 1 1 10 7 12 1 1 1 9 12 1 9 12 1 1 9 12 1 10 12 1 1 9 12 10 12 1 1 7 1 10 8 1 10 12 1 1 10 12 1 10 7 1 7 1 10 12 1 1 10 7 12 1 1 1 8 1 10 12 1 10 12 1 10 12 1 1 10 12 1 1 10 12 1 1 10 12 1 1 10 12 1 1 10 12 1 7 1 10 12 1 10 7 12 1 1 1 10 12 1 1 10 12 1 10 12 1 10 12 1 10 12 1 10 12 1 1 10 10 12 1 10 12 1 10 100 12 1 1 10 12 1 1 10 12 1 1 10 12 1 100 1 10 12 1 100 1 10 12 1 10 100 12 1 1 1 10 10 12 1 1 10 12 1 1 100 1 8 1 10 8 1 10 12 1 10 12 1 100 1 8 1 10 12 1 1 10 12 1 1 10 10 12 1 1 10 12 1 1 10 12 1 1 10 7 1 10 12 1 1 10 12 1 1 10 12 1 1 10 12 1 1 10 12 1 1 10 12 1 1 10 12 1 10 7 12 1 1 1 10 12 1 10 12 1 10 12 1 1 10 12 1 10 12 1 10 12 1 10 12 1 1 10 12 1 10 12 1 1 8 1 9 12 1 10 12 1 1 8 1 8 1 10 7 12 1 1 100 1 10 10 12 10 12 1 10 12 1 10 12 1 10 12 1 1 10 7 12 1 1 10 12 1 10 7 1 7 1 10 12 1 1 10 12 1 10 7 1 10 12 1 100 1 18 12 1 10 100 12 1 1 1 10 100 12 1 1 1 10 7 12 1 1 10 12 1 1 10 12 1 10 12 1 1 100 1 10 12 1 10 12 1 1 10 7 12 1 1 10 12 1 8 1 100 1 10 10 12 1 9 12 1 10 7 12 1 1 10 12 1 100 1 8 1 10 12 1 10 8 1 8 1 10 12 1 1 10 12 1 1 10 12 1 1 10 100 12 1 1 1 100 1 100 1 10 12 1 1 100 1 100 1 10 100 12 1 1 10 12 1 10 12 1 1 10 12 1 10 12 1 1 10 12 1 1 9 100 12 1 1 1 10 12 1 1 10 12 1 10 12 1 10 12 1 1 10 12 1 8 1 10 12 1 7 1 18 12 1 1 10 12 1 1 10 12 1 10 12 1 10 12 1 8 1 10 12 1 10 12 1 18 12 1 11 100 12 1 1 1 100 1 10 12 1 1 10 12 1 10 11 12 1 1 10 18 10 12 1 1 11 100 12 1 18 12 1 11 12 1 1 10 12 10 12 1 1 10 12 1 1 100 1 8 1 10 10 12 1 8 1 8 1 10 100 12 1 1 10 12 1 100 1 10 10 12 1 8 1 8 1 8 1 10 12 1 10 12 1 1 10 12 1 10 100 12 1 1 1 11 100 12 1 1 100 1 10 11 10 12 1 10 12 1 10 12 1 1 9 100 12 1 1 9 12 1 1 9 12 9 12 1 9 12 1 9 12 1 8 10 12 1 1 10 7 12 1 1 1 10 12 1 1 10 12 1 1 10 12 1 10 10 12 1 11 12 1 1 10 100 12 1 1 1 100 1 10 12 1 10 12 1 10 12 1 1 1 1 1 1 1 1 1 1 1 1 1 1 1 1 1 1 1 1 1 1 1 1 1 1 1 1 100 1 1 1 1 1 1 1 1 1 1 1 1 1 1 1 1 1 1 1 1 1 100 1 1 1 1 1 1 1 1 1 1 100 1 1 1 1 1 1 1 1 1 1 1 1 1 1 1 1 1 1 1 1 1 1 1 1 1 1 1 1 1 1 1 1 1 1 1 1 1 1 1 1 1 100 1 1 1 1 1 1 1 1 1 1 1 1 1 1 1 1 1 1 100 1 1 1 1 1 1 1 1 1 1 1 1 1 1 1 1 1 1 1 1 1 1 1 1 1 1 1 1 1 1 1 1 1 1 1 1 1 1 1 1 1 1 1 1 1 1 1 1 1 1 1 100 1 1 1 1 1 1 1 1 1 1 1 1 1 1 1 1 1 1 1 1 1 1 1 1 1 1 1 1 1 1 1 1 1 1 1 1 1 1 1 1 1 1 1 1 1 1 15 10 7 12 1 1 1 16 1 15 10 12 16 1 16 15 10 12 16 1 16 1 15 10 12 16 15 10 12 16 15 10 12 16 1 1 100 1 100 1 1
staticfield java/lang/ClassLoader nocerts [Ljava/security/cert/Certificate; 0 [Ljava/security/cert/Certificate;
staticfield java/lang/ClassLoader $assertionsDisabled Z 1
ciInstanceKlass jdk/internal/reflect/DelegatingClassLoader 1 1 18 10 7 12 1 1 1 100 1 1 1 1 1 1 1 1 1 1
instanceKlass sun/reflect/misc/MethodUtil
instanceKlass java/net/URLClassLoader
instanceKlass jdk/internal/loader/BuiltinClassLoader
ciInstanceKlass java/security/SecureClassLoader 1 1 102 10 7 12 1 1 1 7 1 10 12 1 9 7 12 1 1 1 10 12 1 10 12 1 10 12 1 1 10 12 1 1 10 12 1 7 1 10 7 1 10 12 1 7 1 10 12 1 11 7 12 1 1 1 7 1 11 12 1 10 12 1 1 1 1 1 1 1 1 1 1 1 1 1 1 1 1 1 1 1 1 1 1 1 1 1 1 1 1 1 1 1 1 1 1 1 1 100 1 1 1 1
instanceKlass jdk/internal/loader/ClassLoaders$BootClassLoader
instanceKlass jdk/internal/loader/ClassLoaders$PlatformClassLoader
instanceKlass jdk/internal/loader/ClassLoaders$AppClassLoader
ciInstanceKlass jdk/internal/loader/BuiltinClassLoader 1 1 737 9 7 12 1 1 1 10 7 12 1 1 1 10 7 12 1 1 1 9 12 1 1 9 12 1 1 7 1 10 12 1 9 12 1 10 12 1 9 12 1 10 7 12 1 1 1 10 7 12 1 1 1 10 7 12 1 1 1 11 7 12 1 1 1 100 1 100 1 10 10 12 1 1 8 1 10 12 1 10 12 7 1 10 12 1 10 12 1 1 11 7 12 1 1 1 11 7 12 1 1 1 11 12 1 1 7 1 8 1 8 1 10 9 12 1 1 10 7 12 1 1 11 12 1 1 10 12 1 1 10 12 1 1 10 12 1 1 10 7 12 1 1 1 10 12 1 10 100 12 1 1 1 10 12 1 1 11 7 12 1 1 1 10 7 12 1 1 7 1 10 7 12 1 1 1 10 12 1 100 1 8 1 10 12 1 1 10 8 1 10 12 1 1 10 12 1 1 10 12 1 1 11 7 12 1 1 11 12 1 7 1 10 11 12 1 1 11 10 12 1 1 7 1 10 12 1 10 7 12 1 10 12 1 7 1 10 12 1 10 7 12 1 1 1 100 1 10 12 1 1 11 12 1 100 1 100 1 10 12 1 10 12 1 1 100 1 100 1 10 12 1 10 12 1 18 12 1 1 10 12 1 10 12 1 1 18 100 1 10 7 12 1 1 1 7 1 10 10 12 1 1 10 12 1 1 10 12 1 1 10 12 1 9 12 1 1 100 1 10 10 12 1 1 10 12 1 1 10 12 1 10 12 10 12 1 1 10 12 1 1 10 12 1 1 10 12 1 10 12 1 1 18 12 1 7 1 10 12 1 1 10 12 1 10 12 1 1 10 12 1 100 1 10 12 1 7 1 10 12 1 10 7 12 1 1 1 10 12 1 11 12 1 7 1 10 12 1 7 1 100 1 10 12 1 10 12 1 11 12 1 1 10 12 1 1 10 12 1 1 10 12 1 1 10 12 1 1 10 12 1 10 12 1 10 12 1 10 12 1 8 1 10 12 1 1 10 7 12 1 1 10 12 1 100 1 8 1 8 1 10 10 12 1 8 1 8 1 10 7 12 1 1 1 11 7 12 1 1 1 9 7 12 1 1 1 10 7 12 1 1 1 9 12 1 9 12 1 9 12 1 9 12 1 9 12 1 9 12 1 10 7 12 1 1 1 8 1 10 12 1 7 1 10 12 1 1 10 12 1 7 1 10 11 12 1 1 10 12 10 12 1 10 12 1 100 1 10 12 1 10 12 1 10 10 12 1 10 7 12 1 1 8 1 10 7 12 1 1 10 12 1 1 1 1 1 1 1 1 1 1 1 1 1 1 1 1 1 1 1 1 1 1 1 1 1 1 1 1 1 1 1 1 1 1 1 1 1 1 1 1 1 1 1 1 1 1 1 1 1 1 1 1 1 1 1 1 100 1 1 1 1 1 1 1 1 1 1 1 1 1 1 1 1 1 1 100 1 100 1 1 1 1 1 1 1 1 1 1 1 1 1 1 1 1 1 1 1 1 1 1 1 1 1 1 1 1 1 1 1 1 1 1 1 1 1 1 1 1 1 1 1 1 1 1 1 1 1 1 1 100 1 1 15 10 100 12 1 1 1 16 15 10 12 16 15 10 12 16 15 10 12 16 1 1 1 100 1 1 1 1 1 100 1 100 1 1
staticfield jdk/internal/loader/BuiltinClassLoader packageToModule Ljava/util/Map; java/util/concurrent/ConcurrentHashMap
staticfield jdk/internal/loader/BuiltinClassLoader $assertionsDisabled Z 1
ciInstanceKlass java/security/AccessController 1 1 295 10 100 12 1 1 1 10 7 12 1 1 1 10 7 12 1 1 1 10 12 1 1 10 12 1 1 10 7 12 1 1 1 10 12 1 1 10 12 1 10 12 1 1 10 12 1 100 1 8 1 10 12 1 10 12 1 10 12 1 1 10 12 1 7 1 7 1 10 12 1 1 10 12 1 10 12 1 10 12 1 1 10 7 12 1 1 1 10 12 1 1 9 100 12 1 1 1 10 100 12 1 1 1 10 12 1 10 12 1 9 100 12 1 1 1 10 12 1 10 12 1 1 9 12 1 1 10 100 1 10 11 7 12 1 1 1 10 7 12 1 1 11 7 1 7 1 10 12 1 10 12 1 10 12 1 8 1 10 12 1 1 8 1 10 100 12 1 1 1 8 1 100 1 10 10 12 1 1 10 12 1 10 7 12 1 1 1 10 12 1 8 1 10 100 12 1 1 8 1 8 1 10 12 1 8 1 10 12 1 10 12 1 1 10 12 1 1 1 1 1 1 1 1 1 1 1 1 1 1 1 1 1 1 1 1 1 1 1 1 1 1 1 1 100 1 1 1 1 1 1 1 1 1 1 1 1 1 1 1 1 1 1 1 1 1 1 1 1 1 1 1 1 1 1 1 1 1 1 100 1 100 1 1 1 1 1 1 1 1 1 3 1 1 1
staticfield java/security/AccessController $assertionsDisabled Z 1
instanceKlass jdk/internal/reflect/GeneratedConstructorAccessor56
instanceKlass jdk/internal/reflect/GeneratedConstructorAccessor55
instanceKlass jdk/internal/reflect/GeneratedConstructorAccessor54
instanceKlass jdk/internal/reflect/GeneratedConstructorAccessor53
instanceKlass jdk/internal/reflect/GeneratedConstructorAccessor52
instanceKlass jdk/internal/reflect/GeneratedConstructorAccessor51
instanceKlass jdk/internal/reflect/GeneratedConstructorAccessor50
instanceKlass jdk/internal/reflect/GeneratedConstructorAccessor49
instanceKlass jdk/internal/reflect/GeneratedConstructorAccessor48
instanceKlass jdk/internal/reflect/GeneratedConstructorAccessor47
instanceKlass jdk/internal/reflect/GeneratedConstructorAccessor46
instanceKlass jdk/internal/reflect/GeneratedConstructorAccessor45
instanceKlass jdk/internal/reflect/GeneratedConstructorAccessor44
instanceKlass jdk/internal/reflect/GeneratedConstructorAccessor43
instanceKlass jdk/internal/reflect/GeneratedConstructorAccessor42
instanceKlass jdk/internal/reflect/GeneratedConstructorAccessor41
instanceKlass jdk/internal/reflect/GeneratedConstructorAccessor40
instanceKlass jdk/internal/reflect/GeneratedConstructorAccessor39
instanceKlass jdk/internal/reflect/GeneratedConstructorAccessor38
instanceKlass jdk/internal/reflect/GeneratedConstructorAccessor37
instanceKlass jdk/internal/reflect/GeneratedConstructorAccessor36
instanceKlass jdk/internal/reflect/GeneratedConstructorAccessor35
instanceKlass jdk/internal/reflect/GeneratedConstructorAccessor34
instanceKlass jdk/internal/reflect/GeneratedConstructorAccessor33
instanceKlass jdk/internal/reflect/GeneratedConstructorAccessor32
instanceKlass jdk/internal/reflect/GeneratedConstructorAccessor31
instanceKlass jdk/internal/reflect/GeneratedConstructorAccessor30
instanceKlass jdk/internal/reflect/GeneratedConstructorAccessor29
instanceKlass jdk/internal/reflect/GeneratedConstructorAccessor28
instanceKlass jdk/internal/reflect/GeneratedConstructorAccessor27
instanceKlass jdk/internal/reflect/GeneratedConstructorAccessor26
instanceKlass jdk/internal/reflect/GeneratedConstructorAccessor25
instanceKlass jdk/internal/reflect/GeneratedConstructorAccessor24
instanceKlass jdk/internal/reflect/GeneratedConstructorAccessor23
instanceKlass jdk/internal/reflect/GeneratedConstructorAccessor22
instanceKlass jdk/internal/reflect/GeneratedConstructorAccessor21
instanceKlass jdk/internal/reflect/GeneratedConstructorAccessor20
instanceKlass jdk/internal/reflect/GeneratedConstructorAccessor19
instanceKlass jdk/internal/reflect/GeneratedConstructorAccessor18
instanceKlass jdk/internal/reflect/GeneratedConstructorAccessor17
instanceKlass jdk/internal/reflect/GeneratedConstructorAccessor16
instanceKlass jdk/internal/reflect/GeneratedConstructorAccessor15
instanceKlass jdk/internal/reflect/GeneratedConstructorAccessor14
instanceKlass jdk/internal/reflect/GeneratedConstructorAccessor13
instanceKlass jdk/internal/reflect/GeneratedConstructorAccessor12
instanceKlass jdk/internal/reflect/GeneratedConstructorAccessor11
instanceKlass jdk/internal/reflect/GeneratedConstructorAccessor10
instanceKlass jdk/internal/reflect/GeneratedConstructorAccessor9
instanceKlass jdk/internal/reflect/GeneratedConstructorAccessor8
instanceKlass jdk/internal/reflect/GeneratedConstructorAccessor7
instanceKlass jdk/internal/reflect/GeneratedConstructorAccessor6
instanceKlass jdk/internal/reflect/GeneratedConstructorAccessor5
instanceKlass jdk/internal/reflect/GeneratedConstructorAccessor4
instanceKlass jdk/internal/reflect/GeneratedConstructorAccessor3
instanceKlass jdk/internal/reflect/GeneratedConstructorAccessor2
instanceKlass jdk/internal/reflect/BootstrapConstructorAccessorImpl
instanceKlass jdk/internal/reflect/GeneratedConstructorAccessor1
instanceKlass jdk/internal/reflect/DelegatingConstructorAccessorImpl
instanceKlass jdk/internal/reflect/NativeConstructorAccessorImpl
ciInstanceKlass jdk/internal/reflect/ConstructorAccessorImpl 1 1 27 10 7 12 1 1 1 100 1 100 1 1 1 1 1 1 1 1 1 100 1 100 1 100 1 1 1
instanceKlass jdk/internal/reflect/FieldAccessorImpl
instanceKlass jdk/internal/reflect/ConstructorAccessorImpl
instanceKlass jdk/internal/reflect/MethodAccessorImpl
ciInstanceKlass jdk/internal/reflect/MagicAccessorImpl 1 1 16 10 7 12 1 1 1 100 1 1 1 1 1 1 1 1
instanceKlass jdk/internal/reflect/GeneratedMethodAccessor26
instanceKlass jdk/internal/reflect/GeneratedMethodAccessor25
instanceKlass jdk/internal/reflect/GeneratedMethodAccessor24
instanceKlass jdk/internal/reflect/GeneratedMethodAccessor23
instanceKlass jdk/internal/reflect/GeneratedMethodAccessor22
instanceKlass jdk/internal/reflect/GeneratedMethodAccessor21
instanceKlass jdk/internal/reflect/GeneratedMethodAccessor20
instanceKlass jdk/internal/reflect/GeneratedMethodAccessor19
instanceKlass jdk/internal/reflect/GeneratedMethodAccessor18
instanceKlass jdk/internal/reflect/GeneratedMethodAccessor17
instanceKlass jdk/internal/reflect/GeneratedMethodAccessor16
instanceKlass jdk/internal/reflect/GeneratedMethodAccessor15
instanceKlass jdk/internal/reflect/GeneratedMethodAccessor14
instanceKlass jdk/internal/reflect/GeneratedMethodAccessor13
instanceKlass jdk/internal/reflect/GeneratedMethodAccessor12
instanceKlass jdk/internal/reflect/GeneratedMethodAccessor11
instanceKlass jdk/internal/reflect/GeneratedMethodAccessor10
instanceKlass jdk/internal/reflect/GeneratedMethodAccessor9
instanceKlass jdk/internal/reflect/GeneratedMethodAccessor8
instanceKlass jdk/internal/reflect/GeneratedMethodAccessor7
instanceKlass jdk/internal/reflect/GeneratedMethodAccessor6
instanceKlass jdk/internal/reflect/GeneratedMethodAccessor5
instanceKlass jdk/internal/reflect/GeneratedMethodAccessor4
instanceKlass jdk/internal/reflect/GeneratedMethodAccessor3
instanceKlass jdk/internal/reflect/GeneratedMethodAccessor2
instanceKlass jdk/internal/reflect/GeneratedMethodAccessor1
instanceKlass jdk/internal/reflect/DelegatingMethodAccessorImpl
instanceKlass jdk/internal/reflect/NativeMethodAccessorImpl
ciInstanceKlass jdk/internal/reflect/MethodAccessorImpl 1 1 25 10 7 12 1 1 1 100 1 100 1 1 1 1 1 1 1 1 1 100 1 100 1 1 1
ciInstanceKlass java/lang/Module 1 1 959 10 7 12 1 1 1 9 7 12 1 1 1 10 7 12 1 1 1 9 12 1 9 12 1 1 9 12 1 1 10 12 1 1 10 12 1 10 12 1 1 10 7 12 1 1 1 7 1 10 7 12 1 1 1 10 12 1 1 11 7 12 1 1 1 10 12 1 1 10 7 12 1 1 1 10 12 1 1 10 7 12 1 1 1 9 100 12 1 1 1 10 100 12 1 1 1 10 12 1 8 1 10 7 12 1 1 1 10 7 12 1 1 1 9 12 1 1 9 12 1 1 10 12 1 9 12 1 1 11 12 1 9 7 12 1 1 10 7 12 1 1 1 10 7 12 1 1 1 10 12 1 1 100 1 7 1 10 10 12 1 1 8 1 10 12 1 10 12 10 12 1 10 12 1 1 10 12 1 1 10 12 1 1 9 7 12 1 1 1 10 12 1 1 10 12 1 1 9 12 1 10 12 1 10 12 1 9 12 1 1 11 7 12 1 1 10 12 1 1 9 12 1 9 12 1 10 12 1 10 12 1 100 1 8 1 10 10 12 1 1 10 12 1 8 1 10 12 1 1 8 1 8 1 10 12 1 1 10 12 1 10 12 1 1 18 12 1 1 10 12 1 1 11 12 1 9 12 1 11 12 10 100 12 1 1 100 1 8 1 10 7 1 11 12 1 1 10 12 1 10 12 1 10 12 1 1 11 12 1 1 11 7 12 1 1 11 12 1 1 9 12 1 11 12 1 10 12 1 1 10 12 1 1 9 12 1 10 12 10 7 12 1 1 10 7 12 1 1 10 7 1 18 12 1 1 11 100 12 1 1 1 18 12 1 11 12 1 1 10 100 12 1 1 1 11 12 1 1 10 7 12 1 1 4 7 1 11 12 1 7 1 7 1 10 10 7 12 1 1 1 10 11 7 12 1 8 1 10 10 12 1 1 10 7 12 1 1 10 12 1 10 12 1 7 1 10 12 1 10 11 12 1 1 10 12 10 12 1 1 9 12 1 100 1 10 10 12 1 1 11 100 1 10 12 1 1 11 12 1 10 10 12 1 11 10 12 1 1 10 12 1 1 10 12 1 1 10 7 12 1 1 10 12 1 10 12 1 1 10 10 12 1 1 10 12 1 18 12 1 11 12 1 18 12 1 10 12 1 10 12 1 10 12 7 1 10 12 1 10 12 1 10 12 1 9 12 1 7 1 10 10 10 10 12 1 10 12 1 10 12 1 10 12 1 1 10 12 1 1 10 12 1 9 12 1 18 12 1 1 10 100 12 1 1 1 100 1 8 1 10 12 1 1 10 12 1 1 10 100 12 1 1 100 1 10 12 1 1 100 1 8 1 100 1 10 100 1 100 1 3 10 12 1 100 1 10 12 1 10 12 1 1 10 12 1 1 100 1 10 12 1 10 12 1 1 100 1 100 1 10 12 8 1 10 12 1 1 10 12 1 1 10 7 12 1 1 10 12 1 1 10 12 1 10 12 10 12 1 1 100 1 10 10 12 1 1 10 100 12 1 1 1 100 1 8 1 10 12 1 1 10 7 12 1 1 8 1 10 12 1 8 1 10 12 1 10 12 10 12 1 8 1 10 10 100 12 1 1 7 1 10 10 12 1 10 7 12 1 1 9 12 1 9 12 1 9 12 1 9 12 1 10 12 11 12 1 10 12 1 100 1 1 1 1 1 1 1 1 1 1 1 1 1 1 1 1 100 1 1 1 1 1 1 1 1 1 1 1 1 1 1 1 1 1 1 1 1 1 1 1 1 1 1 1 1 1 1 1 1 1 1 1 1 1 1 1 1 1 1 1 1 1 1 1 1 1 1 1 1 1 1 1 1 1 1 1 1 1 1 1 1 1 1 1 1 1 1 1 1 1 1 1 1 1 1 1 1 1 1 1 100 100 1 1 1 1 1 1 1 1 1 1 1 1 1 1 1 1 1 1 1 1 1 1 1 1 1 1 1 1 1 1 1 1 1 1 100 1 100 1 100 1 1 1 1 1 1 1 1 1 1 1 1 1 1 1 1 1 1 1 1 1 1 1 1 1 1 1 1 15 10 7 12 1 1 1 16 15 10 12 16 16 15 10 12 16 16 15 10 16 1 15 10 12 16 1 15 10 12 16 1 16 15 10 12 16 1 1 1 1 1 1 1 100 1 100 1 1
staticfield java/lang/Module ALL_UNNAMED_MODULE Ljava/lang/Module; java/lang/Module
staticfield java/lang/Module ALL_UNNAMED_MODULE_SET Ljava/util/Set; java/util/ImmutableCollections$Set12
staticfield java/lang/Module EVERYONE_MODULE Ljava/lang/Module; java/lang/Module
staticfield java/lang/Module EVERYONE_SET Ljava/util/Set; java/util/ImmutableCollections$Set12
staticfield java/lang/Module $assertionsDisabled Z 1
ciInstanceKlass java/util/ArrayList 1 1 492 10 7 12 1 1 1 7 1 9 7 12 1 1 1 9 12 1 100 1 100 1 10 8 1 10 12 1 1 10 12 1 10 12 1 1 10 12 1 9 12 1 11 7 12 1 1 1 9 12 1 1 10 12 1 1 7 10 7 12 1 1 1 9 12 1 10 12 1 10 12 1 1 10 7 12 1 1 1 10 7 12 1 1 1 10 12 1 1 10 12 1 1 10 12 1 1 10 12 1 10 12 1 1 100 1 100 1 10 12 1 10 7 12 1 1 1 10 7 12 1 1 10 12 1 10 12 10 12 1 1 10 12 1 1 10 12 1 1 7 1 10 12 1 1 10 12 1 1 10 12 1 100 1 10 11 12 1 1 11 7 12 1 1 1 11 12 1 10 12 1 10 12 1 10 12 1 1 100 1 10 12 1 1 10 10 12 1 1 10 12 1 8 1 8 1 8 1 8 1 10 12 1 1 10 12 1 1 11 12 1 100 1 10 100 12 1 1 10 12 1 10 12 1 1 10 100 12 1 1 10 12 1 10 100 12 1 1 1 11 100 12 1 1 1 10 12 1 100 1 8 1 10 7 1 10 12 1 7 1 10 12 1 10 12 1 1 7 1 10 12 1 10 12 1 1 11 7 12 1 1 7 1 10 12 1 10 12 1 1 11 7 12 1 1 10 12 1 1 10 12 1 1 10 12 1 1 10 12 1 1 11 100 12 1 1 10 12 1 1 100 1 100 1 100 1 1 1 1 5 0 1 3 1 1 1 1 1 1 1 1 1 1 1 1 1 1 1 1 1 1 1 1 1 1 1 1 1 1 1 1 1 1 1 1 1 1 1 1 1 1 1 1 1 1 1 1 1 1 1 1 1 1 1 1 1 1 1 1 1 1 1 1 1 1 1 1 1 1 1 1 1 1 1 1 1 1 1 1 1 1 1 1 1 1 1 1 1 1 1 1 1 1 1 1 1 1 1 1 100 1 1 1 1 100 1 1 1 1 1 1 1 1 1 1 1 1 1 1 1 1 1 1 1 1 1 1 1 1 1 1 1 1 1 100 1 1 1 1 1 1 1 1 1 1 1 1 1 1 1 1 1 1 100 1 100 1 1 1 1 1 1
staticfield java/util/ArrayList EMPTY_ELEMENTDATA [Ljava/lang/Object; 0 [Ljava/lang/Object;
staticfield java/util/ArrayList DEFAULTCAPACITY_EMPTY_ELEMENTDATA [Ljava/lang/Object; 0 [Ljava/lang/Object;
ciInstanceKlass java/util/concurrent/ConcurrentHashMap 1 1 1210 7 1 7 1 3 10 12 1 1 3 7 1 10 7 12 1 1 1 100 1 10 100 12 1 1 1 100 1 11 12 1 1 11 12 1 11 12 1 1 9 12 1 1 9 12 1 1 9 12 1 10 7 12 1 1 1 7 1 10 12 1 1 10 12 1 1 10 7 12 1 1 1 4 10 12 1 9 12 1 10 12 1 1 100 1 10 5 0 10 12 1 10 12 1 1 5 0 10 12 1 1 10 12 1 9 12 1 1 10 12 1 1 9 12 1 9 12 1 1 10 12 1 1 9 12 1 10 12 1 1 9 12 1 1 10 12 1 1 100 1 10 7 1 10 12 1 10 12 1 1 10 12 1 1 10 12 1 1 10 12 1 10 12 1 1 10 12 1 1 7 1 10 12 1 1 7 1 100 1 8 1 10 12 1 10 12 1 1 10 12 1 1 11 7 12 1 1 10 12 1 1 11 12 1 1 11 7 12 1 1 1 11 7 12 1 1 1 11 12 1 7 1 11 12 1 11 12 1 10 12 1 1 10 12 1 1 9 12 1 1 10 7 12 1 1 1 9 10 12 1 1 9 12 1 10 12 1 1 5 0 9 12 1 1 7 1 10 12 1 9 12 1 1 7 1 10 12 1 9 12 1 7 1 10 100 1 10 10 12 1 1 8 1 10 12 1 10 12 1 1 11 100 1 10 12 1 10 100 12 1 1 1 8 1 10 100 12 1 1 1 8 1 10 12 1 8 1 10 12 1 10 12 1 1 10 100 12 1 1 10 12 1 10 12 1 10 12 1 9 12 1 9 10 12 1 9 12 1 1 11 7 12 1 1 1 11 7 12 1 1 1 100 1 10 12 11 100 12 1 1 10 11 7 12 1 10 12 1 100 1 10 12 1 7 1 10 10 9 7 12 1 1 1 10 12 3 10 7 12 1 1 9 12 1 10 12 1 1 9 12 1 1 9 12 1 10 12 1 1 10 7 12 1 1 9 12 1 9 7 12 1 1 10 12 1 1 10 12 1 3 9 12 1 9 12 1 10 12 1 1 7 1 9 3 9 12 1 100 1 10 12 1 9 12 1 10 12 1 9 12 1 10 12 1 9 12 1 10 100 12 1 1 1 100 10 12 1 100 1 5 0 10 100 12 1 1 100 1 10 12 1 1 10 12 1 10 12 1 100 1 10 12 1 10 100 1 100 1 10 10 12 1 10 100 1 10 12 1 10 100 1 10 12 1 10 100 1 10 12 1 1 100 1 10 12 1 10 10 12 1 100 1 10 12 1 10 10 12 1 100 1 10 12 1 10 100 1 10 12 1 10 100 1 10 12 1 10 100 1 10 12 1 10 100 1 10 12 1 10 100 1 10 12 1 10 100 1 10 12 1 10 100 1 10 12 1 10 100 1 10 10 100 1 10 10 100 1 10 10 100 1 10 12 1 10 100 1 10 12 1 10 100 1 10 12 1 10 100 1 10 12 1 10 100 1 10 12 1 10 100 1 10 10 100 1 10 10 100 1 10 10 100 1 10 12 1 10 100 1 10 12 1 10 100 1 10 12 1 10 100 1 10 12 1 10 100 1 10 12 1 10 10 12 1 10 7 12 1 1 1 10 12 1 7 1 7 1 10 12 1 9 12 1 1 9 12 1 1 10 12 1 1 8 10 12 1 1 8 8 8 8 7 10 12 1 1 10 12 1 100 1 8 1 10 7 1 100 1 100 1 1 1 5 0 1 1 3 1 3 1 1 1 1 3 1 3 1 3 1 1 1 1 1 3 1 3 1 3 1 1 1 1 1 1 1 1 1 1 1 1 1 1 1 1 1 1 1 1 1 1 1 1 1 100 1 1 1 1 1 1 1 1 1 1 1 1 1 1 1 1 1 1 1 1 1 1 1 1 1 1 1 1 1 1 1 1 1 1 1 1 1 1 1 1 1 1 1 1 1 1 1 1 1 1 1 1 1 1 1 1 1 1 1 1 1 1 1 1 1 1 1 1 1 1 1 1 1 1 1 1 1 1 1 1 1 1 1 1 100 1 1 1 1 1 1 1 1 1 1 1 100 1 1 1 1 1 1 1 1 1 1 1 1 1 1 1 1 1 1 1 1 1 1 1 1 1 1 1 1 1 1 1 1 1 1 1 1 1 1 1 1 1 1 1 1 1 1 1 1 1 1 1 1 1 1 1 1 1 1 1 1 1 1 1 1 1 1 1 1 1 1 1 1 1 1 1 1 1 1 1 1 1 1 1 1 1 1 1 1 1 1 1 1 1 1 1 1 1 1 1 1 1 1 1 1 1 1 1 1 1 1 1 1 1 1 1 1 1 1 1 1 1 1 1 1 1 1 1 1 1 1 1 1 1 1 1 1 1 1 1 1 1 1 1 1 1 1 1 1 1 1 1 1 1 1 1 1 1 1 1 1 1 1 1 1 1 1 1 1 1 1 1 1 1 1 1 1 1 1 1 1 1 1 1 1 1 1 1 1 1 1 1 1 1 1 1 1 1 1 1 1 1 1 1 1 1 1 1 1 1 1 1 1 1 1 1 1 1 1 1 1 1 1 1 100 1 100 1 100 1 100 1 100 1 100 1 100 1 100 1 100 1 1 1 1 1 1 1 1 1 1 1 1 1 1 1 1 1 1 1 1 1 1 1 1 1 1 1 1 1 1 1 1 1 1 1 1 1 1 1 1 1 1 1 1 1 1 1 1 1 1 1 1 1 1 1 1 1 1
staticfield java/util/concurrent/ConcurrentHashMap NCPU I 12
staticfield java/util/concurrent/ConcurrentHashMap serialPersistentFields [Ljava/io/ObjectStreamField; 3 [Ljava/io/ObjectStreamField;
staticfield java/util/concurrent/ConcurrentHashMap U Ljdk/internal/misc/Unsafe; jdk/internal/misc/Unsafe
staticfield java/util/concurrent/ConcurrentHashMap SIZECTL J 20
staticfield java/util/concurrent/ConcurrentHashMap TRANSFERINDEX J 32
staticfield java/util/concurrent/ConcurrentHashMap BASECOUNT J 24
staticfield java/util/concurrent/ConcurrentHashMap CELLSBUSY J 36
staticfield java/util/concurrent/ConcurrentHashMap CELLVALUE J 144
staticfield java/util/concurrent/ConcurrentHashMap ABASE I 16
staticfield java/util/concurrent/ConcurrentHashMap ASHIFT I 2
ciInstanceKlass java/lang/String 1 1 1396 10 7 12 1 1 1 8 1 9 7 12 1 1 1 9 12 1 1 9 12 1 1 10 12 1 10 12 1 1 10 12 1 1 9 12 1 1 10 7 12 1 1 1 10 7 1 10 7 12 1 1 1 10 12 1 1 10 12 1 1 10 12 1 10 12 1 1 10 12 1 10 7 12 1 1 1 9 7 12 1 1 1 10 7 12 1 1 1 10 12 1 1 10 12 1 1 10 12 1 1 10 12 1 1 10 12 1 1 9 7 12 1 1 10 12 9 7 12 1 1 3 10 7 12 1 1 1 7 1 11 12 1 1 11 12 1 11 12 1 1 10 7 12 1 1 1 10 12 1 1 9 100 12 1 1 1 10 12 1 1 10 12 1 11 12 1 1 10 12 1 1 10 12 10 12 1 1 10 100 12 1 1 1 10 7 12 1 1 1 10 12 1 1 100 1 100 1 10 12 1 10 12 1 10 12 1 1 100 1 10 12 1 1 100 1 10 12 1 1 10 12 1 1 10 10 12 1 100 1 100 1 7 1 10 12 1 10 12 1 1 10 12 1 1 10 12 1 10 12 1 1 10 12 1 1 10 100 12 1 1 100 1 11 11 12 1 11 12 1 10 12 1 1 10 12 1 10 12 10 12 1 1 10 10 7 12 1 1 1 10 7 12 1 1 10 12 1 1 10 7 12 1 1 10 12 1 10 12 1 1 10 12 1 1 10 12 1 10 12 1 10 12 1 1 100 1 10 12 1 1 10 12 10 12 1 10 12 1 1 10 7 12 1 1 1 10 12 1 10 12 1 1 10 12 1 10 12 1 3 3 10 12 1 10 12 1 1 10 12 1 1 10 12 1 1 10 12 1 10 12 1 1 10 12 1 1 10 12 1 10 12 1 10 12 1 10 12 1 1 10 12 1 10 12 1 10 12 1 10 12 1 10 12 1 10 12 1 10 100 1 10 8 1 10 12 1 1 10 12 1 8 1 10 12 1 1 10 12 10 12 1 8 1 10 10 12 1 1 10 12 1 1 10 12 1 10 12 1 1 10 12 10 100 1 10 10 12 1 10 12 1 10 12 1 10 10 12 1 10 12 1 1 10 12 1 100 1 10 10 12 1 100 1 10 10 12 1 10 12 1 1 10 12 1 10 12 1 1 10 10 12 1 1 10 100 1 10 10 12 1 10 12 1 1 10 12 1 1 10 100 1 10 12 1 10 12 1 10 12 1 10 12 1 1 10 12 1 11 7 1 11 12 10 12 1 10 12 1 1 10 12 1 1 10 10 12 1 10 12 1 9 12 1 1 11 7 12 1 1 1 10 10 12 1 10 12 1 1 10 10 12 1 10 12 1 10 12 1 1 9 12 1 10 12 1 1 10 10 12 1 1 10 12 10 10 12 1 10 12 10 10 12 10 10 12 1 10 12 1 10 12 10 10 12 10 12 1 10 12 10 12 10 10 12 1 10 12 1 1 10 12 1 10 10 12 1 10 7 12 1 1 1 10 12 1 1 10 10 7 12 1 1 1 11 10 12 1 10 12 1 1 10 12 1 1 10 7 12 1 1 1 10 12 1 10 10 12 1 10 12 1 10 12 1 10 100 12 1 1 10 12 1 100 1 100 1 8 1 10 10 10 12 1 8 1 10 12 1 3 3 7 1 10 10 12 1 10 12 1 10 12 1 1 10 12 1 1 11 7 12 1 1 1 7 1 10 12 1 1 10 12 1 10 12 1 1 10 12 1 1 8 1 10 12 1 1 10 12 1 11 7 12 1 1 1 11 7 12 1 1 11 12 1 1 10 12 1 10 12 1 1 10 10 7 12 1 1 1 10 12 1 10 12 1 10 10 12 10 12 1 1 10 10 12 1 10 10 12 1 10 10 12 1 10 10 12 1 10 12 1 1 10 10 12 1 8 1 10 12 1 1 18 12 1 1 11 100 12 1 1 1 7 1 3 18 12 1 18 12 1 8 1 10 100 12 1 1 1 11 12 1 1 10 12 10 10 12 1 10 11 12 1 1 10 12 1 1 11 12 1 18 3 11 10 12 1 11 11 10 12 1 10 12 1 1 8 1 10 12 1 10 12 1 10 12 1 1 10 10 12 1 11 100 12 1 7 1 100 1 10 12 1 7 1 10 10 7 12 1 1 1 100 1 10 7 1 10 10 12 1 10 10 12 1 8 1 10 10 12 1 8 1 8 1 10 12 1 10 12 1 10 10 12 10 7 12 1 1 10 100 12 1 1 10 7 12 1 1 8 1 10 12 1 10 12 1 1 10 10 12 8 1 8 1 10 8 1 8 1 8 1 8 1 10 12 1 10 12 1 8 1 10 100 12 1 1 1 10 12 10 12 1 1 10 12 10 10 12 10 12 7 1 9 12 1 1 7 1 10 100 1 100 1 100 1 100 1 1 1 1 1 1 5 0 1 1 1 1 1 3 1 3 1 1 1 1 1 1 1 1 1 1 1 1 1 1 1 100 1 1 1 100 1 1 1 1 1 1 1 1 1 1 1 1 1 1 1 1 1 1 1 1 1 1 1 1 1 1 1 100 1 1 1 1 1 1 1 1 1 100 1 1 1 1 1 1 1 1 1 1 1 1 1 1 1 1 1 1 1 1 1 1 1 1 1 1 1 1 1 1 1 1 1 1 1 1 1 1 1 1 1 1 1 1 1 1 1 1 1 1 1 1 1 1 1 1 1 1 1 1 1 1 1 1 1 1 1 1 1 1 1 1 1 1 1 1 1 1 1 1 1 1 1 1 1 1 1 1 1 1 1 1 1 1 1 1 1 1 1 1 1 1 1 1 1 1 1 1 1 1 1 1 1 1 1 1 1 1 1 1 1 1 1 1 1 1 1 1 1 1 1 1 1 1 1 1 1 1 1 1 1 1 1 1 1 1 1 1 1 1 1 1 1 1 1 1 1 1 1 1 1 1 1 1 1 1 1 1 1 100 1 1 1 1 1 1 1 1 1 1 1 1 1 1 1 1 1 1 1 1 1 1 1 1 100 1 1 1 1 1 1 1 1 1 1 1 1 1 7 1 1 1 1 1 1 1 1 1 1 1 1 1 1 1 15 10 100 12 1 1 1 16 15 10 12 16 15 10 12 15 10 12 15 10 12 1 1 1 1 100 1 100 1 1 1
staticfield java/lang/String COMPACT_STRINGS Z 1
staticfield java/lang/String serialPersistentFields [Ljava/io/ObjectStreamField; 0 [Ljava/io/ObjectStreamField;
staticfield java/lang/String CASE_INSENSITIVE_ORDER Ljava/util/Comparator; java/lang/String$CaseInsensitiveComparator
ciInstanceKlass java/security/ProtectionDomain 1 1 324 10 7 12 1 1 1 9 7 12 1 1 1 7 1 10 9 12 1 1 9 12 1 1 9 12 1 1 10 7 12 1 1 7 1 9 12 1 9 12 1 1 7 1 9 12 1 1 9 12 1 10 7 12 1 1 10 7 12 1 1 1 10 12 1 1 10 12 1 9 12 1 9 100 12 1 1 10 12 1 1 10 100 1 10 12 1 1 8 1 100 1 8 1 10 12 1 10 10 100 12 1 1 1 10 12 1 1 8 1 11 8 1 10 12 1 8 1 8 1 10 12 1 1 10 12 1 10 12 1 1 10 12 1 8 1 10 12 1 8 1 8 1 10 100 12 1 1 1 9 100 12 1 1 1 10 12 1 1 9 100 12 1 1 1 10 100 12 1 1 1 100 1 100 1 10 12 1 10 100 12 1 1 1 10 100 1 10 12 1 10 12 1 1 11 100 12 1 1 11 12 1 100 1 11 100 12 1 1 1 10 12 1 10 11 12 1 1 11 12 1 1 10 12 1 10 7 12 1 1 10 100 12 1 1 11 12 1 10 12 8 1 8 1 10 7 12 1 1 1 7 1 10 10 7 12 1 1 1 1 1 1 1 1 1 1 100 1 1 100 1 1 1 1 1 1 1 1 1 1 1 1 1 1 1 1 1 1 1 1 1 1 1 1 1 1 1 1 1 1 1 1 1 1 1 1 1 1 1 1 1 1 100 1 1 1 1 1 100 1 1 1 1 1
staticfield java/security/ProtectionDomain filePermCompatInPD Z 0
ciInstanceKlass java/security/CodeSource 1 1 395 10 7 12 1 1 1 9 7 12 1 1 1 9 12 1 1 9 12 1 1 9 12 1 1 10 7 12 1 1 1 9 12 1 1 10 100 12 1 1 10 100 10 7 12 1 1 1 10 100 12 1 1 1 10 12 1 1 100 1 10 10 100 12 1 1 1 10 100 12 1 1 1 10 12 1 1 10 12 1 100 1 10 12 1 1 10 12 1 1 10 12 1 1 10 12 1 10 10 10 12 1 1 10 7 12 1 1 1 10 12 1 10 12 1 10 12 1 8 1 10 12 1 10 12 1 10 12 1 1 10 12 1 8 1 10 12 1 1 10 100 1 10 10 12 1 1 8 1 10 12 1 10 12 1 10 12 1 8 1 8 1 9 12 1 1 100 1 8 1 10 12 1 10 12 1 1 8 1 10 12 1 8 1 8 1 8 1 10 100 12 1 1 10 12 1 1 10 12 1 10 12 1 1 10 12 1 1 10 12 1 1 100 1 100 1 10 12 1 10 12 10 12 1 1 10 100 12 1 1 10 12 1 100 1 10 12 10 8 1 10 12 1 10 12 1 10 12 1 1 100 1 10 12 1 1 100 1 100 1 8 1 8 1 10 10 12 1 1 10 100 12 1 1 1 100 1 10 12 10 12 1 1 11 100 12 1 1 10 10 12 1 11 10 12 1 8 1 100 1 10 12 1 10 12 1 1 10 12 1 11 12 1 1 11 100 1 1 1 1 5 0 1 1 1 1 1 1 1 1 1 1 1 1 1 1 1 1 1 1 1 1 1 1 1 1 1 1 1 1 1 1 1 1 1 1 1 1 1 1 1 1 1 1 1 1 1 1 1 1 1 1 1 1 1 1 1 1 1 1 1 1 1 1 1 1 1 100 1 1 1 1 1 1 1
ciInstanceKlass java/lang/StringBuilder 1 1 409 10 7 12 1 1 1 10 12 1 10 12 1 10 12 1 1 10 7 12 1 1 1 10 7 12 1 1 1 10 12 1 10 12 1 10 12 1 10 12 1 10 12 1 10 12 1 10 12 1 10 12 1 10 12 1 10 12 1 10 12 1 10 12 1 10 12 1 10 12 1 1 10 12 1 10 12 1 1 10 12 1 1 10 12 1 10 12 1 10 12 1 10 12 1 10 12 1 10 12 1 10 12 1 10 12 10 12 1 10 12 1 10 12 1 10 12 1 1 10 12 1 10 12 1 10 12 10 12 1 1 10 12 1 1 9 12 1 1 9 12 1 1 10 7 12 1 1 1 10 7 1 10 100 12 1 1 1 10 12 1 10 12 1 1 10 12 1 1 10 10 12 1 1 10 100 12 1 1 10 12 1 10 12 1 1 100 1 100 1 8 1 10 10 12 1 1 10 12 1 1 10 12 1 10 12 1 10 12 1 10 12 1 10 12 1 10 12 1 10 12 1 10 12 1 10 12 1 10 12 1 10 12 1 10 12 1 10 12 1 10 12 1 10 12 1 1 10 12 1 1 10 12 1 10 12 1 10 12 1 10 12 10 12 10 12 1 10 12 1 10 12 1 10 12 10 12 1 10 12 1 10 12 1 10 12 1 10 12 1 10 12 1 10 12 1 10 12 1 10 12 1 1 10 12 1 10 12 1 1 10 12 1 10 12 1 1 10 12 1 10 12 1 1 10 12 1 10 12 1 10 12 1 10 10 12 1 10 12 1 100 1 100 1 100 1 1 1 1 5 0 1 1 1 1 1 1 1 1 1 1 1 1 1 1 1 1 1 1 1 1 1 1 1 1 1 1 1 1 1 1 1 1 1 1 1 1 1 1 1 1 1 1 1 100 1 1 1 100 1 1 1 1 1 1 1 1 1 1
ciInstanceKlass jdk/internal/loader/ClassLoaders 1 1 183 10 100 12 1 1 1 10 7 12 1 1 1 10 12 1 1 10 100 12 1 1 1 9 7 12 1 1 1 9 12 1 1 9 12 1 1 7 1 11 100 12 1 1 1 100 1 11 12 1 1 11 12 1 1 10 100 12 1 1 1 10 100 12 1 1 1 100 1 100 1 10 7 12 1 1 1 9 12 1 1 10 12 1 1 7 1 10 12 1 1 10 12 1 7 1 8 1 10 7 12 1 1 1 10 12 1 1 7 1 10 12 1 10 12 1 10 12 1 8 1 10 7 12 1 1 8 1 8 1 10 12 1 7 1 10 12 1 10 12 1 10 12 1 1 1 1 1 1 1 1 1 1 1 1 1 1 1 1 1 1 1 1 100 1 1 1 1 1 1 1 1 1 1 1 1 1 1 1 1 1 1 1
staticfield jdk/internal/loader/ClassLoaders JLA Ljdk/internal/access/JavaLangAccess; java/lang/System$2
staticfield jdk/internal/loader/ClassLoaders BOOT_LOADER Ljdk/internal/loader/ClassLoaders$BootClassLoader; jdk/internal/loader/ClassLoaders$BootClassLoader
staticfield jdk/internal/loader/ClassLoaders PLATFORM_LOADER Ljdk/internal/loader/ClassLoaders$PlatformClassLoader; jdk/internal/loader/ClassLoaders$PlatformClassLoader
staticfield jdk/internal/loader/ClassLoaders APP_LOADER Ljdk/internal/loader/ClassLoaders$AppClassLoader; jdk/internal/loader/ClassLoaders$AppClassLoader
ciInstanceKlass jdk/internal/misc/Unsafe 1 1 1285 10 7 12 1 1 1 9 7 12 1 1 1 9 12 1 1 10 12 1 1 10 7 12 1 1 1 10 12 1 1 10 12 1 1 10 12 1 1 10 12 1 1 10 12 1 1 10 12 1 1 10 12 1 1 10 12 1 1 10 12 1 1 10 12 1 1 10 12 1 1 10 12 1 1 10 12 1 1 10 12 1 10 12 1 100 1 10 10 12 1 1 10 12 1 1 5 0 10 12 1 1 10 12 1 1 10 7 12 1 1 1 10 12 1 1 10 12 1 10 12 1 10 12 1 1 10 12 1 1 10 12 1 10 12 1 100 1 100 1 10 8 1 10 12 1 1 10 12 1 8 1 10 12 1 1 10 12 1 10 12 1 10 12 1 1 10 12 1 10 12 1 1 10 12 1 1 10 12 1 10 12 1 10 12 1 10 12 1 1 10 12 1 10 12 1 10 12 1 1 10 12 1 5 0 5 0 5 0 10 12 1 10 12 1 10 12 1 10 12 1 10 12 1 10 12 1 10 12 1 10 12 1 10 12 1 1 10 12 1 10 12 1 100 1 8 1 10 100 1 10 10 12 1 1 10 12 1 1 10 12 1 10 12 1 1 10 12 1 1 10 12 1 10 12 1 1 10 12 1 9 7 12 1 1 9 12 1 100 1 10 10 12 1 1 8 1 10 8 1 8 1 10 12 1 1 9 7 12 1 1 1 9 100 1 9 7 1 9 7 1 9 9 100 1 9 7 1 9 100 1 10 12 1 1 10 12 1 1 10 12 1 1 10 12 1 1 5 0 5 0 9 12 1 1 10 12 1 10 12 1 10 12 1 1 10 12 1 1 10 12 1 8 1 3 10 12 1 1 10 12 1 1 10 12 1 10 12 1 1 10 12 1 1 10 12 1 10 12 1 10 12 1 10 12 1 10 12 1 10 12 1 1 10 12 1 1 10 12 1 10 12 1 10 12 1 10 12 1 10 12 1 10 12 1 1 10 12 1 1 10 12 1 10 12 1 10 12 1 10 12 1 10 12 1 10 12 1 1 10 12 1 1 10 12 1 1 10 12 1 1 10 12 1 10 12 1 10 12 1 10 12 1 10 12 1 10 12 1 10 12 1 1 10 12 1 1 10 12 1 10 12 1 10 12 1 10 12 1 10 12 1 10 12 1 10 12 1 1 10 12 1 1 10 12 1 10 12 1 10 12 1 10 12 1 10 12 1 10 12 1 10 12 1 10 12 1 1 10 12 1 10 12 1 10 12 1 10 12 1 10 12 1 1 10 12 1 10 12 1 10 12 1 10 12 1 10 12 1 10 12 1 10 12 1 10 12 1 1 10 12 1 10 12 1 10 12 1 10 12 1 10 12 1 10 12 1 1 10 12 1 10 12 1 10 12 1 1 10 12 1 10 12 1 10 12 1 10 12 1 10 12 1 10 12 1 10 12 1 10 12 1 10 12 1 10 12 1 10 12 1 10 12 1 10 12 1 10 12 1 10 12 1 10 12 1 10 12 1 10 12 1 10 12 1 10 12 1 10 12 1 10 12 1 100 1 10 100 1 10 9 12 1 5 0 10 12 1 1 5 0 10 12 1 5 0 10 12 1 10 12 1 10 12 1 1 10 12 1 1 10 12 1 10 12 1 10 12 1 10 12 1 1 10 12 1 10 12 1 10 12 1 10 12 1 10 12 1 1 10 12 1 10 12 1 10 12 1 10 12 1 1 10 12 1 10 12 1 10 12 1 1 10 12 1 10 12 1 10 12 1 10 12 1 1 10 12 1 10 10 12 1 1 10 12 1 10 12 1 1 10 12 1 10 12 5 0 5 0 5 0 10 12 1 1 10 12 1 10 12 1 10 12 10 100 12 1 1 8 1 100 1 11 12 1 1 8 1 11 12 1 1 10 100 12 1 1 10 12 1 10 12 1 10 12 1 10 12 1 10 12 1 1 10 12 1 10 12 1 10 12 1 10 12 1 10 12 1 10 12 1 10 7 1 10 12 1 9 12 1 7 1 9 12 1 7 1 9 12 1 7 1 9 12 1 7 1 9 12 1 7 1 9 12 1 7 1 9 12 1 7 1 9 12 1 7 1 9 12 1 10 12 1 9 12 1 9 12 1 9 12 1 9 12 1 9 12 1 9 12 1 9 12 1 9 12 1 9 12 1 9 12 1 1 1 3 1 1 1 1 1 1 1 1 1 1 1 1 1 1 1 1 1 1 1 1 1 1 1 1 1 1 1 1 1 1 1 1 1 1 1 1 1 1 1 1 1 1 1 1 1 1 1 1 1 1 1 1 1 1 1 1 1 1 1 1 1 1 1 1 1 1 1 1 1 1 1 1 1 1 1 1 1 1 1 1 1 1 1 1 1 1 1 1 1 100 1 1 1 1 1 1 1 1 1 1 1 1 1 1 1 1 1 1 1 1 1 1 1 1 1 1 1 1 1 1 1 1 1 1 1 1 1 1 1 1 1 1 1 1 1 1 1 1 1 1 1 1 1 1 1 1 1 1 1 1 1 1 1 1 1 1 1 1 1 1 1 1 1 1 1 1 1 1 1 1 1 1 1 1 1 1 1 1 1 1 1 1 1 1 1 1 1 1 1 1 1 1 1 1 1 1 1 1 1 1 1 1 1 1 1 1 1 1 1 1 1 1 1 1 1 1 1 1 1 1 1 1 1 1 1 1 1 1 1 1 1 1 1 1 1 1 1 1 1 1 1 1 1 1 1 1 1 1 1 1 1 1 1 1 1 1 1 1 1 1 1 1 1 1 1 1 1 1 1 1 1 1 1 1 1 1 1 1 1 1 1 1 1 1 1 1 1 1 1 1 1 1 1 1 1 1 1 3 1 1 1 1 1 1 1 1 1 1 1 1 1 1 1 1 1 1 1 1 1
staticfield jdk/internal/misc/Unsafe theUnsafe Ljdk/internal/misc/Unsafe; jdk/internal/misc/Unsafe
staticfield jdk/internal/misc/Unsafe ARRAY_BOOLEAN_BASE_OFFSET I 16
staticfield jdk/internal/misc/Unsafe ARRAY_BYTE_BASE_OFFSET I 16
staticfield jdk/internal/misc/Unsafe ARRAY_SHORT_BASE_OFFSET I 16
staticfield jdk/internal/misc/Unsafe ARRAY_CHAR_BASE_OFFSET I 16
staticfield jdk/internal/misc/Unsafe ARRAY_INT_BASE_OFFSET I 16
staticfield jdk/internal/misc/Unsafe ARRAY_LONG_BASE_OFFSET I 16
staticfield jdk/internal/misc/Unsafe ARRAY_FLOAT_BASE_OFFSET I 16
staticfield jdk/internal/misc/Unsafe ARRAY_DOUBLE_BASE_OFFSET I 16
staticfield jdk/internal/misc/Unsafe ARRAY_OBJECT_BASE_OFFSET I 16
staticfield jdk/internal/misc/Unsafe ARRAY_BOOLEAN_INDEX_SCALE I 1
staticfield jdk/internal/misc/Unsafe ARRAY_BYTE_INDEX_SCALE I 1
staticfield jdk/internal/misc/Unsafe ARRAY_SHORT_INDEX_SCALE I 2
staticfield jdk/internal/misc/Unsafe ARRAY_CHAR_INDEX_SCALE I 2
staticfield jdk/internal/misc/Unsafe ARRAY_INT_INDEX_SCALE I 4
staticfield jdk/internal/misc/Unsafe ARRAY_LONG_INDEX_SCALE I 8
staticfield jdk/internal/misc/Unsafe ARRAY_FLOAT_INDEX_SCALE I 4
staticfield jdk/internal/misc/Unsafe ARRAY_DOUBLE_INDEX_SCALE I 8
staticfield jdk/internal/misc/Unsafe ARRAY_OBJECT_INDEX_SCALE I 4
staticfield jdk/internal/misc/Unsafe ADDRESS_SIZE I 8
ciInstanceKlass java/lang/ThreadGroup 1 1 293 10 7 12 1 1 1 9 7 12 1 1 1 8 1 9 12 1 1 7 1 9 12 1 9 12 1 1 10 12 1 1 10 12 1 1 10 12 1 10 12 1 1 10 12 1 9 12 1 1 10 12 1 1 10 12 1 9 12 1 10 100 12 1 1 1 9 12 1 9 12 1 1 10 7 12 1 1 1 100 10 12 1 1 10 7 12 1 1 1 10 100 12 1 9 12 1 10 12 1 1 10 12 1 1 9 12 1 1 10 12 1 1 10 12 1 10 12 1 10 12 1 1 10 12 1 1 10 12 1 10 12 1 10 10 12 1 10 12 1 10 100 1 10 10 12 1 10 12 1 10 12 1 7 10 12 1 9 12 1 1 10 12 1 1 8 1 10 100 12 1 1 1 10 12 1 1 10 12 1 1 10 12 1 1 11 100 1 100 1 9 12 1 100 1 10 8 1 10 12 1 1 10 12 1 1 8 1 10 12 1 10 100 12 1 1 1 10 12 1 1 10 100 1 8 1 10 8 1 10 12 1 8 1 1 1 1 1 1 1 1 1 1 1 1 1 1 1 1 1 3 1 1 1 1 1 1 1 1 1 1 1 1 1 1 1 1 1 1 1 1 1 1 1 1 1 1 1 1 1 1 1 1 1 1 1 1 1 1 1 1 1 1
instanceKlass java/security/Provider
ciInstanceKlass java/util/Properties 1 1 651 10 7 12 1 1 1 100 1 10 7 12 1 1 7 1 10 12 1 9 12 1 1 9 12 1 1 9 12 1 1 10 7 12 1 1 1 10 12 1 1 8 1 10 7 12 1 1 1 7 1 10 12 1 10 12 1 1 8 1 10 12 1 7 1 10 12 10 12 1 1 9 12 1 1 10 12 1 1 7 1 10 12 1 10 12 1 10 12 1 1 100 1 8 1 10 12 1 10 12 1 10 12 1 1 10 12 1 100 1 3 10 10 7 12 1 1 1 10 12 1 10 12 1 1 8 1 10 12 1 10 12 1 1 8 1 10 7 12 1 1 10 12 1 1 10 12 1 10 12 1 1 100 1 10 12 1 10 12 1 1 100 1 9 100 12 1 1 1 10 12 1 10 12 1 1 7 1 10 10 10 12 1 1 11 7 12 1 1 1 11 7 12 1 1 1 11 12 1 1 7 1 11 12 1 11 12 1 10 12 1 1 8 1 10 12 1 10 12 1 100 1 10 10 12 1 1 10 100 12 1 1 9 100 12 1 1 10 12 1 1 10 100 12 1 1 1 100 1 100 1 100 1 10 8 1 8 1 10 12 1 10 12 1 10 12 1 1 10 10 12 1 1 10 12 1 1 7 1 10 10 12 1 11 7 12 1 1 10 7 12 1 1 1 8 1 10 100 12 1 1 11 8 1 10 100 1 11 10 12 1 10 12 1 10 12 1 10 12 1 1 10 12 1 1 10 12 1 1 10 12 1 10 12 1 10 10 12 1 10 12 1 10 12 1 10 10 12 1 1 10 12 1 1 7 1 10 10 12 1 10 12 1 10 12 1 10 12 1 10 12 1 1 10 12 1 1 10 12 1 10 12 1 10 12 1 1 10 12 10 12 1 1 10 12 1 1 10 12 1 10 12 1 1 10 12 1 1 10 12 100 1 10 11 100 12 1 1 4 11 10 12 1 1 10 100 12 1 1 11 12 1 10 12 1 1 10 100 12 1 1 10 12 1 100 1 8 1 10 12 1 10 10 100 12 1 1 1 100 1 6 0 10 12 1 1 11 100 12 1 1 1 10 12 1 10 12 1 1 1 1 1 5 0 1 1 1 1 1 1 1 1 1 1 1 1 1 1 1 1 1 1 1 1 1 1 1 1 1 1 1 1 1 1 1 1 1 1 1 1 1 1 1 1 100 1 1 1 1 1 1 1 1 1 1 1 1 1 1 1 1 1 1 1 1 100 1 1 1 1 1 1 1 100 1 100 1 1 1 1 100 1 1 1 1 1 1 1 1 1 1 1 1 1 1 1 1 1 1 1 1 1 1 1 1 1 1 1 1 1 1 1 1 1 1 1 1 1 1 1 1 1 1 1 1 1 1 1 1 1 1 1 1 1 1 1 1 1 1 1 1 1 1 1 1 1 1 1 1 1 1 1 1 1 1 1 1 100 1 1 1 1 1 1 1 1 1 100 1 1 1
staticfield java/util/Properties UNSAFE Ljdk/internal/misc/Unsafe; jdk/internal/misc/Unsafe
instanceKlass java/util/Hashtable
ciInstanceKlass java/util/Dictionary 1 1 36 10 7 12 1 1 1 100 1 1 1 1 1 1 1 1 1 1 1 1 1 1 1 1 1 1 1 1 1 1 1 1 1 1 1 1
instanceKlass javax/swing/JSlider$1SmartHashtable
instanceKlass javax/swing/UIDefaults
instanceKlass java/util/Properties
ciInstanceKlass java/util/Hashtable 1 1 512 100 1 10 7 12 1 1 1 9 7 12 1 1 1 100 1 100 1 10 8 1 10 12 1 1 10 12 1 10 12 1 1 10 12 1 10 7 12 1 1 1 8 1 10 12 1 9 12 1 1 7 1 9 12 1 1 4 10 7 12 1 1 1 9 12 1 4 10 12 1 11 100 12 1 1 1 10 12 1 1 10 12 1 1 9 12 1 10 12 1 1 100 1 10 9 12 1 1 10 7 12 1 1 1 9 12 1 1 10 12 1 10 12 1 3 9 12 1 9 12 1 3 10 12 1 10 12 1 10 12 1 1 11 12 1 1 11 100 12 1 1 1 11 100 12 1 1 1 11 12 1 100 1 11 12 1 11 12 1 10 12 1 1 10 12 1 1 10 12 1 9 12 1 1 9 12 9 12 1 1 10 100 1 100 1 10 12 1 10 8 1 10 10 12 1 8 1 10 8 1 10 7 12 1 1 1 7 1 10 12 1 10 12 1 7 1 10 12 1 10 12 1 1 7 1 10 100 1 10 10 12 1 1 11 12 1 1 11 12 1 100 1 10 10 10 100 12 1 1 11 100 12 1 1 1 100 1 10 11 100 12 1 1 11 100 12 1 10 12 1 10 12 1 1 10 100 12 1 1 10 12 1 1 10 12 1 1 10 12 1 1 10 100 12 1 1 1 8 10 100 12 1 1 100 1 8 1 10 4 10 12 4 10 12 1 8 1 10 12 10 100 12 1 1 1 100 1 11 100 12 1 1 1 10 100 12 1 1 1 10 12 1 10 12 1 1 10 100 1 100 1 1 1 1 1 1 5 0 1 1 1 1 1 3 1 3 1 3 1 1 1 1 1 1 1 1 1 1 1 1 1 1 1 1 1 1 1 1 1 1 1 1 1 100 1 1 1 1 1 1 1 1 1 1 1 1 1 1 1 1 1 1 1 1 1 1 1 1 1 1 1 1 1 100 1 1 1 1 1 1 1 1 1 1 1 1 1 1 1 1 1 1 1 1 1 1 1 1 1 1 1 1 1 1 1 1 1 1 1 1 1 1 1 1 1 1 1 1 1 1 1 1 1 1 1 1 1 1 1 1 1 1 100 1 1 1 100 1 1 1 1 1 100 1 1 1 1 1 1 1 1 1 1 1 1 1 1 1 1 1 1
instanceKlass com/google/common/io/BaseEncoding$StandardBaseEncoding$2
instanceKlass javax/sound/sampled/AudioInputStream
instanceKlass sun/security/ssl/SSLSocketImpl$AppInputStream
instanceKlass sun/nio/ch/NioSocketImpl$1
instanceKlass java/net/Socket$SocketInputStream
instanceKlass okio/RealBufferedSource$1
instanceKlass com/sun/imageio/plugins/common/InputStreamAdapter
instanceKlass java/io/SequenceInputStream
instanceKlass java/io/ObjectInputStream
instanceKlass okio/Buffer$2
instanceKlass com/sun/org/apache/xerces/internal/impl/XMLEntityManager$RewindableInputStream
instanceKlass sun/nio/ch/ChannelInputStream
instanceKlass java/util/zip/ZipFile$ZipFileInputStream
instanceKlass java/io/FilterInputStream
instanceKlass java/io/FileInputStream
instanceKlass java/io/ByteArrayInputStream
ciInstanceKlass java/io/InputStream 1 1 184 100 1 10 7 12 1 1 1 100 1 10 10 7 12 1 1 1 10 7 12 1 1 1 10 12 1 100 1 3 10 12 1 1 100 1 8 1 10 12 1 10 7 12 1 1 1 3 100 1 8 1 10 10 7 12 1 1 1 100 1 10 11 100 12 1 1 1 10 12 1 1 11 12 1 1 11 100 12 1 1 1 11 12 1 1 100 1 10 100 12 1 1 1 5 0 10 12 1 10 12 1 1 100 1 10 8 1 10 8 1 8 1 10 12 1 1 10 7 12 1 1 1 100 1 1 1 1 3 1 3 1 1 1 1 1 1 1 1 1 1 1 1 1 1 1 1 1 1 1 1 1 1 1 1 1 1 1 1 1 1 1 1 1 1 1 1 1 1 1 1 1 1 1 1 1 1 1 1 1 1 1 1 1
ciInstanceKlass java/io/ByteArrayInputStream 1 1 117 10 7 12 1 1 1 9 7 12 1 1 1 9 12 1 1 9 12 1 9 12 1 10 7 12 1 1 1 10 7 12 1 1 1 10 7 12 1 1 1 10 7 12 1 1 1 10 12 1 1 3 10 100 1 10 100 12 1 1 1 9 12 1 1 100 1 10 10 7 12 1 1 1 1 1 1 1 1 1 1 1 1 1 1 1 1 1 1 1 1 1 1 1 1 1 1 1 1 1 1 1 100 1 1 1 1 1 1 1 1 1 1 1 1 1 1
staticfield java/io/ByteArrayInputStream $assertionsDisabled Z 1
instanceKlass rl23
instanceKlass org/java_websocket/server/WebSocketServer$WebSocketWorker
instanceKlass java/util/TimerThread
instanceKlass sun/awt/image/ImageFetcher
instanceKlass net/runelite/client/plugins/twitch/irc/TwitchIRCClient
instanceKlass okio/AsyncTimeout$Watchdog
instanceKlass java/util/concurrent/ForkJoinWorkerThread
instanceKlass java/awt/EventDispatchThread
instanceKlass java/util/logging/LogManager$Cleaner
instanceKlass jdk/internal/misc/InnocuousThread
instanceKlass java/lang/ref/Finalizer$FinalizerThread
instanceKlass java/lang/ref/Reference$ReferenceHandler
ciInstanceKlass java/lang/Thread 1 1 612 9 7 12 1 1 1 9 12 1 1 10 12 1 1 9 12 1 1 9 12 1 1 100 1 8 1 10 12 1 1 3 8 1 100 1 5 0 10 12 1 1 10 7 12 1 1 9 12 1 1 9 12 1 9 12 1 1 9 12 1 100 1 8 1 10 9 12 1 1 10 7 12 1 1 1 10 100 12 1 1 1 10 10 7 12 1 1 10 12 1 1 10 12 1 1 9 100 12 1 1 1 10 12 1 1 10 12 1 9 12 1 1 10 12 1 1 10 12 1 1 9 12 1 10 12 1 1 9 12 1 1 10 7 12 1 1 1 9 12 1 1 9 12 1 1 10 12 1 1 10 7 12 1 1 1 9 12 1 10 12 1 1 9 12 1 100 1 10 7 1 10 8 1 10 12 1 1 10 12 1 10 12 1 10 12 1 1 10 12 1 10 12 1 9 12 1 100 1 10 10 12 1 1 10 12 1 10 12 1 100 1 11 7 12 1 1 9 7 12 1 1 1 10 12 1 10 12 1 10 12 9 12 1 1 10 9 12 1 10 12 1 100 1 10 10 12 1 1 9 12 1 10 12 1 11 100 12 1 1 10 12 1 9 12 1 10 12 1 10 12 1 10 10 12 1 10 12 1 10 12 1 10 12 1 10 12 1 1 100 1 10 10 12 1 10 12 1 10 12 1 9 100 12 1 1 1 10 12 1 1 10 12 1 100 1 8 1 10 10 12 1 10 12 8 1 10 12 1 8 1 10 8 1 8 1 10 100 12 1 1 10 100 12 1 1 1 100 1 8 1 10 9 12 1 9 12 1 1 10 12 1 1 10 10 12 1 1 9 12 1 10 12 1 1 100 1 10 12 11 100 12 1 1 1 9 100 12 1 1 1 9 12 1 1 10 12 1 1 100 1 10 12 1 11 100 12 1 1 1 100 1 10 12 1 10 12 1 1 11 12 1 10 12 1 100 1 10 12 1 10 12 1 1 10 7 12 1 1 1 8 1 9 12 1 10 12 1 1 11 100 12 1 1 1 10 100 12 1 1 1 11 12 1 10 12 1 7 1 1 1 1 3 1 3 1 3 1 1 1 1 1 1 1 1 1 1 1 1 1 1 1 1 1 1 1 100 1 1 1 1 1 1 1 1 1 1 1 1 100 1 100 1 1 1 1 1 1 1 1 1 1 1 1 1 1 1 1 1 1 1 1 1 1 1 1 1 1 1 1 1 1 1 1 1 1 1 1 1 1 1 1 1 1 1 100 100 1 1 1 1 1 1 1 1 1 100 1 1 1 1 1 1 1 1 1 1 1 1 1 1 1 1 1 1 1 1 1 1 1 1 1 1 1 1 100 1 1 1 1 1 1 100 1 1 100 1 1 1 1 1 1
staticfield java/lang/Thread EMPTY_STACK_TRACE [Ljava/lang/StackTraceElement; 0 [Ljava/lang/StackTraceElement;
instanceKlass net/runelite/jshell/RemappingThrowable
instanceKlass java/lang/Exception
instanceKlass java/lang/Error
ciInstanceKlass java/lang/Throwable 1 1 402 10 7 12 1 1 1 9 7 12 1 1 1 9 12 1 1 9 12 1 9 12 1 1 9 12 1 10 12 1 1 9 12 1 1 10 12 1 1 10 12 1 100 1 7 1 10 8 1 10 12 1 1 8 1 10 7 12 1 1 10 10 12 1 100 1 8 1 10 10 12 1 1 10 7 12 1 1 10 12 1 8 1 9 100 12 1 1 1 10 12 1 1 100 1 10 12 10 12 1 100 1 10 10 100 12 1 1 1 11 100 12 1 1 1 10 100 12 1 1 1 10 12 1 1 10 12 1 1 8 1 10 12 1 10 12 1 1 8 1 8 1 10 12 1 1 10 12 1 8 1 8 1 9 12 1 1 10 100 12 1 1 100 1 10 11 12 1 8 1 8 1 10 7 12 1 1 8 1 10 12 1 8 1 100 1 10 12 1 9 12 1 1 10 12 1 10 7 12 1 9 12 1 1 10 12 1 1 100 1 8 1 10 12 1 10 100 12 1 1 10 12 1 1 7 1 10 100 12 1 1 1 10 12 1 11 7 12 1 1 1 11 100 12 1 1 1 11 12 1 8 1 10 12 1 1 8 1 10 10 9 100 12 1 1 1 8 1 10 12 1 1 10 100 1 8 1 10 11 12 1 1 8 1 9 12 1 10 100 12 1 1 11 9 12 1 1 11 12 1 1 100 10 12 1 10 12 1 1 100 1 1 1 1 5 0 1 1 1 1 1 1 1 1 1 1 1 1 1 100 1 1 1 1 1 1 1 1 1 1 1 1 1 1 1 1 1 1 1 1 1 1 1 1 1 1 1 1 1 1 1 1 1 1 1 1 1 1 1 1 1 1 7 1 7 1 1 1 1 1 1 1 1 1 1 1 1 1 1 1 1 1 1 1 7 1 12 10 1 1 12 10
staticfield java/lang/Throwable UNASSIGNED_STACK [Ljava/lang/StackTraceElement; 0 [Ljava/lang/StackTraceElement;
staticfield java/lang/Throwable SUPPRESSED_SENTINEL Ljava/util/List; java/util/Collections$EmptyList
staticfield java/lang/Throwable EMPTY_THROWABLE_ARRAY [Ljava/lang/Throwable; 0 [Ljava/lang/Throwable;
staticfield java/lang/Throwable $assertionsDisabled Z 1
instanceKlass java/awt/print/PrinterException
instanceKlass org/java_websocket/exceptions/WrappedIOException
instanceKlass jdk/jshell/spi/ExecutionControl$ExecutionControlException
instanceKlass jdk/jshell/JShellException
instanceKlass javax/swing/UnsupportedLookAndFeelException
instanceKlass info/sigterm/plugins/gpulegacy/ShaderException
instanceKlass javax/swing/text/BadLocationException
instanceKlass com/flippingutilities/utilities/InvalidOptionException
instanceKlass java/beans/PropertyVetoException
instanceKlass javax/management/JMException
instanceKlass net/runelite/client/util/VerificationException
instanceKlass java/awt/FontFormatException
instanceKlass java/awt/datatransfer/UnsupportedFlavorException
instanceKlass org/json/JSONException
instanceKlass javax/sound/sampled/LineUnavailableException
instanceKlass javax/sound/sampled/UnsupportedAudioFileException
instanceKlass java/util/zip/DataFormatException
instanceKlass com/google/inject/internal/ErrorsException
instanceKlass net/runelite/client/plugins/PluginInstantiationException
instanceKlass java/util/concurrent/ExecutionException
instanceKlass java/awt/AWTException
instanceKlass java/text/ParseException
instanceKlass java/net/URISyntaxException
instanceKlass java/lang/CloneNotSupportedException
instanceKlass sun/security/ec/ECOperations$IntermediateValueException
instanceKlass sun/nio/fs/WindowsException
instanceKlass sun/security/pkcs11/wrapper/PKCS11Exception
instanceKlass java/util/concurrent/TimeoutException
instanceKlass ch/qos/logback/core/boolex/EvaluationException
instanceKlass ch/qos/logback/core/util/PropertySetterException
instanceKlass javax/naming/NamingException
instanceKlass ch/qos/logback/core/joran/spi/ActionException
instanceKlass org/xml/sax/SAXException
instanceKlass ch/qos/logback/core/util/DynamicClassLoadingException
instanceKlass ch/qos/logback/core/util/IncompatibleClassException
instanceKlass ch/qos/logback/core/spi/ScanException
instanceKlass ch/qos/logback/core/joran/spi/JoranException
instanceKlass java/security/PrivilegedActionException
instanceKlass java/security/GeneralSecurityException
instanceKlass java/lang/InterruptedException
instanceKlass java/io/IOException
instanceKlass java/lang/ReflectiveOperationException
instanceKlass java/lang/RuntimeException
ciInstanceKlass java/lang/Exception 1 1 40 10 7 12 1 1 1 10 12 1 10 12 1 10 12 1 10 12 1 100 1 1 1 1 5 0 1 1 1 1 1 1 1 1 1 1 1 1 1 1
instanceKlass java/lang/reflect/InvocationTargetException
instanceKlass java/lang/InstantiationException
instanceKlass java/lang/IllegalAccessException
instanceKlass java/lang/NoSuchFieldException
instanceKlass java/lang/NoSuchMethodException
instanceKlass java/lang/ClassNotFoundException
ciInstanceKlass java/lang/ReflectiveOperationException 1 1 34 10 7 12 1 1 1 10 12 1 10 12 1 10 12 1 100 1 1 1 1 5 0 1 1 1 1 1 1 1 1 1 1 1
instanceKlass com/google/common/util/concurrent/ExecutionError
instanceKlass java/util/ServiceConfigurationError
instanceKlass java/lang/AssertionError
instanceKlass java/lang/VirtualMachineError
instanceKlass java/lang/LinkageError
instanceKlass java/lang/ThreadDeath
ciInstanceKlass java/lang/Error 1 1 40 10 7 12 1 1 1 10 12 1 10 12 1 10 12 1 10 12 1 100 1 1 1 1 5 0 1 1 1 1 1 1 1 1 1 1 1 1 1 1
ciInstanceKlass java/lang/ThreadDeath 0 0 21 10 100 12 1 1 1 100 1 1 1 1 5 0 1 1 1 1 1 1 1
ciInstanceKlass java/lang/ClassNotFoundException 1 1 96 7 1 10 7 12 1 1 1 10 12 1 10 12 1 1 10 100 12 1 1 1 8 1 10 100 12 1 1 1 10 7 12 1 1 10 100 12 1 1 1 10 100 12 1 1 1 10 12 1 1 7 1 10 12 1 9 12 1 1 1 1 1 5 0 1 1 1 1 1 1 1 1 1 1 1 1 1 1 1 1 1 1 100 1 1 1 1 1 1 1 1 1 1 1 1
staticfield java/lang/ClassNotFoundException serialPersistentFields [Ljava/io/ObjectStreamField; 1 [Ljava/io/ObjectStreamField;
instanceKlass java/lang/ExceptionInInitializerError
instanceKlass java/lang/UnsatisfiedLinkError
instanceKlass java/lang/IncompatibleClassChangeError
instanceKlass java/lang/BootstrapMethodError
instanceKlass java/lang/NoClassDefFoundError
ciInstanceKlass java/lang/LinkageError 1 1 31 10 7 12 1 1 1 10 12 1 10 12 1 100 1 1 1 1 5 0 1 1 1 1 1 1 1 1 1 1 1
instanceKlass jdk/jfr/internal/dcmd/Argument
instanceKlass jdk/net/UnixDomainPrincipal
instanceKlass jdk/internal/misc/ThreadTracker$ThreadRef
ciInstanceKlass java/lang/Record 1 1 22 10 7 12 1 1 1 100 1 1 1 1 1 1 1 1 1 1 1 1 1 1
ciInstanceKlass java/lang/StringLatin1 1 1 380 7 1 10 100 12 1 1 1 100 1 10 12 1 10 7 12 1 1 1 10 7 12 1 1 1 10 12 1 10 7 12 1 1 1 10 12 1 1 10 7 12 1 1 1 10 12 1 1 10 12 1 1 10 10 12 1 10 12 1 1 10 9 7 12 1 1 1 10 12 1 1 10 7 12 1 1 1 10 12 10 12 1 1 10 12 1 1 10 12 1 1 10 7 12 1 1 1 10 12 1 10 12 1 1 9 12 1 1 100 1 10 10 100 12 1 1 1 10 7 12 1 1 1 10 12 1 10 12 1 100 1 100 1 8 1 10 12 1 8 1 10 12 100 1 10 10 10 7 12 1 1 1 8 1 8 1 8 1 10 12 1 1 10 100 12 1 1 10 12 1 10 12 1 1 10 12 1 1 10 12 1 1 10 12 1 10 12 10 12 10 12 1 10 12 10 10 12 1 10 12 1 10 12 1 10 7 12 1 1 1 10 7 12 1 1 1 10 12 1 1 10 12 1 1 10 10 7 12 1 1 1 1 1 1 1 1 1 1 1 1 1 1 1 1 1 1 1 1 1 1 1 1 1 1 1 1 1 1 1 1 1 1 1 1 1 1 1 1 1 1 1 1 1 1 1 1 1 1 1 1 100 1 1 1 1 1 1 1 1 1 1 1 1 1 1 1 1 1 1 1 1 1 1 1 1 1 1 1 1 1 1 1 1 1 1 1 1 1 1 1 1 1 1 1 1 100 1 1 1 1 1 1 1 1 1 1 1 1 1 1 1 1 1 1 1 1 1 100 1 1 1 1 1 1 1 1 1 1 1 1 1 1 1 1 1 1 1 1 1 1 1 1 1 1 100 1 1 1 1
staticfield java/lang/StringLatin1 $assertionsDisabled Z 1
ciInstanceKlass java/lang/Math 1 1 395 10 100 12 1 1 1 10 7 12 1 1 1 10 12 1 10 12 1 10 12 1 10 12 1 10 12 1 7 1 6 0 6 0 10 12 1 10 12 1 10 12 1 10 12 1 10 12 1 10 12 1 1 10 12 1 10 12 1 10 12 1 10 12 1 10 12 1 10 7 12 1 1 1 100 1 3 3 3 10 7 12 1 1 1 100 1 5 0 5 0 5 0 5 0 5 0 9 7 12 1 1 1 10 7 12 1 1 1 100 1 8 1 10 12 1 8 1 10 12 1 1 10 12 1 1 100 1 5 0 5 0 100 1 3 5 0 3 5 0 10 12 1 10 12 1 8 1 10 12 1 8 1 9 12 1 1 9 12 1 10 12 1 1 6 0 10 12 1 9 12 1 1 100 1 10 10 12 1 100 1 10 12 1 10 12 1 1 10 12 1 10 12 1 10 12 1 10 12 1 1 10 12 1 1 10 12 1 1 10 12 6 0 10 12 1 1 10 12 1 1 10 12 10 12 1 4 10 12 1 1 10 12 1 10 12 1 10 12 10 12 1 10 12 1 10 12 1 10 12 1 10 12 1 10 12 1 10 12 1 5 0 6 0 4 6 0 4 6 0 4 10 12 1 1 9 12 1 1 10 12 1 9 12 1 10 7 12 1 1 1 4 6 0 1 1 6 0 1 6 0 1 1 1 1 1 1 1 1 1 1 1 1 1 1 1 1 1 1 1 1 1 1 1 1 1 1 1 1 1 1 1 1 1 1 1 1 1 1 1 1 1 1 1 1 1 1 1 1 1 1 1 1 1 1 1 1 1 1 1 1 1 1 1 1 1 1 1 1 1 1 1 1 1 1 1 1 1 1 1 1 1 1 1 1 1 1 1 1 1 1 1 1 1 1
staticfield java/lang/Math negativeZeroFloatBits J -2147483648
staticfield java/lang/Math negativeZeroDoubleBits J -9223372036854775808
staticfield java/lang/Math $assertionsDisabled Z 1
ciMethod java/lang/StringLatin1 newString ([BII)Ljava/lang/String; 936 0 5607 0 -1
ciInstanceKlass java/lang/StringUTF16 1 1 598 7 1 7 1 10 100 12 1 1 1 100 1 10 7 1 3 100 1 100 1 10 8 1 10 12 1 1 10 12 1 8 1 10 12 1 1 10 12 1 9 12 1 1 10 12 1 1 100 1 8 1 10 12 1 9 12 1 1 9 12 1 10 10 12 1 1 10 12 1 1 10 7 12 1 1 1 10 12 1 10 12 1 1 10 12 1 1 10 12 1 1 10 12 1 1 10 12 1 10 12 1 1 10 12 1 1 10 12 1 1 10 12 1 1 10 12 1 10 12 1 10 12 1 1 10 12 1 100 1 10 12 1 10 10 12 1 1 10 12 1 10 12 1 1 10 12 1 10 7 12 1 1 1 10 7 12 1 1 1 10 12 10 12 1 1 10 12 1 10 12 1 1 10 12 1 1 10 12 1 10 12 1 10 12 1 3 10 12 1 1 10 12 1 10 12 1 10 12 1 10 12 1 10 12 1 10 12 1 1 9 12 1 10 12 1 10 12 1 10 12 1 10 12 1 10 12 1 10 10 12 10 12 10 10 100 12 1 1 1 10 7 12 1 1 1 10 12 1 10 12 1 100 1 8 1 8 1 10 12 1 1 100 1 10 10 7 12 1 1 1 10 7 12 1 1 8 1 8 1 8 1 10 12 1 1 10 12 1 1 10 12 10 12 1 10 100 12 1 1 10 12 1 1 10 12 1 1 10 12 1 10 12 10 12 10 12 1 10 12 10 12 1 10 12 1 10 12 1 10 12 1 10 12 1 10 100 12 1 1 1 10 100 12 1 1 1 10 12 1 1 10 12 1 1 11 7 12 1 1 10 12 1 10 12 1 10 12 1 1 9 12 1 1 9 12 1 5 0 5 0 10 12 1 10 12 10 12 10 7 12 1 1 1 10 12 1 1 1 1 1 1 1 1 1 1 1 1 1 1 1 1 1 1 1 1 1 1 1 1 1 1 1 1 1 1 1 100 1 1 1 1 1 1 1 1 1 1 1 1 1 1 1 1 1 1 1 1 1 1 1 1 1 1 1 1 1 1 1 1 1 1 1 1 1 1 1 1 1 1 1 1 1 1 1 1 1 1 1 1 1 1 1 1 1 1 1 1 1 1 1 1 1 1 1 1 1 1 1 1 1 1 1 1 1 1 1 1 1 1 100 1 1 1 1 1 1 1 1 1 1 1 1 1 1 1 1 1 100 1 1 1 1 1 1 1 1 1 1 1 1 1 1 1 1 1 1 1 1 1 1 1 1 1 1 1 1 1 1 1 1 1 1 1 1 1 1 1 1 1 1 1 1 1 1 1 1 1 1 1 1 1 1 1 1 1 1 1 1 1 100 1 100 1 1 1 1 1
staticfield java/lang/StringUTF16 HI_BYTE_SHIFT I 0
staticfield java/lang/StringUTF16 LO_BYTE_SHIFT I 8
staticfield java/lang/StringUTF16 $assertionsDisabled Z 1
ciMethod java/lang/StringUTF16 newString ([BII)Ljava/lang/String; 5158 0 6241 0 -1
ciInstanceKlass java/lang/Boolean 1 1 151 10 7 12 1 1 1 9 7 12 1 1 1 10 12 1 1 10 12 1 8 1 10 7 12 1 1 9 12 1 1 9 12 1 8 1 10 12 1 1 10 12 1 1 10 7 12 1 1 1 100 1 100 1 10 12 1 1 9 100 12 1 1 9 12 10 100 12 1 1 1 10 12 1 1 8 1 10 7 12 1 1 1 9 12 1 1 100 1 100 1 100 1 1 1 1 1 1 5 0 1 1 1 1 1 1 1 1 1 1 3 1 1 1 1 1 1 1 1 1 1 1 1 1 1 1 1 1 1 1 1 100 1 1 1 1 1 1 1 1 1 1 100 1 1 1 1 1 1 1 1
staticfield java/lang/Boolean TRUE Ljava/lang/Boolean; java/lang/Boolean
staticfield java/lang/Boolean FALSE Ljava/lang/Boolean; java/lang/Boolean
staticfield java/lang/Boolean TYPE Ljava/lang/Class; java/lang/Class
instanceKlass java/util/concurrent/locks/AbstractQueuedSynchronizer
ciInstanceKlass java/util/concurrent/locks/AbstractOwnableSynchronizer 1 1 32 10 7 12 1 1 1 9 7 12 1 1 1 100 1 1 1 1 5 0 1 1 1 1 1 1 1 1 1 1 1 1
instanceKlass com/sun/jna/IntegerType
instanceKlass java/math/BigDecimal
instanceKlass com/google/gson/internal/LazilyParsedNumber
instanceKlass java/util/concurrent/atomic/Striped64
instanceKlass java/math/BigInteger
instanceKlass java/util/concurrent/atomic/AtomicLong
instanceKlass java/util/concurrent/atomic/AtomicInteger
instanceKlass java/lang/Long
instanceKlass java/lang/Integer
instanceKlass java/lang/Short
instanceKlass java/lang/Byte
instanceKlass java/lang/Double
instanceKlass java/lang/Float
ciInstanceKlass java/lang/Number 1 1 37 10 7 12 1 1 1 10 100 12 1 1 1 100 1 1 1 1 5 0 1 1 1 1 1 1 1 1 1 1 1 1 1 1 1 1 1
instanceKlass java/lang/LiveStackFrameInfo
ciInstanceKlass java/lang/StackFrameInfo 0 0 132 10 100 12 1 1 1 9 100 12 1 1 1 9 100 1 9 12 1 1 11 100 12 1 1 1 9 12 1 1 11 12 1 1 10 12 1 1 10 100 12 1 1 1 10 12 1 11 12 1 11 12 1 1 11 12 1 10 12 1 1 9 12 1 1 10 12 1 1 10 100 12 1 1 10 12 1 1 11 12 1 1 10 12 1 9 12 1 1 10 12 1 1 100 1 8 1 10 12 1 10 100 12 1 1 1 100 1 1 1 1 1 1 1 1 1 1 1 1 1 1 1 1 1 1 100 1 1 1 1 1 1
ciInstanceKlass java/lang/LiveStackFrameInfo 0 0 97 10 100 12 1 1 1 9 100 12 1 1 1 9 12 1 9 12 1 9 12 1 9 12 1 1 100 1 10 12 1 1 10 12 1 8 1 10 12 1 1 8 1 8 1 8 1 10 100 1 10 12 1 100 1 10 12 1 100 1 100 1 1 1 3 1 3 1 1 1 1 1 1 1 1 1 1 1 1 1 1 1 1 1 1 1 1 1 1 1 1 1 1 1 100 1 1
ciInstanceKlass java/lang/Character 1 1 576 7 1 100 1 100 1 9 12 1 1 8 1 9 12 1 1 100 1 9 12 1 1 10 100 12 1 1 1 10 100 12 1 1 1 10 100 12 1 1 1 10 7 12 1 1 1 9 7 12 1 1 1 10 12 1 10 12 1 1 10 12 1 1 10 7 12 1 1 10 12 1 1 3 3 3 3 3 10 12 1 1 10 12 1 3 11 7 12 1 1 1 11 12 1 1 10 12 1 1 10 12 1 1 100 1 10 10 12 1 3 10 12 1 1 10 12 1 10 12 1 1 100 1 8 1 10 12 1 1 10 12 1 10 12 1 10 12 1 10 12 1 10 12 1 1 10 12 1 10 7 12 1 1 10 10 12 1 10 10 12 1 10 12 1 1 10 12 1 10 10 12 1 10 12 1 10 12 1 10 12 1 10 12 1 10 12 1 10 12 1 10 12 10 10 12 10 10 12 1 10 10 12 1 10 10 12 1 10 10 12 1 10 10 12 1 10 10 12 1 10 10 12 1 1 10 10 12 1 10 5 0 10 12 1 10 12 1 10 10 12 1 10 10 12 1 1 10 10 12 1 10 10 12 1 9 12 1 1 100 1 10 10 12 1 10 12 1 1 3 10 100 12 1 1 1 10 12 1 10 100 12 1 1 100 1 10 10 12 1 1 10 12 1 1 10 12 1 1 8 1 10 12 1 9 100 12 1 1 1 10 12 1 10 10 12 1 10 12 1 1 10 12 1 10 10 12 1 1 10 10 12 1 1 100 1 8 1 10 12 1 1 10 7 12 1 1 1 8 1 10 12 1 1 9 12 1 1 100 1 100 1 100 1 1 1 1 3 1 3 1 3 1 3 1 1 1 1 1 3 1 1 3 1 3 1 3 1 3 1 3 1 3 1 3 1 3 1 3 1 3 1 3 1 3 1 3 1 3 1 3 1 3 1 3 1 3 1 3 1 3 1 3 1 3 1 3 1 3 1 3 1 3 1 3 1 3 1 1 1 1 1 1 1 1 1 1 1 1 1 1 1 1 1 1 1 3 1 1 1 1 1 1 1 3 1 1 3 1 1 1 1 1 3 1 1 5 0 1 1 1 1 1 1 1 1 1 1 1 1 1 1 1 1 1 1 1 1 1 1 1 1 1 1 1 1 1 1 1 1 1 1 1 1 1 1 1 1 1 1 1 1 1 1 1 1 1 1 1 1 1 1 1 1 1 1 1 1 1 1 1 1 1 1 1 1 1 1 1 1 1 1 1 1 1 1 1 1 1 1 1 1 1 1 1 1 1 100 1 100 1 1 1 1 1 1
staticfield java/lang/Character TYPE Ljava/lang/Class; java/lang/Class
staticfield java/lang/Character $assertionsDisabled Z 1
ciInstanceKlass java/lang/Float 1 1 223 7 1 100 1 10 7 12 1 1 1 10 100 12 1 1 1 4 100 1 10 12 1 1 10 12 1 1 8 1 8 1 10 100 12 1 1 1 10 12 1 1 10 12 1 1 10 4 4 4 10 7 12 1 1 9 12 1 1 10 12 1 1 10 12 1 10 12 1 10 12 1 1 10 12 1 10 12 1 3 10 12 1 1 10 12 1 1 10 12 1 10 100 12 1 1 1 10 12 1 1 10 12 1 1 8 1 10 7 12 1 1 1 9 12 1 1 100 1 100 1 100 1 1 1 1 1 4 1 1 1 4 1 1 3 1 3 1 3 1 3 1 1 1 1 5 0 1 1 1 1 1 1 1 1 1 1 7 1 1 1 1 1 1 1 1 1 1 1 1 1 3 1 1 1 1 1 1 1 1 1 1 1 1 1 1 1 1 1 1 1 1 1 1 1 1 1 1 1 1 1 1 1 1 1 1 1 1 1 1 7 1 1 1 1 1 1 1 100 1 100 1 1
staticfield java/lang/Float TYPE Ljava/lang/Class; java/lang/Class
ciInstanceKlass java/lang/Double 1 1 285 7 1 100 1 10 7 12 1 1 1 10 12 1 1 10 12 1 100 1 10 12 1 1 10 7 12 1 1 1 6 0 8 1 10 12 1 1 8 1 10 12 1 1 8 1 6 0 10 12 1 1 100 1 5 0 5 0 8 1 8 1 10 100 12 1 1 1 10 100 12 1 1 1 8 1 10 12 1 1 8 1 8 1 8 1 10 12 1 1 10 12 1 10 12 1 1 10 12 1 10 12 1 10 12 1 1 10 12 1 10 6 0 6 0 6 0 10 7 12 1 1 9 12 1 1 10 12 1 10 12 1 10 12 1 10 12 1 5 0 10 12 1 1 10 12 1 10 12 1 10 100 12 1 1 1 10 12 1 1 10 12 1 1 8 1 10 7 12 1 1 1 9 12 1 1 100 1 100 1 100 1 1 1 1 1 6 0 1 1 1 6 0 1 1 3 1 3 1 3 1 3 1 1 1 1 5 0 1 1 1 1 1 1 1 1 1 1 1 1 1 1 1 1 7 1 1 1 1 1 1 1 1 1 1 1 1 3 1 1 1 1 1 1 1 1 1 1 1 1 1 1 1 1 1 1 1 1 1 1 1 1 1 1 1 1 1 1 1 1 1 1 7 1 1 1 1 1 1 1 100 1 100 1 1
staticfield java/lang/Double TYPE Ljava/lang/Class; java/lang/Class
ciInstanceKlass java/lang/Byte 1 1 215 7 1 100 1 10 100 12 1 1 1 9 12 1 1 8 1 9 12 1 1 100 1 10 12 1 1 10 12 1 1 10 100 12 1 1 1 10 100 12 1 1 1 9 7 12 1 1 1 10 12 1 1 7 1 100 1 10 12 1 1 8 1 10 12 1 1 8 1 10 12 1 10 12 1 10 12 1 10 12 1 1 10 12 1 10 12 1 10 12 1 1 10 8 1 8 1 10 7 1 9 12 1 1 10 12 1 10 12 1 1 10 12 1 1 10 12 1 1 10 12 1 5 0 10 12 1 1 8 1 10 7 12 1 1 1 9 12 1 1 100 1 100 1 1 1 3 1 3 1 1 1 1 3 1 3 1 1 5 0 1 1 1 1 1 1 1 1 1 1 1 1 1 1 1 1 1 1 1 1 1 1 1 1 1 1 1 1 1 1 1 1 1 1 1 1 1 1 1 1 1 1 1 1 1 1 1 1 1 1 1 1 1 1 1
staticfield java/lang/Byte TYPE Ljava/lang/Class; java/lang/Class
ciInstanceKlass java/lang/Short 1 1 224 7 1 100 1 100 1 10 100 12 1 1 1 10 12 1 1 7 1 100 1 10 12 1 1 8 1 10 12 1 1 8 1 10 12 1 10 12 1 10 12 1 10 12 1 1 10 12 1 1 10 12 1 9 12 1 1 8 1 9 12 1 1 100 1 10 12 1 1 10 12 1 10 100 12 1 1 1 10 100 12 1 1 1 9 7 12 1 1 1 10 12 1 10 12 1 1 10 8 1 8 1 10 7 1 9 12 1 1 10 12 1 10 12 1 1 10 12 1 1 10 12 1 1 10 12 1 3 3 5 0 10 12 1 1 8 1 10 7 12 1 1 1 9 12 1 1 100 1 100 1 1 1 3 1 3 1 1 1 1 3 1 3 1 1 5 0 1 1 1 1 1 1 1 1 1 1 1 1 1 1 1 1 1 1 1 1 1 1 1 1 1 1 1 3 1 1 1 1 1 1 1 1 1 1 1 1 1 1 1 1 1 1 1 1 1 1 1 1 1 1 1 1 1
staticfield java/lang/Short TYPE Ljava/lang/Class; java/lang/Class
ciInstanceKlass java/lang/Integer 1 1 445 7 1 100 1 7 1 7 1 10 12 1 1 9 12 1 1 9 12 1 1 10 100 12 1 1 1 10 12 1 1 10 100 12 1 1 1 10 10 12 1 1 10 7 12 1 1 1 10 12 1 10 12 1 1 10 7 12 1 1 1 10 12 1 1 10 12 1 1 10 12 1 10 12 1 10 12 1 1 10 10 12 1 9 12 1 1 9 12 1 7 1 8 1 10 12 1 100 1 10 12 1 8 1 10 12 1 1 10 12 1 8 1 10 12 1 8 1 10 12 1 1 3 10 12 1 1 3 10 12 1 1 10 12 1 1 10 7 12 1 1 1 11 7 1 100 1 10 11 10 12 1 1 8 1 10 12 1 1 8 1 100 1 10 12 1 1 10 12 1 1 5 0 8 1 10 12 1 10 12 1 10 12 1 10 12 1 1 7 1 9 12 1 1 9 12 1 1 10 12 1 10 7 1 9 12 1 10 12 1 10 12 1 10 12 1 1 10 7 12 1 1 1 100 1 100 1 10 12 1 1 10 12 1 1 8 1 8 1 10 12 1 1 8 1 8 1 8 1 8 1 8 1 8 1 10 12 1 10 12 1 10 12 1 5 0 3 3 3 3 10 12 1 3 10 12 1 10 100 12 1 1 1 10 12 1 1 10 12 1 1 8 1 10 7 12 1 1 1 9 12 1 1 3 3 3 3 3 3 9 12 1 1 100 1 100 1 100 1 1 1 1 1 1 1 3 1 3 1 1 5 0 1 1 1 1 1 1 1 1 1 100 1 1 1 1 1 1 1 1 1 1 1 1 1 1 1 1 1 1 1 1 1 1 1 1 1 1 1 1 1 1 1 1 1 1 1 1 1 1 1 3 1 1 1 1 1 1 1 1 1 1 1 1 1 1 1 1 100 1 1 1 1 1 1 1 1 1 1 1 1 1 1 1 1 1 1 1 1 1 1 1 1 1 1 1 1 1 1 1 7 1 1 1 1 1 1 1 1 1 100 1 100 1 1
staticfield java/lang/Integer TYPE Ljava/lang/Class; java/lang/Class
staticfield java/lang/Integer digits [C 36
staticfield java/lang/Integer DigitTens [B 100
staticfield java/lang/Integer DigitOnes [B 100
staticfield java/lang/Integer sizeTable [I 10
ciInstanceKlass java/lang/Long 1 1 506 7 1 100 1 7 1 7 1 10 12 1 1 9 12 1 1 9 7 12 1 1 1 10 100 12 1 1 1 10 12 1 1 10 100 12 1 1 1 10 10 12 10 12 1 10 12 1 10 12 1 5 0 5 0 7 1 10 12 1 1 10 12 1 1 10 12 1 10 12 1 10 12 1 10 12 1 1 10 100 12 1 1 10 12 1 10 12 1 1 10 12 1 1 10 12 1 1 10 12 1 1 10 7 12 1 1 1 10 12 1 1 10 12 1 10 12 1 10 12 1 10 12 1 1 10 10 12 1 5 0 5 0 9 12 1 1 9 12 1 5 0 7 1 8 1 10 12 1 8 1 10 12 1 8 1 8 1 10 12 1 1 5 0 10 12 1 1 5 0 10 12 1 1 10 12 1 1 10 100 12 1 1 1 11 100 1 100 1 10 11 10 12 1 1 8 1 10 12 1 1 8 1 100 1 10 12 1 1 10 12 1 8 1 8 1 11 12 1 1 10 12 1 10 12 1 10 12 1 5 0 5 0 9 7 12 1 1 1 10 12 1 10 12 1 1 8 1 8 1 10 12 1 1 8 1 8 1 8 1 8 1 8 1 8 1 10 12 1 10 12 1 10 12 1 1 10 7 1 9 12 1 1 10 12 1 10 12 1 1 10 100 12 1 1 1 100 1 100 1 10 12 1 1 10 12 1 1 5 0 10 12 1 10 12 1 5 0 5 0 5 0 10 12 1 1 5 0 5 0 10 12 1 10 12 1 10 100 12 1 1 1 10 12 1 1 10 12 1 1 8 1 10 7 12 1 1 1 9 12 1 1 100 1 100 1 100 1 1 1 1 5 0 1 1 1 1 3 1 3 1 5 0 1 1 1 1 1 1 1 1 1 100 1 1 1 1 1 1 1 1 1 1 1 1 1 1 1 1 1 1 1 1 1 1 1 1 1 1 1 1 1 1 1 1 1 1 1 1 1 1 1 1 1 1 1 1 1 1 1 1 1 1 1 1 1 1 3 1 1 1 1 1 1 1 1 1 1 1 1 1 1 1 100 1 1 1 1 1 1 1 1 1 1 1 1 1 1 1 1 1 1 1 1 1 1 1 1 1 1 1 7 1 1 1 1 1 1 1 1 1 100 1 100 1 1
staticfield java/lang/Long TYPE Ljava/lang/Class; java/lang/Class
instanceKlass java/lang/ref/PhantomReference
instanceKlass java/lang/ref/FinalReference
instanceKlass java/lang/ref/WeakReference
instanceKlass java/lang/ref/SoftReference
ciInstanceKlass java/lang/ref/Reference 1 1 195 9 7 12 1 1 1 9 7 12 1 1 10 12 1 1 10 12 1 1 9 12 1 1 10 12 1 1 9 12 1 1 9 12 1 1 7 1 10 12 1 10 7 12 1 1 10 12 1 10 12 1 1 10 12 1 9 12 1 10 12 1 1 10 12 1 10 12 1 9 12 1 100 1 100 1 10 12 1 9 12 1 9 12 1 100 1 10 10 12 1 10 10 7 12 1 1 10 7 12 1 1 1 10 12 1 1 10 7 12 1 1 7 1 8 1 10 12 1 10 12 1 1 10 12 1 1 10 12 1 7 1 10 10 7 12 1 1 1 1 1 1 1 1 1 1 1 1 1 1 1 1 1 1 1 100 1 1 1 100 1 1 1 1 1 1 1 1 1 1 1 1 1 1 1 1 1 1 1 1 1 1 1 1 1 1 1 1 1 1 1 1 1 1 1
staticfield java/lang/ref/Reference processPendingLock Ljava/lang/Object; java/lang/Object
staticfield java/lang/ref/Reference $assertionsDisabled Z 1
instanceKlass com/formdev/flatlaf/util/SoftCache$CacheReference
instanceKlass sun/awt/SoftCache$ValueCell
instanceKlass sun/font/FontDesignMetrics$KeyReference
instanceKlass sun/font/StrikeCache$SoftDisposerRef
instanceKlass java/util/ResourceBundle$BundleReference
instanceKlass sun/security/util/MemoryCache$SoftCacheEntry
instanceKlass sun/util/locale/provider/LocaleResources$ResourceReference
instanceKlass sun/util/resources/Bundles$BundleReference
instanceKlass sun/util/locale/LocaleObjectCache$CacheEntry
instanceKlass java/lang/invoke/LambdaFormEditor$Transform
ciInstanceKlass java/lang/ref/SoftReference 1 1 47 10 7 12 1 1 1 9 7 12 1 1 1 9 12 1 10 12 1 10 12 1 1 1 1 1 1 1 1 1 1 1 1 1 1 1 1 1 1 1 1 100 1 1 1 1 1
instanceKlass com/sun/jna/Memory$LinkedReference
instanceKlass javax/swing/text/DefaultStyledDocument$AbstractChangeHandler$DocReference
instanceKlass sun/awt/image/ImageWatched$AccWeakReference
instanceKlass sun/nio/ch/FileLockTable$FileLockReference
instanceKlass com/sun/jmx/mbeanserver/WeakIdentityHashMap$IdentityWeakReference
instanceKlass com/sun/jna/CallbackReference
instanceKlass com/google/common/cache/LocalCache$WeakEntry
instanceKlass java/lang/ClassValue$Entry
instanceKlass okhttp3/internal/connection/Transmitter$TransmitterReference
instanceKlass sun/awt/WeakIdentityHashMap$WeakKey
instanceKlass sun/java2d/ReentrantContextProvider$HardReference
instanceKlass javax/swing/text/GapContent$MarkData
instanceKlass javax/swing/plaf/metal/MetalLookAndFeel$AATextListener
instanceKlass com/intellij/rt/debugger/agent/CaptureStorage$ConcurrentIdentityWeakHashMap$WeakKey
instanceKlass java/util/ResourceBundle$KeyElementReference
instanceKlass java/util/logging/LogManager$LoggerWeakRef
instanceKlass java/util/logging/Level$KnownLevel
instanceKlass javax/crypto/JceSecurity$WeakIdentityWrapper
instanceKlass java/lang/ThreadLocal$ThreadLocalMap$Entry
instanceKlass java/lang/WeakPairMap$WeakRefPeer
instanceKlass java/lang/invoke/MethodType$ConcurrentWeakInternSet$WeakEntry
instanceKlass java/util/WeakHashMap$Entry
ciInstanceKlass java/lang/ref/WeakReference 1 1 31 10 7 12 1 1 1 10 12 1 100 1 1 1 1 1 1 1 1 1 1 1 1 1 1 1 1 1 1 1 1
instanceKlass java/lang/ref/Finalizer
ciInstanceKlass java/lang/ref/FinalReference 1 1 47 10 7 12 1 1 1 10 7 12 1 1 1 10 12 1 1 100 1 8 1 10 12 1 1 1 1 1 1 1 1 1 1 1 1 1 1 1 1 1 1 1 1 1 1 1 1
ciInstanceKlass java/lang/ref/Finalizer 1 1 152 9 7 12 1 1 1 10 7 12 1 1 1 9 12 1 1 9 12 1 1 9 12 1 9 12 1 10 12 1 10 12 1 1 9 12 1 1 100 1 10 12 1 7 1 11 7 12 1 1 100 1 10 12 1 100 1 10 12 1 10 100 12 1 1 1 10 100 12 1 1 1 100 1 10 10 12 1 10 7 12 1 1 1 7 1 10 7 1 10 10 7 12 1 1 1 10 12 1 1 10 7 12 1 1 7 1 10 12 1 10 12 1 1 10 12 1 1 10 12 1 1 1 1 1 1 1 1 1 1 1 1 1 1 1 1 1 1 1 1 1 1 1 1 1 1 1 1 1 1 1 1
staticfield java/lang/ref/Finalizer lock Ljava/lang/Object; java/lang/Object
staticfield java/lang/ref/Finalizer $assertionsDisabled Z 1
instanceKlass jdk/internal/ref/PhantomCleanable
instanceKlass jdk/internal/ref/Cleaner
ciInstanceKlass java/lang/ref/PhantomReference 1 1 39 10 100 12 1 1 1 10 7 12 1 1 1 1 1 1 1 1 1 1 1 1 1 1 1 1 1 1 1 1 1 1 1 1 1 1 1 1 1
instanceKlass com/google/common/reflect/Element
instanceKlass java/lang/reflect/Executable
instanceKlass java/lang/reflect/Field
ciInstanceKlass java/lang/reflect/AccessibleObject 1 1 398 10 7 12 1 1 1 9 100 12 1 1 1 10 100 12 1 1 1 10 7 12 1 1 10 7 12 1 1 1 10 7 12 1 1 1 10 12 1 1 10 12 1 1 9 12 1 1 100 1 10 7 12 1 1 1 11 12 1 100 1 10 12 1 7 1 100 1 10 12 1 10 12 1 1 7 1 10 7 12 1 1 1 10 12 1 1 7 1 10 12 1 1 7 1 10 10 10 7 12 1 1 1 10 12 1 1 10 12 1 10 12 1 10 12 1 1 10 12 1 8 1 7 1 10 10 12 1 1 8 1 10 12 1 10 12 1 8 1 8 1 8 1 8 1 8 1 8 1 7 1 10 12 1 10 12 1 9 12 1 1 10 12 1 1 10 12 1 10 11 100 1 100 1 8 1 10 10 12 1 10 12 1 1 8 1 10 12 1 8 1 10 12 1 1 10 100 1 8 1 10 11 7 12 1 1 10 12 1 1 10 12 1 1 10 12 1 1 9 12 1 1 100 1 10 12 1 7 1 10 12 1 10 12 1 1 10 100 1 10 12 1 10 12 10 12 1 10 12 1 1 10 12 1 10 12 1 1 10 12 1 9 12 1 10 7 12 1 1 8 1 10 7 12 1 1 1 8 1 10 100 12 1 1 1 9 12 1 100 1 10 7 1 10 10 7 12 1 1 1 7 1 10 10 7 12 1 1 1 7 1 9 12 1 1 1 1 1 1 1 1 1 1 1 1 1 1 1 1 1 1 1 1 1 1 1 1 1 1 1 1 1 1 1 1 1 1 1 1 1 1 1 1 1 1 1 1 1 1 1 1 1 1 1 1 1 1 1 1 1 1 1 1 1 1 1 1 1 1 1 1 1 1 1 1 1 1 1 1 1 1 1 1 1 1 1 1 1
staticfield java/lang/reflect/AccessibleObject reflectionFactory Ljdk/internal/reflect/ReflectionFactory; jdk/internal/reflect/ReflectionFactory
instanceKlass java/lang/reflect/Constructor
instanceKlass java/lang/reflect/Method
ciInstanceKlass java/lang/reflect/Executable 1 1 548 10 7 12 1 1 1 10 7 12 1 1 1 10 7 12 1 1 1 11 7 12 1 1 1 10 7 12 1 1 1 10 12 1 1 10 7 12 1 1 1 10 7 12 1 1 1 10 12 1 8 1 10 10 12 1 1 10 12 1 1 10 7 12 1 1 1 18 12 1 1 11 7 12 1 1 1 8 1 8 1 8 1 10 7 12 1 1 1 11 12 1 1 7 1 8 1 8 1 10 12 1 100 1 8 1 10 12 1 8 1 11 100 12 1 1 1 100 1 10 12 1 1 11 12 1 8 1 18 8 1 10 12 1 10 12 1 1 18 8 1 10 12 1 100 1 10 12 1 10 12 1 11 7 12 1 1 10 12 1 1 8 1 8 1 10 12 1 1 10 12 1 1 10 10 12 1 100 1 10 10 12 1 10 12 1 1 10 7 12 1 1 10 12 1 10 12 1 10 12 1 1 10 100 12 1 1 10 12 1 10 12 1 10 100 12 1 1 1 10 12 1 8 1 10 12 1 10 12 1 3 100 1 8 1 10 12 1 10 12 1 10 10 12 1 10 12 1 1 8 1 8 1 8 1 9 12 1 10 12 1 100 1 8 1 9 12 1 10 12 1 10 12 1 1 10 12 1 1 10 12 1 10 12 10 12 1 7 1 10 12 1 10 12 1 1 100 1 10 100 12 1 1 1 100 1 10 7 12 1 1 1 10 12 1 1 11 7 12 1 1 10 7 12 1 1 10 100 12 1 1 1 10 12 1 1 9 12 1 10 12 1 1 10 12 1 10 12 1 1 9 100 12 1 1 1 10 100 12 1 1 1 10 12 1 10 12 1 1 9 12 1 10 10 10 10 100 12 1 1 1 10 12 1 9 12 1 10 12 1 1 9 12 1 100 1 100 1 1 1 1 1 1 1 1 1 1 1 1 1 1 1 1 1 1 1 1 1 1 1 1 1 1 1 1 1 1 1 1 1 1 100 1 1 1 1 1 1 1 1 100 1 1 1 1 1 1 1 1 1 1 1 1 100 1 1 1 1 1 1 1 1 1 1 1 1 1 1 1 1 1 1 1 1 1 1 1 1 1 1 1 1 1 1 1 1 1 1 1 1 1 1 1 1 1 100 1 1 1 1 1 1 1 1 1 1 1 1 1 1 1 1 1 1 1 1 1 100 1 100 1 1 15 10 7 12 1 1 1 16 15 16 1 16 1 15 10 12 16 1 100 1 1 100 1 100 1 1
ciInstanceKlass java/lang/reflect/Constructor 1 1 433 10 7 12 1 1 1 10 7 12 1 1 9 7 12 1 1 1 10 12 1 1 10 12 1 1 10 7 12 1 1 9 12 1 1 10 7 12 1 1 1 9 12 1 1 9 12 1 1 9 12 1 9 12 1 1 9 12 1 9 12 1 1 9 12 1 1 9 12 1 100 1 8 1 10 12 1 10 12 1 9 12 1 1 10 7 12 1 1 10 7 12 1 1 1 10 12 1 1 10 12 1 1 10 12 1 7 1 100 1 8 1 10 10 12 1 10 12 1 10 12 1 1 10 12 1 1 9 100 12 1 1 1 10 7 12 1 1 10 12 1 1 10 12 1 10 12 1 1 10 7 12 1 1 1 10 100 12 1 1 10 12 1 1 10 12 1 10 100 12 1 1 1 8 1 10 10 12 1 100 1 8 1 10 12 1 10 12 1 1 10 12 1 1 10 12 1 10 12 1 10 12 1 1 10 12 1 1 9 12 1 1 10 12 1 1 10 12 1 1 10 12 1 8 1 10 12 1 1 11 7 12 1 1 1 10 12 1 1 10 12 1 10 12 1 9 12 1 1 10 7 12 1 1 1 10 12 1 1 10 12 1 1 10 12 1 1 10 12 1 1 10 12 1 9 100 12 1 1 10 12 1 10 12 1 10 12 1 100 1 8 1 10 10 12 1 1 10 12 1 10 10 12 1 1 10 12 1 1 10 100 12 1 1 1 11 100 12 1 1 1 10 12 1 1 9 100 12 1 1 1 10 100 12 1 1 1 10 12 1 1 1 1 1 1 1 1 1 1 1 1 1 1 1 1 1 1 1 1 1 1 1 1 1 1 1 1 1 1 1 1 1 1 1 1 1 1 1 1 1 1 1 1 1 1 1 1 1 1 1 100 1 100 1 100 1 100 1 1 1 1 1 1 1 1 1 1 1 1 1 1 1 1 1 1 1 1 1 1 1 1 1 1 1 1 1 1 1 1 1 100 1 1
ciInstanceKlass java/lang/reflect/Method 1 1 450 9 7 12 1 1 1 10 7 12 1 1 1 10 7 12 1 1 9 12 1 1 10 12 1 1 10 12 1 1 10 7 12 1 1 10 7 12 1 1 1 9 12 1 1 9 12 1 9 12 1 1 9 12 1 9 12 1 9 12 1 1 9 12 1 9 12 1 1 9 12 1 9 12 1 9 12 1 1 7 1 8 1 10 12 1 10 12 1 9 12 1 1 8 1 10 7 12 1 1 10 7 12 1 1 1 10 12 1 1 10 12 1 1 10 12 1 10 12 1 1 10 12 1 1 9 7 12 1 1 1 10 12 1 1 10 12 10 7 12 1 1 10 12 1 1 10 12 1 10 12 1 10 12 1 10 7 12 1 1 1 10 12 1 1 10 7 1 10 7 12 1 1 1 10 7 12 1 1 10 12 1 1 10 12 1 1 10 12 1 10 7 12 1 1 1 10 12 1 10 8 1 10 12 1 10 12 1 7 1 8 1 8 1 8 1 10 12 1 10 12 1 1 10 12 1 1 10 10 12 1 1 10 12 1 11 100 1 9 12 1 1 10 12 1 1 10 12 1 10 12 1 1 10 12 1 1 11 7 12 1 1 1 10 12 1 10 12 1 10 12 1 10 12 1 10 12 1 9 12 1 1 10 7 12 1 1 1 10 12 1 1 10 7 12 1 1 1 10 7 12 1 1 1 10 7 12 1 1 1 11 7 12 1 1 1 10 7 12 1 1 1 7 1 100 1 100 1 10 12 1 10 12 1 1 10 12 1 100 1 8 1 10 12 1 10 10 12 1 1 10 12 1 1 10 12 1 1 10 12 1 1 8 1 10 12 1 1 1 1 1 1 1 1 1 1 1 1 1 1 1 1 1 1 1 1 1 1 1 1 1 1 1 1 1 1 1 1 1 1 1 1 1 1 1 1 1 1 1 1 1 1 1 1 1 1 1 1 1 100 1 7 1 7 1 1 1 1 1 1 1 1 1 1 1 1 1 1 1 1 1 1 1 1 1 1 1 1 1 1
ciInstanceKlass java/lang/reflect/Field 1 1 437 9 7 12 1 1 1 10 12 1 1 10 7 12 1 1 1 10 7 12 1 1 9 12 1 1 10 12 1 1 10 12 1 1 10 7 12 1 1 10 7 12 1 1 1 9 12 1 1 9 12 1 9 12 1 9 12 1 1 9 12 1 1 9 12 1 9 12 1 1 9 12 1 1 100 1 8 1 10 12 1 10 12 1 9 12 1 1 9 12 1 10 12 1 10 7 12 1 1 10 12 1 1 10 12 1 1 10 12 1 10 12 1 1 7 1 10 12 1 1 10 12 1 1 10 12 1 1 10 12 1 10 12 1 10 7 1 10 7 12 1 1 7 1 10 8 1 10 12 1 1 10 12 1 1 8 1 10 12 10 12 1 8 1 8 1 10 11 100 1 9 12 1 10 12 1 1 10 12 1 1 11 7 12 1 1 1 11 12 1 1 11 12 1 1 11 12 1 1 11 12 1 1 11 12 1 1 11 12 1 1 11 12 1 1 11 12 1 1 11 12 1 1 11 12 1 1 11 12 1 1 11 12 1 1 11 12 1 1 11 12 1 1 11 12 1 1 11 12 1 1 11 12 1 1 10 12 1 10 7 12 1 1 10 12 1 10 12 1 1 10 12 9 12 1 1 10 7 12 1 1 1 10 12 1 1 10 7 12 1 1 10 12 1 1 11 7 1 10 12 1 100 1 10 100 12 1 1 1 10 7 12 1 1 1 9 12 1 10 7 12 1 1 1 11 7 12 1 1 1 10 12 1 1 10 12 1 1 9 100 12 1 1 1 10 100 12 1 1 1 10 12 1 1 100 1 1 1 1 1 1 1 1 1 1 1 1 1 1 1 1 1 1 1 1 1 1 1 1 1 1 1 1 1 1 1 1 1 1 1 100 1 1 1 1 1 1 1 1 1 1 1 1 1 1 1 1 1 1 1 1 1 1 1 1 1 1 1 1 1 1 1 1 1 1 100 1 1 1 1 1 1 1 1 100 1 1
ciInstanceKlass java/lang/reflect/Parameter 0 0 226 10 100 12 1 1 1 9 100 12 1 1 1 9 12 1 1 9 12 1 1 9 12 1 10 12 1 1 10 12 1 1 10 100 12 1 1 1 100 1 10 10 12 1 1 11 100 12 1 1 1 10 12 1 10 100 12 1 1 1 10 12 1 1 10 12 1 10 12 1 8 1 8 1 10 100 12 1 1 1 10 12 1 10 12 10 12 1 8 1 10 12 1 9 12 1 1 10 12 1 1 9 12 1 1 10 12 1 1 10 12 1 1 10 12 1 1 10 12 1 10 10 12 1 10 100 12 1 1 1 10 12 1 1 11 100 12 1 1 10 100 12 1 1 100 1 10 100 12 1 1 1 10 12 1 1 10 12 1 1 10 12 1 1 10 12 1 1 9 12 1 100 1 10 11 12 1 1 11 12 1 1 100 1 1 1 1 1 1 1 1 1 1 1 1 1 1 1 1 1 1 1 1 1 1 1 1 1 1 1 1 1 1 1 1 1 1 1 1 1 1 100 1 1 1 1
ciInstanceKlass java/lang/StringBuffer 1 1 470 10 7 12 1 1 1 10 12 1 10 12 1 10 12 1 1 9 7 12 1 1 1 10 12 1 1 10 12 1 10 12 1 1 9 12 1 1 10 12 1 10 12 1 1 10 12 1 1 10 12 1 10 12 1 1 10 12 1 10 12 1 1 10 12 1 1 10 100 12 1 1 1 10 12 1 1 10 12 1 10 12 1 10 12 1 10 12 1 10 12 1 10 12 1 10 12 1 10 12 1 10 12 1 10 12 1 10 12 1 10 12 1 10 12 1 10 12 1 1 10 12 1 10 12 1 1 10 12 1 1 10 10 12 1 1 10 12 1 10 12 1 10 12 1 10 12 1 10 12 1 10 12 1 10 12 10 12 1 10 12 1 10 12 1 10 12 1 1 10 12 1 10 12 1 10 10 12 1 1 10 12 1 1 9 12 1 1 10 7 12 1 1 1 10 7 1 10 10 100 12 1 1 1 10 10 12 1 10 8 10 100 12 1 1 1 8 10 12 1 8 1 10 12 1 10 12 1 10 100 12 1 1 1 10 100 12 1 1 1 7 1 10 12 100 1 8 1 10 10 12 1 1 10 12 1 1 10 12 1 1 10 12 1 10 12 1 10 12 1 10 12 1 10 12 1 10 12 1 10 12 1 10 12 1 10 12 1 10 12 1 10 12 1 10 12 1 10 12 1 10 12 1 10 12 1 10 12 1 10 12 10 12 10 12 1 10 12 1 10 12 1 10 12 10 12 1 10 12 1 10 12 1 10 12 1 10 12 1 10 12 1 10 12 1 10 12 1 10 12 1 10 12 1 10 12 1 7 1 10 12 1 9 7 12 1 1 1 9 7 1 9 12 1 1 100 1 100 1 100 1 1 1 1 5 0 1 1 1 1 1 1 1 1 1 1 1 1 1 1 1 1 1 1 1 1 1 1 1 1 1 1 1 1 1 1 1 1 1 1 1 1 1 1 1 1 1 1 1 1 1 1 1 1 1 1 1 1 1 1 1 1 1 1 1 1 100 1 1 1 1 1 100 1 1 1 1 1 1 1 1 1 1 1 1 1 1 1 1 1
staticfield java/lang/StringBuffer serialPersistentFields [Ljava/io/ObjectStreamField; 3 [Ljava/io/ObjectStreamField;
instanceKlass java/lang/StringBuilder
instanceKlass java/lang/StringBuffer
ciInstanceKlass java/lang/AbstractStringBuilder 1 1 547 7 1 7 1 10 7 12 1 1 1 9 7 12 1 1 1 9 12 1 9 12 1 1 9 12 1 1 10 7 12 1 1 1 10 12 1 1 3 3 10 12 1 10 12 1 1 11 7 1 100 1 100 1 10 8 1 10 12 1 10 12 1 10 12 1 1 10 12 1 10 12 1 10 12 1 9 12 1 1 10 12 1 1 10 7 12 1 1 1 10 10 12 1 10 12 1 10 12 1 1 10 12 1 1 10 7 12 1 1 1 10 7 12 1 1 1 100 1 8 1 10 10 12 1 1 100 1 10 12 10 12 1 1 10 10 12 1 1 10 12 1 1 10 12 1 1 10 12 1 1 100 1 10 10 12 1 10 7 12 1 1 1 10 12 1 1 10 12 1 10 12 1 1 10 10 12 1 1 10 12 10 12 1 10 12 1 1 10 12 1 1 10 12 1 1 10 12 1 10 10 12 1 1 10 12 1 10 12 1 1 8 1 10 12 1 1 10 12 1 10 12 1 10 12 1 10 12 1 10 12 1 10 12 1 10 7 12 1 1 10 12 1 10 12 1 10 100 12 1 1 1 10 12 1 10 12 1 10 12 1 10 12 1 10 12 1 1 10 12 1 10 12 1 1 10 12 1 1 10 10 7 12 1 1 1 10 12 1 10 12 1 10 12 1 1 10 12 1 10 12 1 10 12 1 10 12 1 10 12 1 10 12 1 10 12 1 10 12 1 10 12 1 1 10 12 1 10 12 1 10 12 10 12 1 1 18 12 1 1 100 1 10 100 12 1 1 1 18 10 12 1 1 10 12 1 10 12 1 1 11 12 1 10 12 1 10 12 1 10 10 12 1 10 8 1 8 1 8 1 10 10 100 1 10 12 1 100 1 10 100 1 10 100 1 1 1 3 1 1 1 1 1 1 1 1 1 1 100 1 1 1 1 1 1 1 1 1 1 1 1 1 1 1 1 1 1 1 1 1 1 1 1 1 1 1 1 1 1 1 1 1 1 1 1 1 1 1 1 1 1 1 1 1 1 1 1 1 1 1 1 1 1 1 1 1 1 1 1 1 1 1 1 1 1 1 1 1 1 1 1 1 1 1 1 1 1 1 1 1 1 1 1 1 1 1 1 1 1 1 1 1 1 1 1 1 100 1 1 100 1 1 1 1 1 100 1 1 1 1 1 1 15 10 100 12 1 1 1 16 1 15 10 12 16 15 10 12 1 1 1 1 100 1 100 1 1
staticfield java/lang/AbstractStringBuilder EMPTYVALUE [B 0
ciMethod java/lang/AbstractStringBuilder append (Ljava/lang/String;)Ljava/lang/AbstractStringBuilder; 692 0 15854 0 -1
ciMethod java/lang/AbstractStringBuilder append (C)Ljava/lang/AbstractStringBuilder; 402 0 22412 0 -1
ciMethod java/lang/AbstractStringBuilder <init> (I)V 378 0 5338 0 -1
ciMethod java/lang/AbstractStringBuilder isLatin1 ()Z 684 0 717027 0 -1
instanceKlass javax/crypto/JceSecurityManager
ciInstanceKlass java/lang/SecurityManager 1 1 576 10 7 12 1 1 1 9 7 12 1 1 1 10 7 12 1 1 1 100 1 8 1 10 12 1 10 12 1 1 10 100 12 1 1 1 10 100 1 10 100 1 10 9 100 12 1 1 1 10 7 12 1 1 1 10 12 1 1 10 7 12 1 1 100 1 8 1 10 9 12 1 1 9 12 1 8 1 9 12 1 100 1 10 8 1 10 12 1 1 10 12 1 10 12 1 1 100 1 10 10 12 1 1 100 1 8 1 10 12 1 8 1 8 1 8 1 8 1 8 1 8 1 10 12 1 8 1 8 1 8 1 8 1 8 1 10 100 12 1 1 1 10 12 1 1 8 1 100 1 8 1 10 8 1 8 1 8 1 8 1 8 1 10 100 12 1 1 8 1 100 1 8 1 8 1 10 8 1 10 12 1 100 1 8 1 10 10 12 1 1 10 12 1 10 12 1 10 12 1 10 7 12 1 1 1 10 12 1 10 7 12 1 1 11 7 12 1 1 1 18 12 1 1 11 7 12 1 1 1 18 12 1 1 11 12 1 1 18 18 11 12 1 18 12 1 11 12 1 1 9 12 1 1 9 12 1 9 12 1 9 12 1 7 1 10 7 12 1 1 10 12 1 10 12 1 18 12 1 18 10 7 12 1 1 1 18 12 1 10 12 1 18 18 8 1 10 12 1 9 12 1 1 11 7 12 1 1 1 8 1 100 1 10 12 1 10 12 1 1 10 12 1 1 9 12 1 1 10 12 1 10 12 1 1 8 1 100 1 10 9 12 1 8 1 10 12 1 8 1 100 1 10 10 7 12 1 1 10 7 1 9 7 12 1 1 1 11 12 1 1 10 12 1 11 12 1 10 12 1 7 1 10 10 12 1 1 10 12 1 1 1 1 1 1 1 1 1 1 1 100 1 1 1 1 1 1 1 1 1 1 1 1 1 1 1 1 1 1 1 1 1 1 1 1 1 1 1 1 1 1 1 1 1 1 1 1 1 1 1 1 1 1 1 1 1 1 1 1 1 1 1 1 1 1 1 1 3 1 1 1 1 1 1 1 1 1 1 100 1 1 1 1 1 1 1 1 1 1 1 1 1 1 1 1 1 1 1 1 1 1 1 1 1 1 1 1 1 1 1 1 1 1 1 1 1 1 15 10 7 12 1 1 1 16 15 10 7 12 1 1 1 16 1 16 15 10 12 16 1 15 10 12 16 15 11 7 1 16 1 16 1 15 10 12 16 15 10 12 16 15 10 12 1 16 1 15 11 12 1 15 10 12 16 15 10 16 1 1 1 1 100 1 100 1 1
staticfield java/lang/SecurityManager packageAccessLock Ljava/lang/Object; java/lang/Object
staticfield java/lang/SecurityManager packageDefinitionLock Ljava/lang/Object; java/lang/Object
staticfield java/lang/SecurityManager nonExportedPkgs Ljava/util/Map; java/util/concurrent/ConcurrentHashMap
instanceKlass pd
instanceKlass java/nio/BufferUnderflowException
instanceKlass java/nio/BufferOverflowException
instanceKlass org/jfree/data/general/SeriesException
instanceKlass org/java_websocket/exceptions/WebsocketNotConnectedException
instanceKlass javax/swing/undo/CannotRedoException
instanceKlass javax/swing/undo/CannotUndoException
instanceKlass java/io/UncheckedIOException
instanceKlass java/lang/TypeNotPresentException
instanceKlass java/util/MissingResourceException
instanceKlass java/util/concurrent/CompletionException
instanceKlass net/runelite/client/plugins/microbot/example/ExampleScript$AssertionError
instanceKlass net/runelite/client/plugins/gpu/ShaderException
instanceKlass java/time/DateTimeException
instanceKlass java/lang/reflect/InaccessibleObjectException
instanceKlass aai
instanceKlass java/util/ConcurrentModificationException
instanceKlass java/lang/reflect/UndeclaredThrowableException
instanceKlass com/google/common/cache/CacheLoader$InvalidCacheLoadException
instanceKlass com/google/common/util/concurrent/UncheckedExecutionException
instanceKlass com/google/inject/ProvisionException
instanceKlass com/google/inject/CreationException
instanceKlass com/google/inject/ConfigurationException
instanceKlass net/runelite/client/rs/ClientLoader$OutageException
instanceKlass okhttp3/internal/connection/RouteException
instanceKlass java/util/concurrent/RejectedExecutionException
instanceKlass java/util/NoSuchElementException
instanceKlass com/google/gson/JsonParseException
instanceKlass java/security/ProviderException
instanceKlass joptsimple/ValueConversionException
instanceKlass joptsimple/internal/ReflectionException
instanceKlass joptsimple/OptionException
instanceKlass java/lang/UnsupportedOperationException
instanceKlass ch/qos/logback/core/LogbackException
instanceKlass java/lang/IndexOutOfBoundsException
instanceKlass java/lang/SecurityException
instanceKlass java/lang/IllegalStateException
instanceKlass java/lang/IllegalArgumentException
instanceKlass java/lang/ArithmeticException
instanceKlass java/lang/NullPointerException
instanceKlass java/lang/IllegalMonitorStateException
instanceKlass java/lang/ArrayStoreException
instanceKlass java/lang/ClassCastException
ciInstanceKlass java/lang/RuntimeException 1 1 40 10 7 12 1 1 1 10 12 1 10 12 1 10 12 1 10 12 1 100 1 1 1 1 5 0 1 1 1 1 1 1 1 1 1 1 1 1 1 1
ciInstanceKlass java/lang/ArithmeticException 1 1 26 10 100 12 1 1 1 10 12 1 100 1 1 1 1 5 0 1 1 1 1 1 1 1 1 1
ciInstanceKlass java/lang/NullPointerException 1 1 52 10 7 12 1 1 1 10 12 1 9 7 12 1 1 1 10 12 1 1 9 12 1 1 10 12 1 1 10 12 1 1 1 1 5 0 1 1 1 1 1 1 1 1 100 1 100 1 100 1 1 1
instanceKlass java/util/TreeMap$NavigableSubMap
instanceKlass com/google/common/collect/Maps$IteratorBasedAbstractMap
instanceKlass com/google/gson/internal/LinkedTreeMap
instanceKlass com/google/common/collect/Maps$ViewCachingAbstractMap
instanceKlass com/google/common/cache/LocalCache
instanceKlass java/util/Collections$SingletonMap
instanceKlass sun/font/AttributeMap
instanceKlass sun/awt/SoftCache
instanceKlass java/util/concurrent/ConcurrentSkipListMap
instanceKlass java/util/TreeMap
instanceKlass sun/util/PreHashedMap
instanceKlass java/util/IdentityHashMap
instanceKlass java/util/EnumMap
instanceKlass java/util/WeakHashMap
instanceKlass java/util/Collections$EmptyMap
instanceKlass java/util/HashMap
instanceKlass java/util/ImmutableCollections$AbstractImmutableMap
instanceKlass java/util/concurrent/ConcurrentHashMap
ciInstanceKlass java/util/AbstractMap 1 1 192 10 7 12 1 1 1 10 7 12 1 1 1 11 7 12 1 1 1 10 11 12 1 1 11 7 12 1 1 1 11 12 1 1 7 1 11 12 1 10 12 1 1 11 12 1 100 1 10 11 12 1 11 7 1 10 12 1 1 11 12 1 9 12 1 1 7 1 10 12 1 9 12 1 1 7 1 10 11 11 12 1 1 11 12 1 100 1 100 1 11 12 1 8 1 7 1 10 10 12 1 1 8 1 10 12 1 10 12 1 1 10 12 1 1 1 1 1 1 1 1 1 1 1 1 1 1 1 1 1 1 1 1 1 1 1 1 1 1 1 1 1 1 1 1 1 1 1 1 1 1 1 1 100 1 1 1 1 1 1 1 1 1 1 1 1 1 1 1 1 100 1 1 1 1 1 1 1 1 1 100 1 100 1 100 1 100 1 1 1 1 1
ciInstanceKlass java/security/AccessControlContext 1 1 373 9 7 12 1 1 1 9 12 1 1 10 7 12 1 1 1 8 1 10 7 12 1 1 1 10 7 12 1 1 1 9 12 1 9 12 1 1 9 12 1 1 10 7 12 1 1 100 1 10 12 1 11 100 12 1 1 1 11 12 1 11 12 1 11 12 1 1 7 1 11 12 1 1 10 12 1 10 7 12 1 1 1 9 100 12 1 1 1 10 100 12 1 1 1 11 100 12 1 1 1 10 7 1 100 1 8 1 10 12 1 10 12 1 1 7 1 10 7 12 1 1 1 9 12 1 9 12 1 9 12 1 9 12 1 1 9 12 1 1 9 12 1 9 12 1 10 7 12 1 1 1 9 12 1 10 12 1 1 10 12 1 1 8 1 10 12 1 1 10 12 1 1 10 100 12 1 1 1 7 1 10 10 12 1 1 10 100 12 1 1 1 10 8 1 10 100 12 1 1 8 1 10 100 12 1 1 8 1 8 1 10 12 1 8 1 10 12 1 8 1 10 12 1 10 12 1 10 12 1 1 8 1 8 1 100 1 10 12 1 10 12 1 1 7 1 10 12 1 8 1 10 12 1 10 12 1 10 8 1 10 12 1 1 10 12 1 1 10 12 1 1 10 12 1 1 10 12 1 10 12 1 10 12 1 10 12 1 1 10 10 10 12 1 1 1 1 1 1 1 1 1 1 1 1 1 1 1 1 1 1 1 1 1 1 1 1 100 1 1 1 1 1 1 1 1 1 1 1 1 1 1 1 1 1 1 1 1 1 1 1 1 1 1 1 1 1 1 1 1 1 1 1 1 1 1 1 1 1 1 1 1 1 1 1 1 1 1 1 1 3 1 1
ciInstanceKlass java/net/URL 1 1 743 10 7 12 1 1 1 10 12 1 10 7 12 1 1 9 12 1 1 9 12 1 10 7 12 1 1 1 10 12 1 1 10 12 1 1 9 12 1 1 10 7 12 1 1 1 8 1 10 12 1 1 7 1 10 10 12 1 1 8 1 10 12 1 1 9 12 1 100 1 8 1 10 12 1 10 12 1 8 1 9 12 1 10 12 1 1 9 12 1 10 12 1 10 12 1 9 12 1 9 12 1 8 1 9 12 1 10 12 1 1 8 1 9 12 1 1 10 12 1 1 10 7 12 1 1 1 8 1 10 12 1 7 1 10 12 1 10 12 1 10 12 1 10 12 1 1 10 12 1 1 8 1 10 12 1 1 10 12 1 8 1 9 12 1 8 1 10 12 1 10 7 12 1 1 1 100 1 10 12 1 10 12 1 1 10 7 12 1 1 1 100 1 8 1 10 10 12 1 8 1 10 12 1 1 10 12 1 10 12 1 10 12 1 10 12 1 10 12 1 8 1 10 12 1 10 10 7 12 1 1 1 10 12 1 9 100 12 1 1 1 10 100 12 1 1 1 9 12 1 1 10 12 1 10 100 12 1 1 1 100 1 100 1 10 12 1 10 12 1 10 12 1 10 12 1 10 12 1 10 12 10 10 10 12 1 100 1 10 12 1 10 12 1 1 8 1 9 100 12 1 1 1 10 100 12 1 1 1 10 12 1 1 9 100 12 1 1 1 10 12 1 1 100 1 10 12 1 10 12 1 10 10 12 1 1 10 12 1 1 10 12 1 10 12 1 10 12 1 10 7 12 1 1 1 10 12 1 1 10 12 1 9 12 1 1 9 12 1 1 100 1 8 1 10 10 12 1 9 12 1 1 10 7 12 1 1 8 1 10 7 12 1 1 8 1 10 12 1 1 10 12 1 8 1 8 1 10 7 12 1 1 1 100 1 10 100 12 1 1 1 10 12 1 10 12 1 7 1 10 9 12 1 1 10 7 12 1 1 8 1 10 12 1 1 7 1 10 10 7 12 1 1 1 8 9 7 12 1 1 1 10 12 1 10 12 1 10 12 1 10 12 1 10 7 12 1 1 11 7 12 1 1 10 12 1 10 12 1 9 12 1 10 12 1 1 10 100 12 1 1 10 100 12 1 1 1 8 10 100 12 1 1 100 1 10 8 8 10 12 1 8 8 8 100 1 10 12 1 9 12 1 1 10 12 1 10 12 1 1 10 12 1 10 12 10 12 1 1 10 12 1 1 10 10 10 12 1 10 12 1 10 12 1 10 12 1 10 12 1 10 10 12 1 100 1 8 1 10 10 10 12 1 1 10 12 1 10 12 1 1 8 1 7 1 10 10 10 7 1 10 12 1 9 7 12 1 1 1 9 12 1 1 7 1 10 10 7 12 1 1 1 100 1 1 1 1 1 5 0 1 1 1 1 1 1 1 1 1 1 1 1 1 1 1 1 1 1 1 1 1 1 1 1 1 1 1 1 1 1 1 1 1 1 1 1 1 1 1 100 1 1 1 1 1 1 1 1 1 1 1 1 1 1 1 1 1 1 1 1 1 1 1 1 1 1 1 1 1 1 1 1 1 1 1 1 1 100 1 1 1 1 1 1 1 1 1 1 1 1 1 1 1 1 100 1 1 1 1 1 1 1 1 1 1 1 1 1 1 1 1 1 1
staticfield java/net/URL defaultFactory Ljava/net/URLStreamHandlerFactory; java/net/URL$DefaultFactory
staticfield java/net/URL streamHandlerLock Ljava/lang/Object; java/lang/Object
staticfield java/net/URL serialPersistentFields [Ljava/io/ObjectStreamField; 7 [Ljava/io/ObjectStreamField;
ciInstanceKlass java/util/jar/Manifest 1 1 336 10 7 12 1 1 1 7 1 10 9 7 12 1 1 1 7 1 10 9 12 1 1 9 12 1 1 10 12 1 10 12 1 1 10 12 1 1 10 12 1 1 10 12 1 1 11 7 1 11 12 1 1 10 12 1 1 10 100 12 1 1 1 100 1 100 1 10 8 1 10 12 1 1 10 12 1 1 10 12 1 10 12 1 11 100 1 10 12 1 10 12 1 1 11 12 1 1 10 12 1 11 12 1 1 11 100 12 1 1 1 11 100 12 1 1 11 12 1 1 100 1 10 12 1 8 1 11 12 1 100 1 10 12 1 1 11 12 1 10 12 1 10 12 1 10 100 12 1 1 1 8 1 10 12 1 1 10 9 100 12 1 1 1 10 12 1 1 10 100 12 1 10 12 1 10 12 1 9 100 12 1 1 1 8 1 10 12 1 8 1 8 1 7 1 10 12 1 10 12 1 10 12 1 1 100 1 8 1 10 12 1 1 8 1 10 10 12 1 1 8 1 10 12 1 1 10 100 12 1 1 1 10 12 1 10 11 12 1 1 10 12 1 10 100 12 1 1 1 10 12 1 1 10 12 1 1 11 10 12 1 11 10 12 1 100 1 1 1 1 1 1 1 1 1 1 1 1 1 1 1 1 1 1 1 1 1 1 1 1 1 1 1 1 1 1 1 1 1 1 1 1 1 1 1 1 1 1 1 100 1 1 1 1 1 1 1 1 1 1 1 1 1 1 100 1 1 1 1 1 1 1 1 1 1 1
instanceKlass java/util/EnumMap$Values
instanceKlass com/google/common/collect/AbstractTable$Values
instanceKlass com/sun/jna/Structure$StructureSet
instanceKlass java/util/AbstractMap$2
instanceKlass com/google/common/collect/AbstractMultiset
instanceKlass com/google/common/collect/Multimaps$Entries
instanceKlass com/google/common/collect/Maps$Values
instanceKlass com/google/common/collect/AbstractMultimap$Values
instanceKlass com/google/common/collect/AbstractMapBasedMultimap$WrappedCollection
instanceKlass java/util/TreeMap$Values
instanceKlass com/google/common/collect/ImmutableCollection
instanceKlass java/util/IdentityHashMap$Values
instanceKlass java/util/concurrent/ConcurrentLinkedDeque
instanceKlass java/util/AbstractQueue
instanceKlass java/util/LinkedHashMap$LinkedValues
instanceKlass java/util/HashMap$Values
instanceKlass java/util/ArrayDeque
instanceKlass java/util/AbstractSet
instanceKlass java/util/ImmutableCollections$AbstractImmutableCollection
instanceKlass java/util/AbstractList
ciInstanceKlass java/util/AbstractCollection 1 1 160 10 7 12 1 1 1 10 7 12 1 1 1 10 12 1 1 11 7 12 1 1 1 11 12 1 1 10 12 1 1 10 100 12 1 1 1 10 12 1 1 10 12 1 1 10 7 12 1 1 10 7 12 1 1 1 7 1 10 100 12 1 1 1 10 100 12 1 1 1 100 1 10 11 12 1 11 7 1 10 12 1 10 12 1 10 7 12 1 1 1 11 8 1 7 1 10 10 12 1 1 8 1 10 12 1 10 12 1 1 1 1 1 1 1 1 1 1 1 1 1 1 1 1 1 1 1 1 1 1 1 1 1 1 1 1 1 1 1 1 1 1 1 1 1 1 1 1 1 1 1 1 1 1 1 1 1 1 1 1
instanceKlass java/util/AbstractList$SubList
instanceKlass com/google/common/collect/Lists$TransformingRandomAccessList
instanceKlass com/google/common/primitives/Ints$IntArrayAsList
instanceKlass java/util/Collections$CopiesList
instanceKlass sun/awt/util/IdentityArrayList
instanceKlass sun/security/jca/ProviderList$ServiceList
instanceKlass sun/security/jca/ProviderList$3
instanceKlass okio/Options
instanceKlass java/util/Collections$SingletonList
instanceKlass java/util/ArrayList$SubList
instanceKlass java/util/AbstractSequentialList
instanceKlass java/util/Vector
instanceKlass java/util/Arrays$ArrayList
instanceKlass java/util/Collections$EmptyList
instanceKlass java/util/ArrayList
ciInstanceKlass java/util/AbstractList 1 1 218 10 7 12 1 1 1 9 7 12 1 1 1 10 12 1 1 10 12 1 1 100 1 10 10 12 1 1 11 100 12 1 1 1 11 12 1 1 11 12 1 10 100 12 1 1 1 10 12 1 11 12 1 11 12 1 11 12 1 10 12 1 1 10 12 1 1 11 100 12 1 1 1 11 100 1 11 7 1 10 12 1 7 1 10 12 1 10 12 1 1 7 1 7 1 10 12 1 100 1 10 100 1 100 1 10 8 1 10 12 1 1 10 12 1 10 12 1 1 10 12 1 8 1 100 1 8 1 8 1 8 1 10 100 1 11 10 10 12 1 11 12 1 10 12 1 1 8 1 8 1 1 1 1 1 1 1 1 1 1 1 1 1 1 1 1 1 1 1 1 1 1 1 1 1 1 1 1 1 1 1 1 1 1 1 1 1 1 1 1 1 1 1 1 1 1 1 1 1 1 1 1 1 1 1 1 1 1 100 1 100 1 1 1 1 1 1 1
ciInstanceKlass java/lang/AssertionStatusDirectives 0 0 24 10 100 12 1 1 1 100 1 1 1 1 1 1 1 1 1 1 1 1 1 1 1 1
ciInstanceKlass java/lang/invoke/MethodHandleNatives$CallSiteContext 1 1 49 10 7 12 1 1 1 7 1 10 10 7 12 1 1 1 10 7 12 1 1 1 10 7 12 1 1 1 100 1 1 1 1 1 1 1 1 1 1 1 1 1 1 1 1 1 100 1 1
ciInstanceKlass jdk/internal/invoke/NativeEntryPoint 0 0 92 10 100 12 1 1 1 9 100 12 1 1 1 10 100 12 1 1 1 100 1 9 12 1 9 12 1 9 12 1 1 9 12 1 1 9 12 1 1 100 1 8 1 10 12 1 11 100 12 1 1 1 10 12 1 1 10 12 1 11 100 12 1 1 11 12 1 10 12 1 1 10 12 1 1 1 1 1 1 1 1 1 1 1 1 1 1 1 1 1 1 1
instanceKlass java/lang/invoke/VolatileCallSite
instanceKlass java/lang/invoke/MutableCallSite
instanceKlass java/lang/invoke/ConstantCallSite
ciInstanceKlass java/lang/invoke/CallSite 1 1 302 10 7 12 1 1 1 10 7 12 1 1 1 9 7 12 1 1 1 10 12 1 1 9 12 1 1 10 7 12 1 1 1 10 12 1 100 1 10 12 1 1 10 12 1 1 9 100 12 1 1 1 10 100 12 1 1 10 12 1 1 100 1 100 1 10 10 100 12 1 1 1 10 12 1 1 8 1 10 12 1 10 12 1 1 10 12 1 10 12 1 1 10 12 1 1 10 10 100 12 1 1 10 12 1 1 9 12 1 9 100 12 1 1 1 8 1 10 7 12 1 1 1 10 12 1 1 100 1 10 12 1 1 9 12 1 8 1 100 1 10 12 1 10 12 1 100 1 8 1 10 10 12 1 10 12 1 1 100 1 10 12 1 1 10 12 1 10 12 1 10 12 1 1 10 12 1 1 9 12 1 1 8 10 12 1 1 9 12 1 1 100 1 10 10 12 1 10 100 12 1 1 1 10 12 1 1 10 12 1 1 10 12 1 10 7 12 1 1 1 100 1 8 1 10 10 12 10 12 1 1 100 1 100 1 100 1 8 1 10 12 1 10 7 12 1 1 1 1 1 1 1 1 1 1 1 1 1 1 1 1 1 1 1 1 1 1 1 1 1 1 1 1 1 1 1 1 1 1 1 1 1 1 1 1 1 1 1 1 1 1 1 1 1 1 1 1 1 1 1 1 1
staticfield java/lang/invoke/CallSite $assertionsDisabled Z 1
ciInstanceKlass java/lang/invoke/VolatileCallSite 0 0 37 10 100 12 1 1 1 10 12 1 10 100 12 1 1 1 10 12 1 10 12 1 1 1 1 1 1 1 1 1 1 1 1 1 1 1 1
ciInstanceKlass java/lang/invoke/MethodType 1 1 771 7 1 10 7 12 1 1 1 9 12 1 1 9 12 1 1 9 12 1 1 10 7 12 1 1 1 9 7 12 1 1 8 1 10 100 12 1 1 1 9 7 1 9 7 1 10 12 1 1 100 1 10 8 1 10 12 1 1 10 12 1 10 12 1 1 100 1 8 1 10 12 1 100 1 10 10 12 1 10 12 1 1 10 12 1 1 11 7 12 1 1 1 9 12 1 11 12 1 1 7 7 1 10 7 12 1 1 1 10 12 1 9 12 1 1 10 7 12 1 1 10 12 1 1 10 7 12 1 1 1 10 7 12 1 1 1 10 12 1 9 12 1 1 10 12 1 1 7 1 10 12 1 1 10 12 1 1 10 12 1 1 10 12 1 1 10 12 1 1 10 12 1 10 12 1 10 12 1 1 10 12 1 8 1 8 1 10 12 1 1 9 12 1 1 100 1 10 10 12 1 1 10 12 1 10 12 1 1 10 12 1 1 10 12 1 10 12 1 1 10 12 1 8 1 10 12 1 1 10 7 12 1 1 1 10 12 1 10 12 1 1 10 12 1 10 12 1 10 12 1 1 10 12 1 10 12 1 9 12 1 10 12 1 10 10 12 1 1 10 12 1 9 12 1 1 10 12 1 1 10 12 1 1 10 12 1 1 10 12 1 1 7 1 10 12 10 12 1 10 12 1 100 1 8 1 8 1 8 1 10 12 1 10 12 1 10 12 1 10 11 12 1 1 11 12 1 10 100 12 1 1 1 9 12 1 10 12 1 10 12 1 1 10 12 1 1 10 12 1 10 12 1 10 100 12 1 1 1 10 12 1 1 10 12 1 10 12 1 10 12 1 10 9 12 1 1 7 1 10 12 1 10 12 1 1 9 100 12 1 1 1 10 100 12 1 1 1 10 100 12 1 1 1 10 12 1 1 10 100 12 1 1 1 10 12 1 1 8 1 10 7 12 1 1 1 11 12 1 1 9 12 1 1 10 12 1 1 10 12 1 10 12 1 1 10 12 1 1 10 100 12 1 1 100 1 10 12 1 1 11 100 12 1 1 1 18 12 1 1 11 12 1 1 18 12 1 11 12 1 100 1 11 100 12 1 1 10 12 1 100 1 10 12 1 10 100 12 1 1 10 12 1 1 9 12 1 1 9 100 12 1 1 1 10 100 12 1 1 1 9 12 1 10 100 12 1 1 10 12 1 100 10 12 1 1 10 12 1 10 7 1 7 1 9 12 1 1 100 1 100 1 100 1 1 1 5 0 1 1 1 1 1 1 1 3 1 3 1 3 1 1 1 1 1 1 1 1 1 1 1 1 1 1 1 1 1 1 1 1 1 1 1 1 1 1 1 1 1 1 1 1 1 1 1 1 1 1 1 1 1 1 1 1 1 1 1 1 1 1 1 1 1 1 1 1 1 1 1 1 1 1 1 1 1 1 1 1 1 1 1 1 1 1 1 1 1 1 1 1 1 1 1 1 1 1 1 1 1 1 1 1 1 1 1 1 1 1 1 1 1 1 1 1 1 1 1 1 1 1 1 1 1 1 1 1 1 1 1 1 1 1 1 1 1 1 1 7 1 7 1 1 1 1 1 1 1 1 1 1 1 1 1 100 1 1 1 100 1 1 1 1 1 1 1 1 1 1 1 1 1 1 1 1 1 1 1 1 1 15 10 100 12 1 1 1 16 15 10 12 16 16 15 10 12 16 1 1 1 1 100 1 1 100 1 1 100 1 100 1 1
staticfield java/lang/invoke/MethodType internTable Ljava/lang/invoke/MethodType$ConcurrentWeakInternSet; java/lang/invoke/MethodType$ConcurrentWeakInternSet
staticfield java/lang/invoke/MethodType NO_PTYPES [Ljava/lang/Class; 0 [Ljava/lang/Class;
staticfield java/lang/invoke/MethodType objectOnlyTypes [Ljava/lang/invoke/MethodType; 20 [Ljava/lang/invoke/MethodType;
staticfield java/lang/invoke/MethodType METHOD_HANDLE_ARRAY [Ljava/lang/Class; 1 [Ljava/lang/Class;
staticfield java/lang/invoke/MethodType serialPersistentFields [Ljava/io/ObjectStreamField; 0 [Ljava/io/ObjectStreamField;
staticfield java/lang/invoke/MethodType $assertionsDisabled Z 1
ciInstanceKlass java/lang/BootstrapMethodError 0 0 45 10 100 12 1 1 1 10 12 1 10 12 1 10 100 12 1 1 1 10 100 12 1 1 1 1 1 1 5 0 1 1 1 1 1 1 1 1 1 1 1 100 1 1 1
ciInstanceKlass jdk/internal/loader/ClassLoaders$AppClassLoader 1 1 119 8 1 10 7 12 1 1 1 10 7 12 1 1 1 10 100 12 1 1 1 10 12 1 1 10 100 12 1 1 1 10 12 1 1 10 12 1 1 7 1 8 1 10 12 10 7 12 1 1 1 10 7 12 1 1 10 12 1 1 10 12 1 1 10 7 12 1 1 1 100 1 10 12 1 1 1 1 1 1 1 1 1 1 1 1 1 1 1 1 1 1 1 1 1 100 1 1 1 1 1 1 1 1 1 1 1 1 1 1 1 1 1 1 1 100 1 1 1
ciInstanceKlass jdk/internal/loader/ClassLoaders$PlatformClassLoader 1 1 42 8 1 10 7 12 1 1 1 10 7 12 1 1 1 100 1 10 12 1 100 1 1 1 1 1 1 1 1 1 1 1 1 1 1 100 1 1 1 100 1 1
ciInstanceKlass java/lang/ArrayStoreException 1 1 26 10 100 12 1 1 1 10 12 1 100 1 1 1 1 5 0 1 1 1 1 1 1 1 1 1
ciInstanceKlass java/lang/ClassCastException 1 1 26 10 7 12 1 1 1 10 12 1 100 1 1 1 1 5 0 1 1 1 1 1 1 1 1 1
ciInstanceKlass java/lang/NoClassDefFoundError 0 0 26 10 100 12 1 1 1 10 12 1 100 1 1 1 1 5 0 1 1 1 1 1 1 1 1 1
ciInstanceKlass java/lang/IllegalMonitorStateException 1 1 26 10 100 12 1 1 1 10 12 1 100 1 1 1 1 5 0 1 1 1 1 1 1 1 1 1
ciInstanceKlass java/lang/StackOverflowError 1 1 26 10 100 12 1 1 1 10 12 1 100 1 1 1 1 5 0 1 1 1 1 1 1 1 1 1
instanceKlass java/lang/StackOverflowError
instanceKlass java/lang/OutOfMemoryError
instanceKlass java/lang/InternalError
ciInstanceKlass java/lang/VirtualMachineError 1 1 34 10 7 12 1 1 1 10 12 1 10 12 1 10 12 1 100 1 1 1 1 5 0 1 1 1 1 1 1 1 1 1 1 1
ciInstanceKlass java/lang/OutOfMemoryError 1 1 26 10 100 12 1 1 1 10 12 1 100 1 1 1 1 5 0 1 1 1 1 1 1 1 1 1
ciInstanceKlass java/lang/InternalError 1 1 34 10 7 12 1 1 1 10 12 1 10 12 1 10 12 1 100 1 1 1 1 5 0 1 1 1 1 1 1 1 1 1 1 1
ciInstanceKlass java/lang/StackTraceElement 1 1 224 10 7 12 1 1 1 10 7 12 1 1 9 12 1 1 9 12 1 1 9 12 1 9 12 1 8 1 10 7 12 1 1 1 7 1 9 12 1 8 1 9 12 1 9 12 1 9 12 1 1 8 1 10 12 1 1 10 12 1 7 1 10 10 12 1 1 8 1 10 12 1 1 10 12 1 8 1 8 1 8 1 10 12 1 8 1 8 1 10 12 1 8 1 8 1 10 12 1 1 10 12 1 10 12 1 1 10 12 1 9 12 1 1 10 7 12 1 1 1 10 12 1 1 7 1 10 12 1 1 10 7 12 1 1 10 7 12 1 1 1 10 7 12 1 1 10 7 12 1 1 10 10 12 1 1 10 12 1 10 12 1 1 100 1 1 1 1 1 3 1 3 1 1 5 0 1 1 1 1 1 1 1 1 1 1 1 1 1 1 1 1 1 1 1 1 1 1 1 1 1 1 100 1 100 1 1 1 1 1 1 1 1 1 1 100 1 1 1 1 1 1 1 1
instanceKlass java/nio/DoubleBuffer
instanceKlass java/nio/FloatBuffer
instanceKlass java/nio/ShortBuffer
instanceKlass java/nio/CharBuffer
instanceKlass java/nio/IntBuffer
instanceKlass java/nio/LongBuffer
instanceKlass java/nio/ByteBuffer
ciInstanceKlass java/nio/Buffer 1 1 224 100 1 10 7 12 1 1 1 9 7 12 1 1 1 9 12 1 9 12 1 1 9 12 1 9 12 1 1 10 12 1 1 10 12 1 1 10 12 100 1 100 1 10 8 1 10 12 1 1 10 12 1 8 1 8 1 10 12 1 1 10 12 1 8 1 9 12 1 1 100 1 8 1 10 12 1 8 1 8 1 9 12 10 12 1 8 1 8 1 8 1 10 12 1 8 1 8 1 8 1 100 1 10 100 1 10 100 1 10 100 1 10 10 100 12 1 1 1 10 11 100 12 1 1 10 7 12 1 1 1 10 7 12 1 1 1 9 12 1 1 10 7 12 1 1 1 9 12 1 1 7 1 10 10 7 12 1 1 1 1 1 3 1 1 1 1 1 1 1 1 1 1 1 1 1 1 1 1 1 1 100 1 1 1 1 1 1 1 1 1 1 1 1 1 1 1 1 1 1 1 1 1 1 1 1 1 1 1 1 1 1 1 1 1 1 1 1 1 1 1 1 1 1
staticfield java/nio/Buffer UNSAFE Ljdk/internal/misc/Unsafe; jdk/internal/misc/Unsafe
staticfield java/nio/Buffer SCOPED_MEMORY_ACCESS Ljdk/internal/misc/ScopedMemoryAccess; jdk/internal/misc/ScopedMemoryAccess
staticfield java/nio/Buffer $assertionsDisabled Z 1
ciInstanceKlass jdk/internal/misc/UnsafeConstants 1 1 34 10 100 12 1 1 1 9 7 12 1 1 1 9 12 1 9 12 1 1 9 12 1 9 12 1 1 1 1 1 1 1 1 1
staticfield jdk/internal/misc/UnsafeConstants ADDRESS_SIZE0 I 8
staticfield jdk/internal/misc/UnsafeConstants PAGE_SIZE I 4096
staticfield jdk/internal/misc/UnsafeConstants BIG_ENDIAN Z 0
staticfield jdk/internal/misc/UnsafeConstants UNALIGNED_ACCESS Z 1
staticfield jdk/internal/misc/UnsafeConstants DATA_CACHE_LINE_FLUSH_SIZE I 0
instanceKlass java/lang/invoke/DelegatingMethodHandle
instanceKlass java/lang/invoke/BoundMethodHandle
instanceKlass java/lang/invoke/DirectMethodHandle
ciInstanceKlass java/lang/invoke/MethodHandle 1 1 641 100 1 9 7 12 1 1 1 10 7 12 1 1 1 10 7 12 1 1 1 7 1 7 1 10 12 1 1 9 12 1 1 10 12 1 10 12 1 1 10 12 1 1 10 7 12 1 1 1 10 12 1 1 10 12 1 1 11 100 12 1 1 1 10 12 1 1 10 12 1 10 12 1 9 12 1 1 10 12 1 1 100 1 100 1 10 8 1 10 12 1 1 10 12 1 8 1 10 12 1 1 10 12 1 10 7 12 1 1 1 10 12 1 10 12 1 1 10 12 1 1 10 12 1 1 10 12 1 1 10 7 12 1 1 1 10 7 12 1 1 1 7 1 10 12 1 1 10 12 1 1 10 12 1 1 8 1 10 7 12 1 1 1 8 1 10 12 1 1 10 12 1 1 10 12 1 1 10 12 1 8 1 10 12 1 1 8 1 10 12 1 8 1 10 100 12 1 1 1 9 12 1 1 100 1 10 9 100 12 1 1 1 9 100 1 8 1 10 12 1 1 10 12 1 10 12 1 1 10 12 1 10 12 1 1 10 12 1 10 12 1 1 10 12 1 10 12 1 1 10 12 1 1 8 1 10 12 1 1 8 1 10 12 1 10 12 1 1 10 12 1 10 12 1 10 12 1 1 9 100 12 1 1 1 10 12 1 1 11 12 1 10 12 1 10 12 1 1 10 100 12 1 1 1 100 1 11 12 1 10 100 1 11 12 1 100 1 10 12 1 11 12 1 9 100 12 1 1 1 11 12 1 1 11 100 12 1 1 1 10 12 1 1 9 12 1 11 12 1 9 12 1 9 12 1 9 12 1 11 12 1 1 9 12 1 9 12 1 9 12 1 9 12 1 9 12 1 9 12 1 9 12 1 8 1 10 12 1 10 12 1 8 1 10 12 1 10 12 1 10 10 7 12 1 1 10 12 1 1 100 1 8 1 10 12 1 1 10 12 1 1 10 12 1 10 12 1 100 1 10 100 12 1 1 1 10 12 1 9 7 12 1 1 1 10 12 1 1 10 12 1 1 8 1 9 12 1 9 12 1 1 9 12 1 1 10 12 1 7 1 10 12 1 10 12 1 1 9 12 1 1 9 12 1 1 10 7 12 1 1 1 11 7 12 1 1 9 12 1 10 12 1 1 9 12 1 10 12 1 8 10 12 1 1 8 1 1 1 1 1 1 7 1 1 1 1 1 1 1 1 1 1 1 1 1 1 1 1 1 1 1 1 1 1 1 1 1 1 1 1 1 1 1 1 1 1 1 1 1 1 1 1 1 1 1 1 1 1 1 1 1 1 1 1 1 1 1 1 1 1 1 1 1 1 1 1 1 1 1 1 1 100 1 1 1 1 1 1 1 1 1 100 1 1 1 1 1 1 1 1 1 1 1 1 1 1 1 1 1 1 1 1 1 1 1 1 1 1 1 100 1 1 100 1 1 100 1 1 1 1
staticfield java/lang/invoke/MethodHandle FORM_OFFSET J 20
staticfield java/lang/invoke/MethodHandle UPDATE_OFFSET J 13
staticfield java/lang/invoke/MethodHandle $assertionsDisabled Z 1
instanceKlass java/lang/invoke/DirectMethodHandle$Special
instanceKlass java/lang/invoke/DirectMethodHandle$Interface
instanceKlass java/lang/invoke/DirectMethodHandle$Constructor
instanceKlass java/lang/invoke/DirectMethodHandle$Accessor
ciInstanceKlass java/lang/invoke/DirectMethodHandle 1 1 940 7 1 7 1 100 1 7 1 7 1 10 7 12 1 1 1 10 7 12 1 1 1 100 1 10 12 1 10 12 1 1 10 7 12 1 1 10 12 1 1 10 12 1 10 12 1 7 1 10 12 1 1 10 12 1 1 10 12 1 10 12 1 1 10 7 12 1 1 1 10 12 1 9 12 1 1 100 1 10 9 12 1 1 9 12 1 10 12 1 10 12 1 10 12 1 1 10 12 1 10 12 1 10 12 1 10 7 12 1 1 1 10 12 1 10 12 1 1 8 1 10 12 1 1 7 1 10 12 1 7 1 10 10 12 1 10 12 1 10 12 1 10 7 12 1 1 1 10 12 1 1 100 1 10 12 1 10 12 1 7 1 10 12 1 10 12 1 1 10 12 1 1 10 12 1 8 10 100 12 1 1 1 10 12 1 10 12 1 10 12 1 1 10 12 1 9 7 12 1 1 1 7 1 10 12 1 10 7 12 1 1 1 10 12 1 10 12 1 1 9 12 1 1 100 1 10 8 1 10 12 1 1 10 12 1 10 12 1 10 10 12 1 10 12 1 10 12 1 10 12 1 10 12 1 1 10 12 1 10 12 1 1 10 12 1 10 12 1 1 10 10 7 12 1 1 1 10 12 1 10 12 1 1 10 12 1 10 12 1 1 8 1 9 7 12 1 1 1 8 1 9 12 1 9 12 1 8 1 9 12 1 9 12 1 8 1 9 12 1 9 12 1 8 1 10 12 1 10 12 1 1 9 12 1 1 7 1 10 12 1 1 100 1 10 7 12 1 1 1 10 12 1 1 10 12 1 10 12 1 1 7 1 10 12 1 1 10 12 1 10 12 1 1 7 1 10 12 1 1 10 7 12 1 1 1 10 12 1 10 12 1 10 12 1 9 12 1 1 10 7 1 9 12 9 12 1 10 7 12 1 1 1 10 12 1 7 1 7 1 7 1 9 12 1 1 10 7 12 1 10 12 1 1 10 12 1 100 1 10 12 1 10 12 1 1 9 100 12 1 1 1 10 12 1 1 100 1 10 100 12 1 1 1 10 12 1 10 12 1 8 1 9 12 1 9 12 1 10 12 1 9 12 1 1 10 100 12 1 1 1 9 12 1 1 9 12 1 1 10 12 1 10 12 1 10 12 1 10 12 1 10 12 1 1 10 12 1 10 7 12 1 1 9 12 1 10 12 1 10 12 1 10 12 1 10 12 1 1 10 12 1 1 9 12 1 1 10 12 1 1 9 7 12 1 1 1 9 12 1 9 12 1 9 12 1 9 12 1 9 12 1 9 12 1 9 12 1 9 12 1 9 12 1 9 12 1 9 12 1 9 12 1 9 12 1 9 12 1 9 12 1 9 12 1 9 12 1 9 12 1 9 12 1 9 12 1 9 12 1 9 12 1 9 12 1 9 12 1 9 12 1 9 12 1 9 12 1 9 12 1 9 12 1 9 12 1 9 12 1 9 12 1 9 12 1 9 12 1 9 12 1 9 12 1 8 1 9 12 1 1 9 12 1 1 10 12 1 10 12 1 1 9 7 1 10 12 1 9 12 1 1 10 12 10 12 1 10 12 1 10 12 1 10 8 1 8 1 8 1 8 1 10 12 1 1 9 12 1 1 10 12 1 10 100 12 1 1 1 8 9 12 1 1 10 12 1 1 8 1 8 8 9 12 1 8 1 8 8 8 8 8 1 8 10 12 1 10 12 1 8 1 8 1 10 12 1 10 12 1 10 12 1 10 12 1 1 7 1 1 1 1 3 1 3 1 3 1 3 1 3 1 3 1 3 1 3 1 3 1 3 1 1 1 1 1 1 1 1 1 1 3 1 3 1 1 1 1 3 1 1 1 1 1 1 1 1 1 1 1 1 1 1 1 1 1 1 1 1 1 1 1 1 1 1 1 1 1 1 1 1 1 1 1 1 1 1 1 1 1 1 1 1 1 1 1 1 1 1 1 1 1 1 1 1 100 1 1 1 1 1 1 1 1 1 1 1 1 100 1 1 1 1 1 1 1 1 1 1 1 1 1 1 1 1 1 1 1 1 1 1 1 1 1 1 1 1 1 1 1 1 1 1 1 1 1 1 1 1 1 1 1 1 1 1 1 1 1 1 1
staticfield java/lang/invoke/DirectMethodHandle IMPL_NAMES Ljava/lang/invoke/MemberName$Factory; java/lang/invoke/MemberName$Factory
staticfield java/lang/invoke/DirectMethodHandle FT_UNCHECKED_REF I 8
staticfield java/lang/invoke/DirectMethodHandle ACCESSOR_FORMS [Ljava/lang/invoke/LambdaForm; 132 [Ljava/lang/invoke/LambdaForm;
staticfield java/lang/invoke/DirectMethodHandle ALL_WRAPPERS [Lsun/invoke/util/Wrapper; 10 [Lsun/invoke/util/Wrapper;
staticfield java/lang/invoke/DirectMethodHandle NFS [Ljava/lang/invoke/LambdaForm$NamedFunction; 12 [Ljava/lang/invoke/LambdaForm$NamedFunction;
staticfield java/lang/invoke/DirectMethodHandle OBJ_OBJ_TYPE Ljava/lang/invoke/MethodType; java/lang/invoke/MethodType
staticfield java/lang/invoke/DirectMethodHandle LONG_OBJ_TYPE Ljava/lang/invoke/MethodType; java/lang/invoke/MethodType
staticfield java/lang/invoke/DirectMethodHandle $assertionsDisabled Z 1
ciInstanceKlass java/lang/invoke/LambdaForm 1 1 1052 100 1 9 7 12 1 1 1 10 7 12 1 1 1 10 7 12 1 1 9 12 1 1 9 12 1 1 10 12 1 1 100 1 10 9 12 1 10 12 1 1 9 12 1 10 7 12 1 1 1 9 12 1 9 12 1 9 12 1 1 9 12 1 10 12 1 1 7 1 10 12 1 10 100 12 1 1 1 10 100 12 1 1 1 10 12 1 10 12 1 1 9 100 12 1 1 1 10 12 1 1 9 12 1 10 12 1 1 10 12 1 10 12 1 1 10 12 1 1 10 100 12 1 1 1 7 1 10 10 12 1 1 8 1 10 12 1 10 12 1 10 12 1 1 7 1 10 7 12 1 1 1 10 12 1 1 10 12 1 10 12 1 1 9 12 1 1 9 12 1 9 12 1 1 10 12 1 9 12 1 10 100 12 1 1 1 10 12 1 1 10 12 1 9 12 1 1 10 100 12 1 1 1 10 12 1 10 12 1 10 12 1 10 12 1 10 12 1 10 12 1 1 10 12 1 10 12 1 1 8 1 10 12 1 10 12 1 8 1 8 1 9 12 1 9 12 1 9 12 1 1 10 12 1 1 10 12 1 9 12 1 10 12 1 1 10 7 12 1 1 1 10 12 1 1 10 12 1 10 12 1 10 12 1 1 9 12 1 10 12 1 8 1 8 1 8 1 8 1 8 1 8 1 8 1 8 1 10 12 1 9 12 1 7 1 10 12 1 1 9 12 1 10 12 1 10 12 1 1 10 12 10 12 1 10 12 1 1 10 12 1 1 10 10 12 1 1 10 12 1 1 7 1 8 1 10 12 1 1 10 12 1 10 12 1 1 10 8 1 10 12 1 1 8 1 8 1 8 1 10 12 1 9 12 1 1 10 12 1 1 10 12 1 1 100 1 10 12 1 1 10 12 1 10 7 12 1 1 1 10 12 1 1 9 12 1 1 8 1 10 100 12 1 1 1 10 7 12 1 1 10 12 10 10 12 1 1 9 12 1 8 10 12 1 1 100 1 10 12 1 1 10 12 1 9 7 12 1 1 9 12 1 1 8 1 10 100 12 1 1 10 12 1 1 100 1 100 1 10 10 12 1 1 10 12 1 1 8 1 8 1 100 1 8 1 10 12 10 12 1 10 12 1 10 12 1 1 8 1 8 1 9 100 12 1 1 1 10 12 1 10 12 1 1 8 1 8 1 8 1 100 1 8 1 100 1 8 1 100 1 8 1 10 12 1 8 1 9 10 7 12 1 1 1 10 12 1 9 12 1 1 10 12 1 10 10 12 1 10 12 1 10 12 1 10 12 1 1 10 12 1 10 12 1 1 10 12 1 1 10 12 1 1 8 1 100 10 12 1 10 12 1 9 12 1 1 10 7 12 1 1 8 1 8 1 100 1 8 1 8 1 8 1 8 1 8 1 8 1 8 1 8 1 10 12 1 1 10 12 1 1 10 12 1 10 12 1 8 1 8 1 8 1 10 12 1 8 1 10 12 1 8 1 8 1 8 1 8 1 8 1 10 12 1 10 12 1 10 12 1 1 10 7 12 1 1 1 10 12 1 10 12 1 10 12 1 10 12 1 10 12 1 10 12 1 10 12 1 9 12 1 1 8 1 10 12 1 1 9 12 1 1 10 12 1 1 9 12 1 9 12 1 1 9 12 1 9 12 1 1 7 1 10 7 12 1 1 1 9 12 1 10 12 1 10 12 1 8 1 10 12 1 9 12 1 1 7 1 10 7 12 1 1 1 8 1 100 1 10 12 1 9 12 1 9 12 1 10 12 1 10 12 1 10 7 12 1 1 1 10 12 1 9 7 12 1 1 10 12 1 1 10 12 1 10 12 1 9 12 10 12 1 10 10 12 1 9 9 12 1 7 9 12 1 1 10 12 1 1 9 12 1 10 12 1 10 7 1 9 1 1 1 1 3 1 3 1 3 1 1 1 1 1 1 1 1 1 1 1 1 1 1 1 1 1 1 1 1 1 1 1 1 1 1 1 1 1 1 1 1 1 1 1 1 1 1 1 1 1 1 1 1 1 1 1 1 1 1 1 1 1 1 1 1 100 1 1 1 1 1 1 1 1 1 1 1 1 1 1 1 1 1 1 1 1 1 1 1 1 1 1 1 1 1 1 1 1 1 1 1 1 1 1 1 1 1 1 1 1 1 1 1 1 1 1 1 1 1 1 1 1 1 1 1 100 1 1 1 1 1 1 1 1 1 1 1 1 1 1 1 1 1 1 1 1 1 1 1 1 1 1 1 1 1 1 1 1 1 1 100 1 1 1 1 1 1 1 1 1 1 1 1 1 1 1 1 1 1 1 1 1 1 100 1 1 1 100 1 1 100 1 1 1 1 1 1 1 1 1 1 1
staticfield java/lang/invoke/LambdaForm COMPILE_THRESHOLD I 0
staticfield java/lang/invoke/LambdaForm INTERNED_ARGUMENTS [[Ljava/lang/invoke/LambdaForm$Name; 5 [[Ljava/lang/invoke/LambdaForm$Name;
staticfield java/lang/invoke/LambdaForm IMPL_NAMES Ljava/lang/invoke/MemberName$Factory; java/lang/invoke/MemberName$Factory
staticfield java/lang/invoke/LambdaForm LF_identity [Ljava/lang/invoke/LambdaForm; 6 [Ljava/lang/invoke/LambdaForm;
staticfield java/lang/invoke/LambdaForm LF_zero [Ljava/lang/invoke/LambdaForm; 6 [Ljava/lang/invoke/LambdaForm;
staticfield java/lang/invoke/LambdaForm NF_identity [Ljava/lang/invoke/LambdaForm$NamedFunction; 6 [Ljava/lang/invoke/LambdaForm$NamedFunction;
staticfield java/lang/invoke/LambdaForm NF_zero [Ljava/lang/invoke/LambdaForm$NamedFunction; 6 [Ljava/lang/invoke/LambdaForm$NamedFunction;
staticfield java/lang/invoke/LambdaForm createFormsLock Ljava/lang/Object; java/lang/Object
staticfield java/lang/invoke/LambdaForm DEBUG_NAME_COUNTERS Ljava/util/HashMap; null
staticfield java/lang/invoke/LambdaForm DEBUG_NAMES Ljava/util/HashMap; null
staticfield java/lang/invoke/LambdaForm TRACE_INTERPRETER Z 0
staticfield java/lang/invoke/LambdaForm $assertionsDisabled Z 1
ciInstanceKlass java/lang/invoke/MethodHandleNatives 1 1 684 100 1 10 7 12 1 1 1 9 7 12 1 1 1 10 12 1 1 100 1 10 10 12 1 1 10 12 1 10 12 1 8 1 8 1 8 1 8 1 8 1 8 1 8 1 8 1 8 1 8 1 10 12 1 1 7 1 10 7 12 1 1 1 10 100 12 1 1 1 7 1 10 10 12 1 1 8 1 10 12 1 8 1 10 12 1 1 8 1 10 12 1 1 9 100 12 1 1 1 8 1 10 100 12 1 1 1 100 1 10 12 100 1 100 1 8 1 7 1 10 10 12 1 7 1 9 7 12 1 1 10 12 1 1 10 12 1 10 7 12 1 1 1 7 1 10 12 1 1 10 7 12 1 1 1 10 12 1 10 12 1 1 10 12 1 1 9 12 1 8 1 10 12 1 8 1 10 12 1 8 1 8 1 8 1 100 1 10 12 1 8 1 10 12 1 1 10 12 1 10 7 12 1 1 1 100 1 8 1 10 100 12 1 1 1 7 1 8 1 10 12 1 8 1 8 1 8 1 8 1 8 1 10 12 1 1 10 12 1 1 10 12 1 10 12 1 1 10 12 1 1 7 1 10 12 1 100 1 100 1 10 12 1 10 12 1 8 1 8 1 10 10 12 1 1 10 12 1 1 8 1 10 100 12 1 1 1 8 1 8 1 10 12 1 1 10 7 12 1 1 1 100 1 10 12 1 1 7 1 9 12 1 1 10 7 12 1 1 1 10 10 12 1 9 12 1 10 12 1 1 9 12 1 9 12 1 10 12 1 1 10 12 1 10 12 1 1 7 1 7 1 10 12 1 1 10 12 1 10 12 1 1 10 7 12 1 1 1 10 12 1 8 1 10 12 1 10 12 1 10 12 1 1 10 12 1 10 7 12 1 1 1 10 12 1 1 100 1 8 1 10 9 7 12 1 1 1 10 12 1 1 10 12 1 1 100 1 10 12 1 1 10 12 1 1 100 1 100 1 10 10 100 1 100 1 10 100 1 10 10 12 1 1 10 100 1 10 12 1 10 12 1 10 12 1 1 10 12 1 1 10 12 1 1 10 12 1 10 12 1 1 10 8 1 100 1 10 12 1 10 12 1 10 12 1 10 12 1 10 12 1 1 10 12 1 9 12 1 1 10 7 12 1 1 1 9 12 1 1 11 7 12 1 1 1 10 12 1 10 12 1 10 10 12 1 10 7 12 1 1 1 1 1 1 1 1 1 1 1 1 1 1 1 100 1 1 1 1 1 1 1 1 1 1 1 1 1 1 1 1 1 1 1 1 1 1 1 1 1 1 1 1 1 1 1 1 1 1 1 1 1 1 1 1 1 1 1 1 1 1 1 1 1 1 1 1 1 1 1 1 1 1 1 1 1 1 1 1 1 1 1 1 1 1 1 1 1 1 1 1 1 1 1 1 1 1 1 1 1 1 1 1 1 1 1 1 1 1 1 1 1 1 100 1 1 1 1 1 1 1 1 1 1 1 1 1 1 1 1 1 1 1 1 1 1 1 1 1 1 1 1 100 1 1 1 1 1 1 1 100 1 1 1
staticfield java/lang/invoke/MethodHandleNatives JLA Ljdk/internal/access/JavaLangAccess; java/lang/System$2
staticfield java/lang/invoke/MethodHandleNatives $assertionsDisabled Z 1
ciInstanceKlass jdk/internal/reflect/CallerSensitive 0 0 17 100 1 100 1 100 1 1 1 1 1 1 1 1 1 1 1
ciInstanceKlass jdk/internal/reflect/ConstantPool 1 1 142 10 100 12 1 1 1 9 7 12 1 1 1 10 12 1 1 10 12 1 1 10 12 1 10 12 1 1 10 12 1 1 10 12 1 10 12 1 1 10 12 1 10 12 1 1 10 12 1 10 12 1 10 12 1 10 12 1 1 10 12 1 1 10 12 1 1 10 12 1 1 10 12 1 10 12 1 1 10 100 12 1 1 1 8 11 7 12 1 1 1 10 7 12 1 1 1 1 1 1 1 1 1 1 1 1 1 1 1 1 1 1 1 1 1 1 1 1 1 1 1 1 1 1 1 1 1 1 1 1 1 1 1 1 1 1 1 1 1 1 1 1
instanceKlass jdk/internal/reflect/UnsafeStaticObjectFieldAccessorImpl
instanceKlass jdk/internal/reflect/UnsafeQualifiedStaticFieldAccessorImpl
ciInstanceKlass jdk/internal/reflect/UnsafeStaticFieldAccessorImpl 1 1 47 10 7 12 1 1 1 9 7 12 1 1 1 10 7 12 1 1 1 9 12 1 1 8 11 7 12 1 1 1 10 7 12 1 1 1 1 1 1 1 1 1 1 1 1 1 1
instanceKlass jdk/internal/reflect/UnsafeFieldAccessorImpl
ciInstanceKlass jdk/internal/reflect/FieldAccessorImpl 1 1 59 10 7 12 1 1 1 100 1 100 1 1 1 1 1 1 1 1 1 100 1 1 1 1 1 1 1 1 1 1 1 1 1 1 1 1 1 1 1 100 1 1 1 1 1 1 1 1 1 1 1 1 1 1 1 1 1 1 1
instanceKlass jdk/internal/reflect/UnsafeFloatFieldAccessorImpl
instanceKlass jdk/internal/reflect/UnsafeLongFieldAccessorImpl
instanceKlass jdk/internal/reflect/UnsafeQualifiedFieldAccessorImpl
instanceKlass jdk/internal/reflect/UnsafeIntegerFieldAccessorImpl
instanceKlass jdk/internal/reflect/UnsafeBooleanFieldAccessorImpl
instanceKlass jdk/internal/reflect/UnsafeDoubleFieldAccessorImpl
instanceKlass jdk/internal/reflect/UnsafeObjectFieldAccessorImpl
instanceKlass jdk/internal/reflect/UnsafeStaticFieldAccessorImpl
ciInstanceKlass jdk/internal/reflect/UnsafeFieldAccessorImpl 1 1 254 10 7 12 1 1 1 9 7 12 1 1 1 10 7 12 1 1 1 10 7 12 1 1 1 9 12 1 1 10 7 12 1 1 1 9 12 1 1 10 12 1 10 12 1 9 12 1 10 12 1 1 10 7 12 1 1 10 7 12 1 1 1 10 12 1 1 7 1 10 10 12 1 1 10 12 1 1 8 1 10 10 12 1 7 1 8 1 10 12 1 8 1 10 12 1 8 1 10 12 1 100 1 10 12 1 1 10 8 1 10 12 1 1 8 1 10 100 12 1 1 8 1 10 100 12 1 1 8 1 10 100 12 1 1 8 1 10 100 12 1 1 8 1 10 100 12 1 1 8 1 10 100 12 1 1 8 1 10 100 12 1 1 8 1 10 100 12 1 1 10 12 1 1 8 1 8 1 8 1 8 1 8 1 8 1 10 100 12 1 1 1 8 1 8 1 8 1 10 12 10 12 1 1 1 1 1 1 1 1 1 1 1 1 1 1 1 1 1 1 1 1 1 1 1 1 1 1 1 1 1 1 1 1 1 1 1 1 1 1 1 1 1 1 1 1 1 1 1 1 1 1 1 1
staticfield jdk/internal/reflect/UnsafeFieldAccessorImpl unsafe Ljdk/internal/misc/Unsafe; jdk/internal/misc/Unsafe
ciInstanceKlass jdk/internal/reflect/NativeConstructorAccessorImpl 1 1 126 10 7 12 1 1 1 9 7 12 1 1 1 9 12 1 1 10 7 12 1 1 1 10 7 12 1 1 1 10 7 12 1 1 1 9 12 1 9 12 1 1 9 12 1 1 10 7 12 1 1 1 7 1 10 10 12 1 1 10 12 1 10 12 1 10 12 1 1 9 12 1 1 10 7 12 1 1 1 100 1 10 12 1 1 10 12 1 1 8 10 12 1 1 1 1 1 1 1 1 1 1 1 1 1 1 1 1 1 1 1 1 1 1 100 1 100 1 100 1 1 1 1 1 1 1
staticfield jdk/internal/reflect/NativeConstructorAccessorImpl U Ljdk/internal/misc/Unsafe; jdk/internal/misc/Unsafe
staticfield jdk/internal/reflect/NativeConstructorAccessorImpl GENERATED_OFFSET J 16
ciInstanceKlass java/lang/invoke/ConstantCallSite 1 1 65 10 7 12 1 1 1 9 7 12 1 1 1 9 12 1 1 10 7 12 1 1 1 10 12 1 100 1 10 12 9 12 1 1 100 1 10 10 12 1 1 10 12 1 1 1 1 1 1 1 1 1 1 1 1 1 100 1 1 1 1 1 1 1 1
staticfield java/lang/invoke/ConstantCallSite UNSAFE Ljdk/internal/misc/Unsafe; jdk/internal/misc/Unsafe
ciInstanceKlass java/lang/invoke/MutableCallSite 0 0 63 10 100 12 1 1 1 10 12 1 9 100 12 1 1 1 10 12 1 10 12 1 1 9 12 1 1 10 100 12 1 1 1 10 100 12 1 1 1 10 12 1 1 1 1 1 1 1 1 1 1 1 1 1 1 1 1 1 1 100 1 1 1
instanceKlass java/lang/invoke/VarHandleBooleans$FieldInstanceReadOnly
instanceKlass java/lang/invoke/VarHandleReferences$Array
instanceKlass java/lang/invoke/VarHandleInts$FieldStaticReadOnly
instanceKlass java/lang/invoke/VarHandleLongs$FieldInstanceReadOnly
instanceKlass java/lang/invoke/VarHandleByteArrayAsInts$ByteArrayViewVarHandle
instanceKlass java/lang/invoke/VarHandleByteArrayAsLongs$ByteArrayViewVarHandle
instanceKlass java/lang/invoke/VarHandleReferences$FieldStaticReadOnly
instanceKlass java/lang/invoke/VarHandleInts$FieldInstanceReadOnly
instanceKlass java/lang/invoke/VarHandleReferences$FieldInstanceReadOnly
ciInstanceKlass java/lang/invoke/VarHandle 1 1 390 10 7 12 1 1 1 10 7 12 1 1 9 12 1 1 9 12 1 1 100 1 10 8 1 10 12 1 1 10 7 12 1 1 1 10 12 1 1 10 100 12 1 1 1 9 100 12 1 1 1 10 12 1 1 10 100 12 1 1 1 10 12 1 1 9 12 1 10 12 1 9 12 1 1 10 7 12 1 1 10 12 1 9 7 12 1 1 1 9 12 1 1 10 12 1 1 100 1 100 1 10 8 1 10 12 1 1 10 12 1 8 1 10 12 1 10 12 1 10 12 1 1 9 7 12 1 1 1 10 12 1 10 12 1 1 10 12 1 10 10 100 12 1 1 1 10 12 1 1 10 12 1 1 10 100 12 1 1 1 10 100 12 1 1 1 10 100 12 1 1 1 9 12 1 1 10 9 12 1 1 10 12 1 10 12 1 10 12 1 1 10 12 1 10 100 12 1 1 1 9 12 1 1 10 12 1 1 9 12 1 10 12 1 10 12 1 10 100 12 1 1 100 1 10 9 7 12 1 1 1 9 12 1 1 10 7 12 1 1 1 10 12 1 10 12 1 10 12 1 10 12 1 10 12 1 10 12 1 1 7 1 10 10 7 12 1 1 1 9 12 1 1 8 10 12 1 1 7 1 10 12 1 1 100 1 1 1 1 1 1 1 1 1 1 1 1 1 1 1 1 1 1 1 1 1 1 1 1 1 1 1 1 1 1 1 1 1 1 1 1 1 1 1 1 1 1 1 1 1 1 1 1 1 1 1 1 1 1 1 1 1 1 1 1 1 1 1 1 1 1 1 1 1 1 1 1 1 1 1 1 1 1 1 1 1 1 1 1 1 1 1 1 1 100 1 100 1 100 1 1 1 1 1 1 1 100 1 1 1
staticfield java/lang/invoke/VarHandle AIOOBE_SUPPLIER Ljava/util/function/BiFunction; jdk/internal/util/Preconditions$1
staticfield java/lang/invoke/VarHandle VFORM_OFFSET J 16
staticfield java/lang/invoke/VarHandle $assertionsDisabled Z 1
ciInstanceKlass java/lang/invoke/MemberName 1 1 757 7 1 7 1 100 1 9 12 1 1 10 7 12 1 1 1 9 12 1 1 10 12 1 1 10 12 1 1 10 12 1 1 10 12 1 10 12 1 1 10 7 12 1 1 1 10 12 1 9 100 12 1 1 10 12 1 100 1 100 1 10 12 1 8 1 10 12 1 1 10 12 1 10 12 1 1 10 12 1 9 12 1 1 8 1 10 100 12 1 1 1 7 1 10 10 12 1 1 100 1 100 1 10 12 1 1 9 12 1 1 100 1 8 1 10 12 1 10 12 1 10 12 1 10 12 1 10 12 1 1 10 12 1 10 12 1 10 12 1 1 10 12 1 1 10 12 1 8 1 8 1 8 1 10 100 12 1 1 1 10 12 1 9 12 1 1 3 10 12 1 10 12 1 10 12 1 10 10 7 12 1 1 1 10 12 1 10 12 1 10 12 1 10 12 1 7 1 8 10 12 1 1 10 12 1 1 8 1 9 100 1 8 9 100 1 10 12 1 1 10 12 1 10 12 1 8 1 10 12 1 1 10 12 1 10 12 1 10 12 1 10 12 1 1 100 1 10 12 1 1 10 12 1 8 1 10 12 1 10 12 1 8 1 10 12 1 1 10 12 1 1 7 1 10 12 1 1 10 12 8 1 8 1 100 1 10 12 1 10 100 12 1 1 1 100 1 10 12 10 12 1 10 12 1 10 12 1 10 12 1 10 10 12 1 10 12 1 10 12 1 3 10 12 1 3 10 12 1 3 3 3 3 3 3 3 100 1 10 12 1 10 7 12 1 1 1 10 12 1 3 9 12 1 10 12 1 1 3 10 12 1 10 10 7 12 1 1 1 10 12 1 1 10 7 1 10 10 12 1 10 12 1 10 12 1 10 10 12 1 1 10 12 1 10 12 1 10 12 1 100 1 10 10 10 12 100 1 10 10 10 12 1 1 10 12 1 1 10 10 12 1 8 10 100 1 10 12 1 10 100 1 10 12 1 10 12 1 10 12 1 10 10 12 1 10 12 1 1 10 12 1 1 10 12 1 10 12 1 10 12 1 100 1 10 12 1 1 100 1 8 1 10 7 1 10 12 1 10 12 10 12 1 1 10 12 1 10 12 1 8 1 8 1 8 1 8 1 10 12 1 10 12 1 10 12 1 1 8 1 8 1 10 12 1 8 1 10 10 12 1 10 12 1 8 1 8 1 10 10 12 1 8 1 10 100 12 1 1 1 8 1 10 12 1 10 12 1 1 10 12 1 8 1 8 1 8 1 8 1 100 1 10 8 1 8 1 8 1 8 1 10 12 1 100 1 100 1 100 1 10 100 1 10 100 1 10 100 12 1 1 1 9 7 12 1 1 1 100 1 100 1 1 1 1 1 1 1 3 1 3 1 3 1 3 1 3 1 3 1 1 1 1 1 1 1 1 3 1 3 1 1 1 1 3 1 1 1 1 1 1 1 1 1 1 1 1 1 1 1 1 1 1 1 1 1 1 1 1 1 1 1 1 1 1 1 1 1 1 1 1 1 1 1 1 1 1 1 1 1 1 1 1 1 1 1 1 1 1 1 1 1 1 1 1 1 1 1 1 1 1 1 1 1 1 1 1 1 1 1 1 1 1 1 1 1 1 1 1 1 1 1 1 1 1 1 1 1 1 1 1 1 1 1 1 1 1 1 1 1 1 100 1 1 1 1 1 1 1 1 1 1 1 1 1 1 1
staticfield java/lang/invoke/MemberName $assertionsDisabled Z 1
ciInstanceKlass java/lang/invoke/ResolvedMethodName 1 1 16 10 100 12 1 1 1 100 1 1 1 1 1 1 1 1
ciInstanceKlass java/lang/StackWalker 0 0 235 9 100 12 1 1 1 10 100 12 1 1 1 100 1 10 100 12 1 1 1 10 12 1 1 11 100 12 1 1 1 10 12 1 1 10 12 1 1 10 12 1 1 100 1 8 1 10 12 1 10 12 1 10 12 1 10 100 12 1 1 9 12 1 1 9 12 1 1 9 12 1 1 9 12 1 1 10 12 1 1 9 12 1 1 10 100 12 1 1 1 11 12 1 1 100 1 8 1 10 10 100 12 1 1 9 12 1 1 10 12 1 1 10 100 12 1 1 1 10 100 12 1 1 1 18 12 1 1 100 1 8 1 10 10 12 1 1 10 100 12 1 1 1 9 100 12 1 1 11 100 12 1 1 1 10 12 1 1 1 1 1 1 1 1 1 1 1 1 1 1 1 1 1 1 1 1 1 1 1 1 1 1 1 1 1 1 1 1 1 1 1 1 1 1 1 1 1 1 1 1 1 1 1 1 1 1 1 100 1 1 15 10 100 12 1 1 1 16 15 10 12 16 1 1 1 1 1 1 1 100 1 100 1 1
ciInstanceKlass java/lang/StackStreamFactory$AbstractStackWalker 1 0 306 100 1 100 1 3 10 100 12 1 1 1 10 100 12 1 1 10 100 12 1 1 1 9 12 1 1 10 12 1 1 9 12 1 1 9 12 1 1 9 12 1 1 9 12 1 9 100 12 1 1 1 10 100 12 1 1 1 10 12 1 1 9 12 1 1 10 100 12 1 1 1 10 12 1 1 9 12 1 1 9 100 12 1 1 1 100 1 10 8 1 10 12 1 1 10 12 1 8 1 10 12 1 1 10 100 12 1 1 1 100 1 8 1 10 12 1 8 1 10 12 9 100 12 1 1 1 10 100 12 1 1 9 12 1 8 1 5 0 8 1 8 1 9 12 1 1 10 12 1 1 10 12 1 1 10 12 1 9 12 1 10 12 1 10 12 1 10 12 1 10 12 1 1 10 12 1 10 12 1 1 8 1 10 12 1 10 12 1 10 12 1 10 12 1 1 8 1 10 12 1 1 10 12 1 1 10 12 1 1 10 12 1 10 12 1 10 100 12 1 1 1 9 12 1 8 1 10 12 1 10 12 1 10 12 1 10 12 1 10 12 1 10 12 1 10 12 1 1 10 12 1 1 10 12 1 1 10 12 1 8 1 1 1 1 1 1 1 1 1 1 1 1 1 1 1 1 1 1 100 1 1 1 1 100 1 1 1 1 1 1 1 1 1 1 1 1 1 1 1 1 1 1 1 1 1
ciInstanceKlass jdk/internal/module/Modules 1 1 504 10 100 12 1 1 1 9 7 12 1 1 1 11 7 12 1 1 1 11 12 1 1 11 12 1 1 11 12 1 1 11 12 1 11 12 1 11 12 1 11 12 1 11 12 1 1 10 100 12 1 1 1 10 100 12 1 1 1 18 12 1 1 10 100 12 1 1 1 7 1 10 7 12 1 1 1 10 7 12 1 1 1 10 100 12 1 1 10 12 1 1 11 12 1 9 12 1 1 11 7 12 1 1 1 10 12 1 1 10 10 12 1 10 9 12 1 1 10 7 12 1 1 10 12 1 1 10 100 12 1 1 100 1 11 100 12 1 1 1 10 100 12 1 1 1 11 100 12 1 1 10 12 1 1 10 100 12 1 1 10 100 12 1 1 1 10 12 1 1 10 12 1 1 11 12 1 1 18 12 1 1 11 100 12 1 1 10 100 12 1 1 1 11 100 12 1 1 1 100 1 11 12 1 1 11 100 12 1 1 1 11 12 1 1 10 12 1 1 10 100 12 1 1 18 12 1 1 11 12 1 1 18 12 1 1 11 12 1 1 10 12 1 18 18 10 12 1 1 9 12 1 1 11 100 12 1 1 1 100 1 10 11 12 1 11 12 1 1 11 12 1 1 10 100 1 10 12 1 1 10 100 12 1 1 10 12 1 1 11 12 10 12 1 1 100 1 10 18 12 1 10 12 1 1 100 1 8 1 10 12 1 10 100 12 1 1 18 12 1 11 11 12 10 12 1 10 10 100 1 18 12 1 10 10 10 7 12 1 1 10 7 12 1 1 1 10 12 1 1 1 1 1 1 1 1 1 1 1 1 1 1 1 1 1 1 1 1 1 1 1 1 1 1 1 1 1 1 1 1 1 100 1 1 1 1 1 1 1 1 1 1 1 1 1 1 1 1 1 1 1 1 1 1 1 1 1 1 1 1 1 1 1 1 1 1 1 100 1 1 1 1 1 1 1 1 1 1 1 1 1 1 1 1 1 1 1 1 1 1 1 15 10 100 12 1 1 1 16 15 10 12 1 16 16 15 10 12 1 16 1 16 1 15 10 12 1 16 1 16 1 15 10 12 16 1 15 10 16 1 15 10 12 16 1 15 10 12 16 15 10 12 16 15 10 12 1 1 1 100 1 100 1 1
staticfield jdk/internal/module/Modules JLA Ljdk/internal/access/JavaLangAccess; java/lang/System$2
staticfield jdk/internal/module/Modules JLMA Ljdk/internal/access/JavaLangModuleAccess; java/lang/module/ModuleDescriptor$1
staticfield jdk/internal/module/Modules $assertionsDisabled Z 1
ciMethod java/lang/Math random ()D 978 0 11555 0 -1
ciMethod java/lang/Math sin (D)D 0 0 1 0 -1
ciMethod java/lang/StringBuilder <init> ()V 350 0 597060 0 -1
ciMethod java/lang/StringBuilder toString ()Ljava/lang/String; 378 0 492431 0 -1
ciMethod java/lang/StringBuilder append (Ljava/lang/String;)Ljava/lang/StringBuilder; 692 0 1115290 0 -1
ciMethod java/lang/StringBuilder append (C)Ljava/lang/StringBuilder; 402 0 2665263 0 -1
ciMethod java/util/Iterator hasNext ()Z 0 0 1 0 -1
ciMethod java/util/Iterator next ()Ljava/lang/Object; 0 0 1 0 -1
ciMethod java/lang/Object <init> ()V 1024 0 7867736 0 -1
instanceKlass java/nio/InvalidMarkException
instanceKlass java/nio/channels/CancelledKeyException
instanceKlass java/awt/IllegalComponentStateException
instanceKlass java/util/concurrent/CancellationException
instanceKlass sun/java2d/InvalidPipeException
ciInstanceKlass java/lang/IllegalStateException 1 1 35 10 7 12 1 1 1 10 12 1 10 12 1 10 12 1 100 1 1 1 1 5 0 1 1 1 1 1 1 1 1 1 1 1 1
instanceKlass java/util/concurrent/ThreadLocalRandom
instanceKlass java/security/SecureRandom
ciInstanceKlass java/util/Random 1 1 360 100 1 10 7 12 1 1 1 10 7 12 1 1 10 12 1 1 9 12 1 10 7 12 1 1 5 0 10 12 1 1 10 7 12 1 1 9 12 1 1 10 12 1 1 10 12 1 1 10 9 12 1 10 10 12 1 5 0 5 0 10 12 1 5 0 10 12 1 1 100 1 100 1 10 100 12 1 1 1 10 12 1 1 100 1 8 1 10 12 1 4 6 0 9 12 1 1 6 0 10 12 1 1 6 0 10 7 12 1 1 1 10 12 1 10 100 12 1 1 1 8 5 0 10 100 12 1 1 100 1 8 1 10 10 12 1 8 10 12 1 8 10 12 1 10 100 12 1 1 1 10 100 12 1 1 1 10 12 1 10 12 1 10 12 1 9 12 1 1 9 12 1 1 10 7 12 1 1 1 10 100 12 1 1 1 10 12 1 10 12 1 10 12 1 10 12 1 1 10 12 1 10 12 1 10 12 1 10 12 1 1 10 12 1 10 12 1 10 12 1 5 0 7 1 9 7 12 1 1 1 10 12 1 9 7 1 9 7 1 9 12 1 1 10 12 1 1 10 7 12 1 1 1 10 12 1 1 100 1 100 1 10 12 1 100 1 100 1 1 1 5 0 1 1 1 1 1 1 1 1 1 1 1 1 1 1 1 1 1 1 1 1 1 1 1 1 1 1 1 1 1 1 1 1 1 1 1 1 1 1 1 1 1 1 1 100 1 100 1 1 1 1 1 1 1 1 1 1 1 1 1 1 1 1 1 1 1 1 1 1 1 1 1 1 1 1 1 3 1 3 1 1 1 1 1 1 100 1 1
staticfield java/util/Random seedUniquifier Ljava/util/concurrent/atomic/AtomicLong; java/util/concurrent/atomic/AtomicLong
staticfield java/util/Random serialPersistentFields [Ljava/io/ObjectStreamField; 3 [Ljava/io/ObjectStreamField;
staticfield java/util/Random unsafe Ljdk/internal/misc/Unsafe; jdk/internal/misc/Unsafe
staticfield java/util/Random seedOffset J 24
ciInstanceKlass java/lang/Math$RandomNumberGeneratorHolder 1 1 29 10 100 12 1 1 1 7 1 10 9 7 12 1 1 1 1 1 1 1 1 1 1 1 1 100 1 1 1
staticfield java/lang/Math$RandomNumberGeneratorHolder randomNumberGenerator Ljava/util/Random; java/util/Random
ciInstanceKlass net/runelite/client/callback/Hooks 1 1 971 9 7 12 1 1 1 9 12 1 1 9 12 1 1 8 1 11 100 12 1 1 1 10 7 12 1 1 1 11 7 12 1 1 1 10 7 12 1 1 1 10 7 12 1 1 9 12 1 1 9 12 1 1 9 12 1 1 9 12 1 1 9 12 1 1 9 12 1 1 9 12 1 1 9 12 1 1 9 12 1 1 9 12 1 1 9 12 1 1 9 12 1 1 9 12 1 1 9 12 1 1 9 12 1 1 9 12 1 1 9 12 1 1 9 12 1 1 9 12 1 1 10 7 12 1 1 1 10 12 1 10 7 1 9 12 1 10 12 1 9 12 1 1 11 7 12 1 1 1 11 12 1 1 10 7 12 1 1 10 7 12 1 1 1 9 12 1 1 9 12 1 10 7 12 1 1 10 7 12 1 1 10 7 12 1 1 10 12 1 100 1 8 1 11 12 1 1 10 12 1 7 1 10 9 12 1 1 100 1 3 11 12 1 1 11 12 1 1 11 7 12 1 1 1 11 7 12 1 1 1 8 1 11 12 1 1 11 12 1 1 10 7 12 1 1 1 10 12 1 10 12 1 10 12 1 10 12 1 10 12 1 10 12 1 10 12 1 1 10 7 12 1 1 1 10 12 1 10 12 1 10 12 1 9 7 12 1 1 1 10 7 12 1 1 1 8 1 10 7 12 1 1 1 10 7 12 1 1 11 12 1 11 12 1 10 12 1 1 11 12 1 1 9 12 1 1 10 100 12 1 1 1 9 12 1 1 10 100 12 1 1 1 8 1 10 100 12 1 1 1 11 12 1 9 12 1 10 12 1 9 12 1 9 12 1 10 100 12 1 1 1 10 9 100 12 1 1 1 11 12 1 9 12 1 1 9 12 1 10 12 1 1 10 12 1 1 8 1 11 12 1 1 10 100 12 1 1 18 12 1 1 10 100 12 1 1 1 10 12 1 1 10 12 1 1 10 12 1 10 100 12 1 1 1 6 0 10 12 1 100 1 10 12 1 10 10 12 1 1 11 12 1 1 9 12 1 9 12 1 10 12 1 1 10 12 1 1 10 7 12 1 1 1 8 1 10 7 1 11 12 1 1 11 12 1 10 100 12 1 1 1 100 1 10 12 1 10 7 12 1 1 10 12 1 10 12 1 1 8 1 10 12 1 9 12 1 100 1 10 10 12 1 1 8 1 10 7 12 1 1 10 12 1 100 1 10 12 1 10 12 1 1 10 12 1 10 12 1 1 8 1 11 12 1 1 11 100 12 1 1 1 10 100 12 1 1 11 12 1 1 10 100 12 1 1 10 100 12 1 1 1 8 1 10 12 1 10 12 1 10 12 1 10 12 1 1 8 1 10 8 1 10 100 12 1 1 1 10 100 12 1 1 1 9 12 1 5 0 10 100 12 1 1 10 100 12 1 1 1 10 100 12 1 1 11 100 12 1 1 8 1 11 12 1 10 12 1 1 10 100 12 1 1 1 11 100 12 1 1 1 18 12 1 1 11 100 12 1 1 1 18 12 1 1 11 12 1 1 10 100 12 1 1 1 11 12 1 1 100 1 8 1 10 12 1 1 10 12 1 1 10 12 1 11 18 12 1 18 11 12 1 1 10 100 12 1 1 8 1 10 100 1 10 12 1 10 12 1 1 10 100 12 1 1 1 10 12 1 1 10 7 12 1 1 1 9 7 12 1 1 1 10 12 1 1 10 7 12 1 1 7 1 10 7 1 10 100 1 1 1 1 1 1 1 1 1 1 1 1 1 1 1 1 1 1 1 1 1 1 1 1 1 1 1 1 100 1 1 1 1 1 1 1 1 1 1 1 1 1 1 1 1 1 1 1 1 1 1 1 1 1 1 1 1 1 1 1 100 1 1 1 1 1 1 1 1 1 1 1 1 1 1 1 1 1 1 1 1 1 1 1 1 1 1 1 1 1 1 1 1 1 1 1 1 1 1 1 1 1 1 1 1 1 1 1 1 1 1 1 1 1 1 1 1 1 1 1 1 1 1 1 1 1 1 1 1 1 1 1 1 1 1 1 1 1 100 1 1 1 1 1 1 1 1 1 1 1 1 1 100 1 1 15 10 100 12 1 1 1 16 1 15 10 12 16 16 1 15 10 12 16 16 15 10 100 12 1 1 16 1 15 10 12 15 10 12 1 100 1 1 1 100 1 1 1 100 1 100 1 1
staticfield net/runelite/client/callback/Hooks log Lorg/slf4j/Logger; ch/qos/logback/classic/Logger
staticfield net/runelite/client/callback/Hooks CHECK J 600000000
staticfield net/runelite/client/callback/Hooks GAME_TICK Lnet/runelite/api/events/GameTick; net/runelite/api/events/GameTick
staticfield net/runelite/client/callback/Hooks BEFORE_RENDER Lnet/runelite/api/events/BeforeRender; net/runelite/api/events/BeforeRender
ciInstanceKlass ff 1 1 32 1 100 1 100 1 1 1 1 1 1 1 1 1 1 3 1 1 12 11 1 1 1 1 1 1 1 1 1 1 1 1
ciInstanceKlass aai 1 1 227 1 7 1 7 1 1 1 1 1 1 1 1 1 1 1 1 1 1 1 1 100 1 12 9 1 1 12 9 1 1 100 1 8 1 100 1 1 12 10 12 9 1 1 12 10 1 8 1 1 12 10 1 100 10 1 100 1 12 10 1 100 1 1 12 10 1 12 10 10 1 100 1 100 1 12 10 1 12 10 1 12 10 1 100 1 1 12 10 1 12 10 1 1 12 10 1 8 1 12 10 1 12 10 1 12 10 1 12 10 1 12 10 1 8 1 100 1 1 12 9 1 8 1 100 1 12 10 1 1 12 10 12 9 1 100 1 8 3 12 9 1 12 10 1 8 1 100 1 12 9 3 1 8 12 9 1 8 1 100 12 9 1 8 1 100 1 12 9 1 8 3 1 100 12 9 1 8 1 12 10 1 100 1 1 12 10 1 12 10 1 1 12 10 10 1 100 1 3 1 12 10 10 1 8 3 1 100 12 10 3 3 3 3 3 3 3 3 3 3 1 3 1 1 1 1 1
instanceKlass client
ciInstanceKlass tj 1 1 1893 1 7 1 7 1 100 1 100 1 100 1 100 1 100 1 1 7 1 1 1 1 1 1 1 1 1 1 1 1 1 1 1 1 1 1 1 1 1 1 1 1 3 1 1 1 1 1 1 1 1 1 1 1 1 1 1 1 1 1 1 1 1 1 1 1 1 1 1 1 1 1 1 1 1 1 1 1 1 3 1 1 1 12 9 1 7 1 1 12 10 1 1 1 1 12 10 3 1 1 12 10 1 1 12 9 12 9 1 1 3 12 9 1 1 12 9 1 1 1 7 1 100 12 9 3 1 100 1 12 10 12 9 3 3 1 8 1 1 12 10 1 1 12 10 1 1 12 10 1 8 1 1 12 11 3 1 7 1 12 9 1 7 12 10 3 7 1 12 9 1 12 10 3 1 7 1 12 9 3 1 7 1 12 9 1 12 10 1 1 12 9 1 7 1 1 12 9 1 7 10 3 1 12 10 3 1 100 1 12 10 1 8 1 100 10 1 8 1 1 12 10 3 1 12 10 1 1 12 10 1 100 1 1 12 10 1 1 12 9 12 9 1 7 1 1 12 10 10 1 8 1 1 8 1 12 9 3 12 9 3 3 12 9 3 12 9 3 3 3 1 1 12 10 12 9 1 100 1 1 12 10 1 100 1 12 9 1 12 9 1 7 1 1 12 10 1 7 1 1 12 9 1 7 1 1 12 10 3 1 1 12 10 3 1 1 1 12 10 1 7 1 12 10 1 7 1 12 10 1 8 1 1 12 10 1 8 1 1 12 10 1 1 12 10 1 8 1 1 12 10 1 8 1 8 1 12 10 1 8 1 1 12 10 1 8 1 1 1 12 10 1 8 1 1 1 1 7 1 1 12 9 1 12 10 1 1 12 10 1 12 10 1 1 12 10 1 100 1 12 9 1 12 10 1 12 9 12 10 1 3 3 1 1 1 1 1 12 9 1 3 3 3 1 7 1 1 12 10 12 9 3 1 7 1 12 9 3 3 3 3 3 12 9 3 1 7 1 12 10 12 9 3 3 3 1 12 10 1 12 10 3 3 3 12 9 3 1 12 10 1 1 12 10 1 1 12 10 3 1 12 10 3 3 1 8 1 12 9 1 1 12 10 1 1 1 12 10 1 7 1 1 12 10 12 9 1 8 1 12 9 3 3 3 3 1 12 10 3 1 1 1 12 10 1 12 10 1 12 10 1 1 12 10 1 12 10 1 12 10 1 1 1 8 1 3 1 12 9 1 12 10 1 1 12 10 1 12 10 3 12 9 1 7 1 1 12 10 1 1 12 10 1 12 9 1 7 12 10 10 1 1 12 10 1 1 12 10 1 12 10 3 3 3 5 0 12 9 3 1 12 10 1 12 9 1 7 1 1 12 9 3 1 100 9 12 9 3 3 1 7 3 1 12 10 3 12 9 3 1 12 10 1 12 10 3 1 1 7 1 1 12 10 12 9 1 8 1 1 12 10 1 16 1 12 10 15 1 7 1 1 12 10 15 1 1 12 18 1 1 12 10 1 12 10 1 12 10 1 12 10 1 7 10 1 7 1 1 12 9 1 8 1 7 1 12 10 1 100 12 10 12 9 1 12 10 12 9 5 0 1 7 12 10 3 1 7 1 12 9 3 1 12 10 1 12 9 1 12 10 1 1 12 10 1 1 12 10 1 12 10 1 12 10 1 3 12 9 3 1 7 1 12 9 3 3 1 7 1 12 9 1 12 10 1 8 1 7 1 8 1 12 10 12 9 1 8 1 3 5 0 5 0 1 8 1 5 0 1 100 1 12 10 3 3 1 12 10 1 8 1 1 10 1 7 1 1 12 9 1 7 1 8 1 12 10 1 1 12 10 7 1 1 12 9 1 12 10 1 7 1 1 12 9 1 1 12 10 1 7 10 1 12 10 1 1 12 10 1 12 9 1 100 1 1 12 10 1 12 10 1 1 12 10 1 12 10 1 100 1 1 1 12 10 1 8 1 12 10 1 1 12 10 1 7 9 9 3 5 0 5 0 1 8 1 1 12 10 1 12 10 12 9 1 3 1 1 12 10 7 1 12 9 3 3 12 9 1 12 10 1 1 1 1 7 1 1 12 9 1 7 1 1 12 10 1 1 12 10 10 1 1 12 10 1 8 1 1 3 1 12 10 1 1 8 1 1 8 1 3 3 1 12 10 1 1 8 12 10 1 100 1 12 10 3 1 1 12 10 3 1 12 10 1 8 3 3 12 10 1 8 3 1 12 10 1 1 3 1 8 1 7 1 12 9 1 8 1 12 10 1 8 1 100 12 9 1 8 1 8 1 12 10 1 8 1 8 1 8 1 8 1 8 1 8 1 8 1 8 1 8 1 8 1 8 3 1 100 1 12 10 1 100 1 12 10 3 1 100 1 12 10 3 12 9 1 12 10 3 12 10 1 100 10 3 12 9 3 3 1 12 10 3 12 10 3 1 1 12 10 3 3 3 3 3 3 3 3 3 1 1 1 1 1 1 7 10 1 12 10 1 1 12 10 1 7 1 12 11 1 1 1 1 1 1 1 1 1 1 3 3 1 1 1 1 16 1 12 10 15 1 1 12 18 1 1 12 10 1 100 1 12 10 12 9 1 7 1 1 12 10 1 12 10 1 7 1 8 1 12 10 1 1 12 10 1 1 12 9 1 7 1 12 9 1 7 1 12 11 1 1 1 12 10 3 1 8 1 1 3 5 0 12 9 1 7 1 12 10 12 9 3 5 0 12 9 3 10 1 3 1 8 1 1 1 12 10 1 8 1 1 3 1 3 1 12 9 1 1 12 9 1 8 1 100 1 12 10 1 8 12 10 1 1 1 12 10 1 8 1 1 12 10 1 8 1 1 1 1 12 10 1 1 1 12 10 1 1 1 100 1 12 9 1 100 1 12 11 1 100 1 1 12 10 1 100 1 1 12 11 1 100 1 12 11 1 1 12 11 3 1 1 12 11 5 0 5 0 5 0 5 0 5 0 5 0 1 1 1 1 1 1 1 1 12 10 1 8 1 1 100 12 10 1 100 1 1 12 10 1 1 1 1 1 1 8 1 7 1 1 12 9 3 3 3 3 3 3 3 3 3 3 3 3 3 3 3 3 3 3 3 3 3 1 12 10 3 3 1 12 10 3 1 8 1 1 12 10 3 1 8 1 3 1 3 3 3 3 3 3 3 3 3 3 3 3 3 3 3 3 3 3 3 3 3 1 12 10 3 3 3 12 10 3 1 8 1 1 1 3 1 1 3 1 12 10 3 3 3 3 12 10 1 1 3 3 3 3 3 1 3 12 9 1 7 1 12 11 1 1 3 1 3 3 3 3 3 3 12 10 3 3 3 3 3 3 1 8 1 3 3 3 3 3 3 3 3 3 3 3 3 3 3 1 3 3 3 1 3 3 3 3 1 1 8 1 3 1 3 3 3 1 8 1 3 3 3 3 3 3 3 3 3 1 3 3 3 3 1 1 8 1 3 3 3 3 1 1 3 3 1 1 1 12 11 1 1 1 1 12 10 1 12 10 12 10 1 1 3 3 10 1 12 10 12 9 1 12 10 1 1 12 10 1 7 10 3 1 7 1 12 10 1 8 1 1 1 12 10 1 1 1 7 1 12 9 10 12 10 12 10 1 3 1 3 1 3 1 3 12 10 3 12 10 3 3 1 100 12 10 1 3 1 1 3 3 3 3 3 1 12 10 3 12 10 3 1 8 1 1 1 1 1 1 1 12 9 1 100 12 10 1 1 12 9 1 100 12 10 1 1 12 9 3 1 100 1 1 12 10 3 1 100 1 12 10 1 100 1 1 12 9 1 100 12 10 3 100 1 12 10 3 100 12 10 3 1 12 10 1 12 10 3 1 100 12 10 1 12 9 1 100 1 12 10 1 12 9 10 1 1 12 9 3 1 100 1 1 12 10 3 100 1 12 10 3 100 1 12 10 1 1 12 9 3 100 12 10 3 1 100 12 10 12 9 1 12 10 1 8 1 12 10 1 1 1 1 1 1 8 1 1 1 1 1 12 10 3 3 1 8 1 1 1 3 3 3 1 1 3 1 7 1 12 10 3 1 7 1 1 12 10 1 8 1 7 1 12 10 5 0 1 12 10 1 12 10 1 3 1 1 1 1 12 10 1 8 1 8 1 8 1 1 12 10 1 12 11 12 10 1 1 12 10 1 9 9 3 1 1 3 1 8 1 1 8 1 12 10 1 8 3 10 10 1 12 10 1 12 10 1 1 12 10 3 1 1 1 1 1 1 1 1
staticfield tj $assertionsDisabled Z 0
ciInstanceKlass client 1 1 19004 1 7 1 7 1 100 1 100 1 100 1 100 1 1 7 1 7 1 1 1 1 1 1 1 1 1 1 3 1 3 1 1 1 1 3 1 1 1 1 1 1 3 1 1 1 1 1 1 1 1 1 1 1 1 1 1 3 1 1 1 1 1 1 1 1 1 1 1 1 1 1 1 1 1 1 1 1 1 1 1 1 1 1 1 1 1 1 1 1 1 1 1 1 1 1 1 1 1 1 1 1 1 1 1 1 1 1 1 3 1 1 1 1 1 1 1 1 1 1 1 1 1 1 1 1 1 1 1 1 1 1 1 1 1 1 1 1 1 1 1 1 1 1 1 1 1 1 1 1 1 1 3 1 1 1 1 1 1 1 1 1 1 1 1 1 1 1 1 1 1 1 1 1 1 3 1 1 1 1 1 1 1 1 1 1 1 1 1 1 1 1 1 1 1 1 1 1 1 1 1 1 1 1 1 1 1 1 1 1 1 1 1 1 1 1 1 1 1 1 1 1 1 1 1 1 1 1 1 1 1 1 1 1 1 1 1 1 1 1 1 1 1 1 1 1 1 1 1 1 1 1 1 1 1 1 1 1 1 1 1 1 1 1 1 1 1 1 1 1 1 1 1 1 1 1 1 1 1 1 1 1 1 1 1 1 1 1 1 1 1 1 1 1 3 1 1 1 1 1 1 1 1 1 1 1 1 1 1 1 1 1 1 1 1 1 1 1 1 1 1 1 1 1 1 1 1 1 1 1 1 1 1 1 1 1 1 1 1 1 1 1 1 1 1 1 1 1 1 1 1 1 1 1 1 1 1 1 3 1 1 1 1 1 1 1 1 1 1 1 1 1 1 1 1 1 1 1 1 1 1 1 1 1 1 1 1 1 1 1 1 1 1 1 1 1 1 1 1 1 1 1 1 1 1 1 1 1 1 1 1 1 1 1 1 1 1 1 1 1 1 1 1 1 1 1 1 1 1 1 1 1 1 1 1 1 1 1 1 1 1 1 1 1 1 1 1 1 1 1 1 1 1 1 1 1 1 1 1 1 1 1 1 1 1 1 3 1 3 7 1 12 10 7 1 12 9 3 7 1 1 12 10 3 3 7 1 1 12 9 7 12 9 3 12 10 1 12 9 3 3 12 9 3 3 1 7 1 1 12 10 3 3 1 7 1 1 12 10 3 12 9 1 7 1 1 12 10 3 1 12 10 7 1 12 9 12 9 7 1 1 12 9 3 7 1 12 10 3 3 12 9 3 3 1 7 1 12 9 3 12 9 3 3 3 3 3 1 1 12 10 3 3 3 3 12 9 1 1 1 7 1 12 9 1 1 12 10 12 9 1 7 1 12 9 7 12 9 3 12 9 12 9 1 12 9 3 12 9 12 9 12 9 12 9 12 9 1 12 10 4 4 4 4 1 1 3 7 12 9 1 7 1 1 12 10 6 0 1 1 12 10 12 9 3 1 1 12 9 3 12 9 1 7 1 12 9 3 1 1 1 1 1 12 10 12 9 1 100 1 8 1 1 12 10 1 100 1 12 10 1 12 10 1 3 1 7 1 12 10 1 1 100 1 7 3 1 12 10 1 7 1 1 12 10 1 1 12 10 3 1 7 1 12 10 1 1 12 10 3 7 1 12 10 7 7 1 1 12 9 12 9 1 7 1 12 9 7 1 12 9 12 9 3 12 9 3 7 12 9 3 7 1 12 10 3 7 9 7 1 1 12 9 3 1 7 12 9 3 12 9 1 7 1 12 9 7 12 9 3 12 9 7 1 12 10 7 1 1 12 9 3 12 9 3 12 9 1 8 1 7 1 12 10 3 1 7 9 1 1 12 10 12 10 7 12 9 7 12 9 1 1 12 10 12 9 7 12 9 12 9 1 12 10 1 7 1 1 12 10 7 1 12 9 1 7 12 10 7 1 1 12 9 12 9 3 7 1 12 9 3 12 10 1 8 1 7 12 9 1 8 7 1 12 10 3 1 100 1 12 10 3 7 9 1 8 12 10 1 12 9 1 8 1 7 12 9 1 12 10 1 8 7 1 12 9 1 8 7 1 12 9 1 8 3 1 7 1 12 10 7 12 9 1 8 1 7 1 12 10 1 7 1 12 10 12 9 12 9 3 3 1 12 10 1 1 12 10 3 3 1 1 12 10 1 100 10 1 8 1 1 12 10 3 1 12 10 12 10 1 7 1 12 10 1 100 1 1 7 3 7 1 12 10 1 7 12 10 1 8 1 3 3 100 12 10 3 3 3 3 3 3 3 3 3 1 1 12 9 1 7 1 1 12 10 1 3 12 9 1 8 1 1 12 9 3 100 12 10 1 8 1 1 1 12 10 7 1 12 9 1 7 9 3 1 12 9 12 9 3 1 7 1 12 10 1 7 1 12 9 1 12 9 7 1 1 12 10 12 9 1 7 1 12 10 1 1 12 9 1 8 1 1 12 9 3 1 7 12 9 1 100 1 12 11 3 12 9 1 3 12 9 1 8 12 9 3 1 1 12 9 1 12 9 3 12 9 1 12 10 3 3 3 3 3 12 9 7 1 12 9 3 7 1 12 10 3 100 12 10 3 7 1 12 10 3 12 9 1 7 12 9 3 12 9 12 9 12 9 3 3 3 3 1 7 1 12 10 100 1 12 9 7 1 12 10 3 100 1 12 10 12 9 3 7 1 12 9 1 7 1 12 10 12 9 7 1 12 9 3 12 9 3 3 12 9 12 9 1 12 9 3 3 12 10 12 9 7 1 1 12 10 3 7 12 10 3 100 1 12 10 12 9 7 1 12 10 12 9 3 3 9 3 12 10 3 9 3 12 9 1 12 10 12 9 3 9 3 9 3 5 0 1 1 12 10 1 12 10 12 9 100 1 3 12 9 12 10 1 100 3 7 1 12 10 1 1 8 1 7 1 12 10 1 12 10 1 100 1 7 10 1 1 12 10 1 100 1 12 10 1 100 1 12 10 1 12 10 1 100 1 1 12 10 1 1 12 10 1 100 1 1 12 10 1 7 1 12 11 1 1 12 11 1 100 1 1 12 10 1 100 10 1 12 10 1 12 10 1 8 1 1 7 1 12 10 3 3 9 3 7 12 9 3 12 9 3 1 12 9 1 7 12 9 1 1 12 9 3 12 9 1 12 10 7 1 12 10 3 12 9 1 12 9 3 3 12 9 3 9 3 9 3 12 9 3 1 12 9 1 100 7 1 1 12 9 1 1 1 7 1 7 10 1 8 1 8 1 7 1 1 12 11 1 8 100 1 12 10 3 1 1 12 10 10 100 10 1 1 12 10 3 1 8 1 12 10 12 9 3 12 10 12 9 1 12 9 1 12 10 1 12 9 1 8 1 8 1 12 10 12 9 3 7 1 12 10 12 9 3 12 10 1 12 10 1 8 1 100 1 1 12 11 12 9 1 8 1 1 12 10 12 9 3 12 9 1 3 7 1 12 10 1 1 12 10 12 9 12 10 1 12 9 3 1 1 3 7 1 1 12 10 100 1 7 1 1 12 9 12 9 7 12 9 7 12 9 3 9 3 3 1 7 12 10 3 3 3 3 3 3 12 9 7 3 1 12 9 12 9 9 3 1 12 9 3 12 9 3 3 12 10 12 9 3 1 12 10 100 10 12 10 9 9 3 3 9 3 12 9 3 9 3 9 3 3 12 10 7 1 12 9 3 7 1 12 10 9 3 3 3 1 100 1 12 9 3 12 9 9 3 9 3 3 1 12 10 1 12 9 12 9 1 12 9 3 12 10 9 3 9 3 3 1 7 12 9 12 10 100 12 9 3 3 3 3 1 12 10 12 10 3 12 10 1 1 12 9 1 7 12 10 12 9 1 7 12 9 3 1 12 9 3 7 12 9 3 12 9 3 3 1 7 9 3 3 1 1 7 1 8 1 12 10 3 1 12 10 1 12 10 1 100 10 1 8 1 12 10 100 1 12 10 1 12 10 12 9 1 8 1 1 1 12 10 1 12 9 1 3 1 12 10 1 3 1 12 10 3 1 7 1 12 10 12 9 3 3 3 3 3 7 1 12 9 3 3 3 7 1 12 9 3 7 1 12 9 1 7 1 12 9 7 12 9 1 12 9 7 12 9 9 12 9 9 12 9 7 1 12 10 1 1 12 9 3 1 12 10 3 12 10 1 1 12 10 1 1 12 9 12 9 3 1 12 10 3 3 1 12 10 1 7 1 12 9 12 9 3 1 12 10 1 7 1 12 9 7 10 12 9 7 1 12 10 1 7 1 12 10 1 12 10 10 1 12 10 1 12 10 3 12 10 1 12 9 3 1 12 10 3 7 1 12 10 1 12 10 12 9 1 8 1 12 10 7 12 9 1 7 1 1 12 11 1 12 11 7 10 7 1 12 9 1 12 10 1 7 1 12 10 7 1 1 12 9 12 9 3 7 12 10 1 8 12 9 3 12 9 12 9 1 7 1 12 11 1 3 100 1 12 9 1 3 1 1 12 9 3 4 4 12 9 3 3 4 1 12 10 3 3 1 7 1 12 10 3 3 10 6 0 3 12 9 3 3 3 7 12 10 9 3 100 1 12 10 1 1 1 1 12 9 12 10 1 1 1 1 12 10 12 9 12 9 12 9 4 4 4 4 1 7 1 1 12 10 1 1 12 10 1 1 1 12 9 1 12 9 1 3 7 1 12 10 1 1 7 1 1 12 9 3 12 10 7 1 1 12 9 7 12 9 12 10 3 7 12 10 1 12 10 12 10 3 12 10 1 100 12 10 100 1 12 10 3 1 7 12 10 100 12 10 1 8 1 10 1 12 10 1 7 1 12 10 1 12 10 1 12 10 1 12 10 1 1 12 10 3 3 3 1 12 10 3 12 10 1 8 1 1 1 12 10 3 9 1 8 1 12 10 3 9 1 8 3 12 9 3 3 3 12 9 3 1 12 9 3 1 7 1 12 10 7 1 1 12 9 3 7 9 3 12 10 1 12 9 1 7 1 7 1 12 10 1 7 1 1 12 9 3 7 1 12 9 9 12 10 3 9 3 10 3 10 12 9 12 9 3 7 1 12 10 3 1 12 10 5 0 7 12 9 3 10 3 12 10 3 3 5 0 5 0 3 3 1 12 10 12 9 3 1 8 12 9 3 12 9 3 12 9 3 3 1 7 1 12 10 1 1 12 10 1 7 9 3 1 7 1 1 12 9 1 12 9 1 12 9 1 12 9 1 12 9 1 12 9 1 12 9 1 12 9 1 12 10 10 1 7 10 1 12 10 1 1 12 10 1 12 11 1 100 1 1 7 1 12 9 7 12 9 12 9 1 12 11 1 8 1 8 1 12 10 3 9 1 7 1 1 12 9 1 1 12 10 3 1 1 12 10 12 9 7 1 12 9 12 9 3 12 10 12 9 3 3 1 12 10 12 10 3 10 1 7 1 12 9 12 9 12 9 3 7 10 3 3 12 10 12 9 3 7 1 1 12 10 3 3 1 7 12 10 3 12 10 1 12 9 3 3 3 3 12 9 3 1 100 1 12 11 1 12 11 3 12 11 1 100 1 12 11 3 1 12 11 1 12 11 3 3 3 7 1 1 12 10 3 12 10 3 1 12 10 3 3 3 1 12 10 3 100 12 10 3 3 12 10 10 1 12 10 1 8 1 12 10 1 8 3 3 3 1 1 12 10 3 12 9 3 1 100 11 3 1 12 11 12 9 3 3 3 3 3 3 3 3 1 8 1 12 10 1 8 3 12 10 1 8 3 3 3 1 12 10 1 8 1 12 11 3 12 10 10 1 8 3 3 3 3 3 1 12 10 3 1 12 10 12 9 3 1 12 10 3 1 7 1 12 10 12 9 3 3 10 9 12 9 3 10 3 1 12 10 3 3 12 9 3 3 3 9 12 10 3 3 12 10 5 0 7 1 12 9 12 9 3 10 1 7 1 12 10 3 10 5 0 12 10 7 12 9 3 10 3 7 12 9 3 12 9 3 3 3 9 9 1 1 12 10 3 100 12 9 3 12 10 3 12 9 3 10 3 3 1 12 10 12 9 3 3 12 9 3 1 7 1 12 9 12 9 3 1 12 10 3 12 9 3 12 9 3 3 3 3 3 3 3 1 12 10 3 12 9 3 12 9 3 3 1 12 9 3 3 7 1 12 10 3 3 3 1 12 9 3 7 10 3 1 12 10 3 3 3 12 9 1 7 1 12 9 7 1 12 9 3 12 10 100 12 9 7 1 12 9 12 10 7 1 12 9 12 9 100 12 9 1 12 10 1 12 10 12 10 3 1 7 1 12 10 3 1 12 10 12 9 3 3 3 3 3 1 100 12 9 3 12 9 3 1 12 9 3 12 9 3 3 9 12 9 3 12 9 3 3 12 9 3 3 12 9 3 12 9 3 3 7 12 9 7 12 9 1 12 10 3 3 12 10 3 1 12 9 12 9 3 3 3 3 7 1 12 10 1 12 10 3 9 1 100 10 7 10 1 12 10 12 9 12 9 3 3 3 1 1 12 10 3 1 12 10 12 9 3 1 12 10 3 3 12 9 3 9 3 3 12 10 3 3 3 3 3 1 12 9 12 9 3 3 3 3 3 3 3 12 9 12 9 3 12 9 12 9 3 12 9 1 100 1 12 10 3 3 12 9 3 12 9 3 3 100 1 12 10 3 3 3 3 3 7 1 12 9 12 9 3 3 12 9 3 3 3 1 12 10 3 12 10 12 9 3 12 10 3 3 1 7 10 3 3 12 9 3 12 9 3 3 3 3 3 3 12 9 3 5 0 12 9 12 10 3 5 0 12 9 3 5 0 12 9 3 7 1 12 10 3 12 10 12 9 3 3 3 1 12 10 3 1 12 10 3 12 10 1 8 1 8 10 1 12 9 3 1 7 12 9 3 3 12 9 3 3 12 9 3 7 12 10 7 12 10 3 1 12 10 3 12 9 3 3 1 7 12 10 12 9 3 3 3 1 12 9 12 9 3 3 3 1 12 10 3 3 3 3 3 10 3 12 10 3 10 3 3 3 3 3 3 3 1 8 1 100 1 1 12 9 12 9 12 9 1 12 10 5 0 1 12 9 1 12 10 5 0 1 1 12 9 9 10 7 9 5 0 12 9 5 0 1 12 10 1 12 10 1 12 9 5 0 12 10 5 0 12 9 5 0 100 1 3 7 1 12 9 3 12 9 9 9 3 9 12 9 3 9 3 9 12 9 3 9 12 9 12 9 12 9 9 3 9 12 9 12 9 10 1 1 12 9 3 100 10 1 12 10 1 1 12 10 3 12 10 3 7 1 12 10 7 12 9 3 3 1 12 10 12 9 3 12 9 3 9 3 12 10 3 3 12 9 1 1 1 1 12 10 3 1 8 3 3 12 10 12 9 12 9 1 8 3 5 0 5 0 12 9 3 1 12 9 7 12 9 12 9 3 7 1 12 10 1 8 1 3 1 7 1 12 10 1 7 10 1 3 1 12 10 1 3 1 12 10 1 3 12 9 3 12 9 7 1 12 9 1 12 10 1 7 12 10 3 12 10 12 9 12 9 7 12 9 12 9 3 3 9 3 12 9 1 7 12 10 3 3 12 9 7 1 12 10 3 3 1 1 12 10 1 8 7 12 9 1 7 1 12 9 3 1 12 9 3 1 12 10 3 1 7 12 10 1 8 1 3 3 3 3 3 12 10 12 9 3 12 10 3 3 3 3 3 3 3 3 3 3 3 12 10 12 9 3 3 3 12 10 3 3 3 3 3 12 9 3 12 9 3 3 3 3 3 3 3 3 3 3 3 12 9 3 3 3 3 3 3 3 3 3 3 3 1 1 1 100 11 3 1 12 9 1 8 1 8 1 7 1 1 12 10 15 12 18 3 7 1 12 10 1 12 10 1 12 10 12 10 12 10 12 10 12 10 12 10 12 10 12 10 1 7 10 12 10 12 10 12 10 12 10 12 10 12 10 12 10 1 12 10 1 1 12 9 1 7 1 12 9 12 9 1 1 12 9 1 12 9 1 12 10 12 10 1 1 1 7 1 12 9 3 3 100 9 1 12 10 7 12 9 12 10 1 12 10 12 10 12 10 1 12 10 3 1 12 10 9 12 9 3 12 9 3 1 12 10 3 7 1 12 10 1 12 10 1 12 10 9 1 1 12 10 1 12 10 12 10 1 12 10 12 10 12 10 12 9 12 10 3 12 10 3 12 10 1 12 10 9 12 9 12 9 1 8 1 1 12 10 15 5 0 1 7 1 1 12 10 15 1 12 17 1 12 18 1 7 10 1 1 12 10 1 1 12 10 12 10 12 9 7 10 12 10 9 12 9 12 9 12 9 9 3 1 12 10 12 10 1 1 12 9 1 7 1 1 12 10 1 12 9 3 12 9 3 3 3 1 7 12 10 12 9 12 9 1 12 9 1 12 10 3 9 100 1 12 10 12 9 12 9 9 12 9 3 12 9 12 9 12 9 3 7 1 12 10 12 9 12 9 12 9 12 9 12 9 12 9 12 9 3 1 12 9 3 12 9 12 9 3 1 12 10 12 9 9 3 12 9 12 9 3 12 9 3 12 10 1 8 1 12 9 12 9 7 1 12 10 12 9 12 9 100 12 9 1 1 1 12 10 1 1 7 1 12 9 1 1 1 7 1 1 12 10 1 10 12 9 1 8 1 12 10 1 1 12 10 7 12 9 10 12 9 3 1 12 10 12 9 12 9 1 8 12 9 7 10 12 9 12 9 10 12 9 7 10 3 12 9 12 9 10 12 9 12 9 10 10 12 9 10 12 9 3 12 10 3 12 9 12 9 3 3 12 9 3 10 12 9 12 9 12 9 12 9 10 12 9 3 3 12 9 3 12 9 12 9 10 10 12 9 10 12 9 12 9 12 9 12 9 12 9 12 9 12 9 12 9 12 9 12 9 12 9 12 10 10 12 9 12 9 12 9 3 10 12 9 12 9 3 12 9 3 12 9 5 0 12 9 12 9 3 12 9 5 0 12 9 12 9 5 0 9 12 9 12 9 12 9 12 9 12 9 3 12 9 12 9 12 9 12 9 3 12 9 1 12 10 12 9 12 9 12 9 3 12 9 12 9 1 7 10 12 9 5 0 12 9 12 9 12 9 12 9 7 10 12 9 5 0 12 9 12 9 12 9 1 7 10 12 9 12 9 12 9 12 9 10 7 12 9 12 9 3 12 9 3 12 9 10 3 12 9 10 12 9 12 9 12 9 12 9 12 9 12 9 12 9 12 9 3 12 9 12 9 3 12 9 12 9 12 9 12 9 12 9 12 9 12 9 12 9 10 1 7 10 12 9 3 12 9 3 12 9 12 9 12 9 12 9 1 7 10 12 9 12 9 7 12 9 12 9 12 9 12 9 12 9 12 9 3 3 7 10 12 9 12 9 12 9 3 10 12 9 12 9 12 9 12 9 3 3 3 12 9 1 7 10 12 9 12 9 12 9 12 9 1 1 12 10 12 9 1 8 1 8 12 9 1 12 10 12 9 12 9 12 9 1 1 12 10 6 0 12 9 12 9 6 0 12 9 1 16 1 12 10 15 1 7 1 1 12 10 15 1 12 18 12 9 12 9 1 8 1 7 1 1 12 10 12 9 12 9 12 9 12 9 12 9 12 9 12 10 12 9 12 9 7 12 9 12 10 1 1 1 1 12 9 1 7 12 10 10 1 12 10 1 12 10 12 10 1 12 10 1 12 10 7 9 9 3 1 1 12 10 12 9 3 12 9 12 10 7 12 9 1 12 10 1 1 12 10 3 1 12 10 12 10 1 12 10 12 10 1 8 9 3 12 10 12 10 3 9 3 1 12 9 9 3 9 3 9 3 9 3 9 3 1 12 10 3 12 10 3 1 12 10 3 12 10 10 3 1 12 10 12 10 7 1 12 9 3 12 10 3 1 100 10 3 10 3 10 3 3 1 12 9 3 10 1 12 10 3 1 12 10 3 10 1 12 9 1 100 1 12 9 1 100 12 9 1 12 10 1 12 10 1 1 7 10 1 9 3 1 1 1 12 10 1 7 10 1 12 9 7 12 9 7 1 12 9 3 10 12 9 12 9 12 9 3 1 1 12 10 12 9 1 1 12 10 1 12 9 7 1 12 9 12 10 1 100 1 12 10 1 12 10 1 12 9 100 12 10 1 12 10 12 10 12 10 12 10 12 10 10 1 12 9 1 7 10 1 100 1 1 12 10 5 0 1 8 5 0 17 12 18 12 10 1 1 1 12 10 1 12 10 1 1 12 10 1 1 10 3 9 3 9 3 1 1 12 9 1 12 10 10 3 9 1 1 12 10 3 12 9 12 9 12 9 1 12 10 4 1 1 12 10 1 12 10 12 9 12 9 12 9 12 9 12 9 3 3 6 0 3 3 1 7 12 10 1 1 12 10 1 7 12 10 7 1 1 1 12 9 1 1 3 7 1 12 10 100 1 12 10 3 12 10 3 1 12 10 3 12 10 3 12 10 3 1 100 12 10 1 12 10 7 1 12 10 3 12 9 3 12 9 1 12 10 3 1 1 12 10 3 12 9 1 1 12 9 1 12 9 12 9 1 100 1 1 12 11 1 3 1 12 10 7 12 10 3 100 12 10 4 3 3 1 8 1 12 9 3 12 9 3 9 1 9 3 3 1 1 12 10 1 1 12 9 3 1 12 10 100 1 12 11 3 1 100 10 12 10 3 12 9 1 12 9 1 12 9 100 1 12 10 3 1 12 10 3 10 12 9 9 3 1 12 10 3 3 3 1 12 10 3 1 1 12 10 4 12 10 1 1 12 10 1 12 10 1 7 1 12 10 3 3 3 1 8 1 8 1 8 1 1 12 10 1 3 1 12 10 1 1 1 1 12 10 1 100 1 12 10 1 1 12 10 1 7 1 12 10 1 12 10 12 10 1 12 10 1 11 1 8 1 1 12 10 1 7 1 1 12 11 1 100 1 12 10 11 9 1 12 10 12 10 3 100 1 12 10 9 3 3 1 12 10 3 3 3 3 1 1 3 100 1 12 9 12 9 100 1 12 10 12 9 12 9 12 9 1 12 10 12 9 1 1 12 10 12 9 1 12 10 12 9 1 7 1 12 9 1 12 9 12 10 3 12 10 12 9 1 12 9 1 8 3 7 1 12 10 1 8 100 1 12 10 1 8 1 8 1 8 100 10 1 12 9 3 1 12 10 1 12 9 12 9 7 1 12 10 100 10 7 1 12 9 9 3 100 1 12 10 1 12 10 12 9 12 9 1 100 12 9 3 1 12 10 3 1 12 10 12 9 12 9 100 12 9 100 1 12 9 9 3 3 12 10 1 1 12 9 3 1 12 10 1 100 1 12 10 10 12 9 1 12 9 10 7 1 12 9 12 9 7 1 12 9 12 9 3 1 100 1 12 11 12 9 12 9 3 1 12 10 3 100 1 12 10 12 9 12 9 12 9 12 9 1 8 3 1 12 10 3 100 10 7 12 9 1 8 7 1 12 9 7 1 12 10 12 9 1 12 9 12 9 12 9 12 9 12 9 12 9 7 12 9 12 9 12 9 12 9 12 9 12 9 1 12 10 12 9 12 9 12 9 12 9 3 1 12 10 1 100 1 12 10 1 12 9 7 12 9 12 10 12 9 7 12 10 9 1 8 1 8 1 8 12 9 1 8 1 8 1 8 1 8 3 3 1 12 10 1 12 10 12 9 3 12 9 3 1 12 10 3 1 100 10 3 10 12 9 7 12 9 3 1 12 10 3 1 100 9 12 9 12 9 12 9 10 12 9 9 1 12 10 3 100 1 12 10 3 1 12 10 3 1 12 10 12 9 100 12 9 12 9 9 3 3 100 10 100 12 9 9 3 100 10 100 12 9 12 9 12 9 1 7 12 9 100 1 12 10 1 12 10 3 100 10 100 1 12 9 100 9 9 3 12 9 12 9 3 9 3 12 9 9 3 1 12 10 12 9 9 9 3 3 9 3 7 1 12 10 3 100 1 12 10 6 0 3 9 1 100 1 12 10 12 9 12 9 3 9 3 10 9 3 1 7 12 9 3 9 12 9 9 3 12 9 9 3 100 1 8 3 1 12 10 10 12 9 12 9 12 10 3 7 1 12 10 3 12 9 3 12 10 3 3 12 9 12 9 9 3 7 1 12 10 12 9 1 12 10 7 10 9 3 9 12 9 7 12 9 12 10 1 8 1 7 1 1 12 10 12 9 12 9 3 12 9 1 8 12 9 1 12 10 12 9 1 12 10 3 1 12 10 3 1 12 10 3 12 9 1 12 10 9 1 12 10 3 3 3 1 8 3 3 3 3 1 100 12 10 3 10 12 9 3 12 10 6 0 10 1 12 10 12 9 3 9 3 7 100 12 10 3 1 12 10 3 12 10 7 9 3 3 9 3 3 7 10 3 3 3 1 7 12 10 3 1 100 10 3 3 3 3 3 3 3 3 3 3 3 1 1 1 1 1 12 9 1 100 11 11 9 3 9 3 1 12 9 3 1 1 1 3 1 8 1 100 1 3 12 10 3 3 3 3 3 3 3 3 3 3 3 3 3 3 3 3 3 3 3 3 3 3 3 1 1 3 9 3 3 12 9 3 3 10 3 1 12 10 3 3 3 1 12 10 3 3 12 10 3 3 3 3 3 3 3 3 3 3 3 3 3 3 3 3 3 3 3 3 3 3 1 1 1 1 12 10 3 3 3 3 3 3 3 3 3 1 12 9 9 1 12 10 9 12 9 12 9 3 9 3 10 7 1 12 9 7 12 10 9 12 9 12 10 9 3 9 12 9 12 10 7 12 9 11 7 1 12 9 3 7 1 12 10 12 9 3 3 1 12 10 100 10 7 1 12 10 1 12 9 12 10 3 12 10 1 7 1 1 12 10 7 1 1 12 9 100 10 10 12 9 12 10 1 100 1 1 12 9 1 12 9 12 9 1 7 10 10 3 1 12 10 1 1 1 3 3 3 3 3 3 3 3 3 3 3 3 3 1 12 9 1 12 9 1 1 8 1 9 3 3 12 10 1 12 10 9 3 3 12 10 3 3 3 3 3 3 1 1 12 10 3 12 10 1 12 10 7 12 10 12 10 12 10 1 12 10 12 9 1 12 10 12 9 1 12 10 4 1 12 10 6 0 12 9 1 12 10 1 12 10 4 1 8 1 12 11 1 12 10 3 3 12 9 12 9 12 9 3 10 12 9 12 9 12 9 12 9 12 9 12 9 12 9 12 9 12 9 3 9 12 10 3 12 9 12 9 9 12 9 12 9 12 9 12 9 12 9 12 9 3 12 9 12 9 12 9 12 9 12 9 12 9 12 9 12 9 12 9 12 9 12 9 12 9 3 12 9 12 9 12 9 12 9 12 9 12 9 12 9 12 9 12 9 3 3 3 12 9 12 9 12 9 12 9 12 9 12 9 12 9 12 9 12 9 12 9 12 9 12 9 12 9 12 9 12 9 12 9 12 9 12 9 12 9 12 9 12 9 12 9 12 9 12 9 1 8 12 9 12 9 12 9 12 9 12 9 12 9 3 3 12 9 12 9 12 9 12 9 12 9 12 9 12 9 12 9 12 9 12 9 12 9 12 9 3 3 3 3 3 3 3 12 9 9 9 3 12 9 12 9 12 9 3 12 9 12 9 12 9 12 9 12 9 12 9 1 8 1 8 1 8 3 12 9 12 9 12 9 3 3 12 9 9 12 9 3 3 3 3 3 3 3 3 3 3 3 3 3 3 3 3 3 3 3 3 3 3 3 12 9 1 3 3 3 3 3 3 3 3 3 1 1 12 10 1 12 10 12 9 12 9 3 3 1 12 10 12 10 3 3 3 3 3 3 10 3 12 10 1 1 1 12 10 3 12 10 10 9 3 12 10 9 3 12 9 12 10 1 1 12 10 1 3 3 3 3 3 3 3 3 3 3 3 3 3 3 3 3 3 3 3 3 3 3 3 3 3 3 3 12 10 3 12 10 100 12 10 5 0 1 1 12 10 1 3 7 12 10 9 3 3 3 12 9 3 1 100 12 10 5 0 1 1 12 10 3 3 3 3 3 12 10 12 9 3 3 12 10 12 10 12 9 3 3 7 12 10 1 1 12 10 9 12 9 3 3 12 10 3 10 12 9 3 9 3 9 3 3 12 9 3 3 5 0 12 9 5 0 3 3 3 3 3 3 3 3 3 3 5 0 3 3 3 1 1 12 10 1 12 10 12 9 3 3 1 12 10 12 9 3 3 9 3 5 0 5 0 12 9 3 3 12 10 3 3 3 3 3 3 3 12 9 3 3 12 9 3 3 3 10 3 12 10 3 12 10 1 7 12 9 12 10 3 3 9 1 12 10 1 12 10 3 7 12 10 3 9 12 9 3 3 1 12 10 7 12 9 3 3 1 12 10 12 9 12 9 3 7 1 12 9 1 12 10 3 12 10 3 1 12 10 3 3 3 7 1 12 10 12 10 3 3 12 10 3 12 10 3 12 10 1 12 10 12 9 10 3 9 3 1 12 10 3 10 12 9 3 3 3 12 10 7 12 10 3 3 3 3 3 1 12 10 3 1 12 10 3 12 10 3 3 3 9 3 100 12 10 12 10 1 12 9 12 10 3 12 10 3 3 3 100 1 12 10 3 100 12 11 12 11 12 11 12 11 12 9 3 3 1 12 10 3 1 12 10 3 1 12 10 3 12 10 3 12 10 1 12 10 1 12 10 12 9 9 12 9 3 3 3 3 3 3 3 3 3 10 1 12 10 1 12 10 3 12 10 3 12 10 1 12 10 3 11 3 3 11 3 3 3 7 1 12 10 3 10 3 11 3 3 3 3 3 3 3 7 1 12 10 12 10 3 3 3 12 10 3 3 3 12 9 3 3 3 3 3 3 3 3 3 3 3 3 3 3 3 3 3 3 3 3 3 12 10 3 3 3 3 3 12 9 3 9 3 3 3 3 3 3 3 3 3 3 3 3 3 3 3 12 10 3 3 12 10 3 7 12 10 3 12 10 3 10 1 12 10 3 3 12 9 3 10 11 11 1 12 10 1 12 11 3 3 3 3 10 1 1 1 1 12 10 1 12 9 12 9 3 3 3 3 12 9 12 9 3 3 3 12 9 3 3 3 3 3 3 3 3 3 3 3 12 9 12 10 100 12 10 3 12 10 7 12 9 3 12 10 12 9 100 12 9 3 12 9 9 12 9 12 9 12 9 12 9 12 9 10 12 9 3 12 10 3 3 1 12 10 100 9 3 12 9 10 3 10 1 12 9 10 3 10 1 12 9 7 1 12 9 3 12 10 12 10 100 9 3 100 10 3 3 3 100 9 3 100 10 12 9 3 3 3 9 3 100 10 3 3 3 3 3 3 3 3 10 3 3 3 3 3 100 10 3 3 3 3 3 3 3 3 3 3 3 3 3 3 3 3 3 3 3 3 3 3 3 3 3 3 3 3 3 3 3 3 3 3 1 1 12 10 1 11 1 12 9 1 12 10 12 9 1 12 10 12 10 1 12 10 8 1 12 10 1 12 10 1 100 10 1 8 1 7 1 1 12 10 1 1 12 10 1 7 1 12 10 1 1 12 10 1 12 10 1 12 10 1 12 10 1 12 10 1 8 1 1 12 10 10 12 11 1 12 10 1 8 1 7 1 12 10 1 1 12 10 1 7 10 1 1 12 10 1 12 10 1 12 10 1 7 10 1 7 1 12 10 10 12 10 100 10 1 3 1 9 1 1 1 1 7 12 9 12 9 12 9 12 9 9 1 12 9 12 9 12 9 12 9 12 9 12 10 12 9 9 3 3 1 12 10 1 12 10 12 9 10 9 9 3 9 12 9 9 3 9 3 9 3 9 3 3 10 12 10 3 12 10 12 10 12 10 12 10 12 10 10 1 12 10 12 10 12 10 12 10 9 3 1 12 9 1 7 9 3 12 10 3 3 12 9 12 9 3 9 3 3 100 1 1 3 1 7 1 12 9 1 1 12 10 12 10 10 7 9 3 12 10 1 1 12 9 100 1 3 1 12 10 100 12 9 1 12 10 4 4 1 3 100 12 10 10 3 10 1 1 1 12 9 9 12 9 1 12 10 9 5 0 5 0 3 3 1 3 100 3 1 12 10 1 12 10 3 3 1 12 10 3 1 12 10 1 3 3 3 3 1 3 3 3 3 3 3 3 3 3 3 3 3 3 3 3 3 3 3 3 3 3 1 3 1 12 10 1 1 8 1 1 3 9 3 9 1 12 10 12 9 1 12 10 3 10 3 1 1 1 8 1 100 1 1 12 10 12 9 3 1 1 1 7 12 10 1 3 1 12 10 12 9 1 7 10 1 12 10 12 9 3 9 3 9 9 12 9 1 100 1 8 1 12 10 3 12 10 3 1 8 3 1 12 10 1 8 3 1 8 1 12 10 3 100 1 12 10 3 12 10 1 8 1 8 3 10 1 8 1 8 1 8 1 1 12 10 3 12 10 1 8 1 1 12 10 3 1 8 100 1 12 10 1 12 10 1 8 3 1 8 1 8 3 3 1 8 1 8 12 9 1 8 1 12 10 1 8 8 1 8 3 1 8 1 8 12 10 1 8 1 8 3 3 3 3 1 12 10 3 1 8 3 1 8 3 1 8 3 12 10 1 8 12 9 3 3 100 3 3 3 3 3 3 3 3 3 3 3 3 3 3 3 3 3 3 3 3 3 1 9 12 9 12 9 12 9 12 9 9 12 9 12 10 12 9 5 0 9 3 10 1 12 10 1 12 10 1 12 10 12 9 5 0 9 3 12 10 12 10 9 5 0 9 3 12 10 12 10 9 5 0 9 3 12 10 3 3 3 3 3 3 3 3 3 3 3 3 3 3 3 3 3 3 3 3 1 1 1 12 10 1 12 9 5 0 1 1 1 12 10 1 1 12 10 3 1 12 10 3 3 3 3 12 9 3 12 9 12 9 3 1 12 10 3 3 7 12 9 3 3 12 9 3 12 9 12 9 12 9 3 100 1 12 9 3 9 1 12 9 12 9 3 3 12 10 12 9 3 3 3 3 3 3 3 3 3 3 3 3 3 3 3 3 3 3 3 3 3 3 3 3 3 3 3 3 1 1 1 12 10 1 1 12 10 3 3 3 3 3 3 3 3 3 3 3 3 3 3 3 3 3 3 3 3 1 100 1 12 10 1 1 1 12 10 1 1 3 1 1 12 10 1 12 9 1 12 9 3 3 3 3 3 3 3 3 3 3 3 3 3 3 3 3 3 3 3 3 3 3 3 3 3 3 3 3 3 3 3 3 3 3 3 3 3 3 3 3 3 1 3 12 9 1 12 10 3 3 1 12 10 3 10 12 10 3 12 10 12 9 12 9 10 7 12 9 12 9 12 9 12 9 3 1 12 10 12 9 10 3 10 3 1 12 10 1 1 12 9 1 8 12 10 1 100 1 12 10 1 12 10 1 12 10 3 10 10 12 10 1 12 9 3 1 12 10 1 12 10 3 12 10 9 9 3 9 3 12 11 10 3 12 10 1 12 10 1 12 10 3 12 10 1 12 9 9 3 9 3 9 3 12 9 5 0 12 9 9 3 3 9 3 9 5 0 12 9 3 7 11 3 12 10 3 1 12 10 7 1 12 10 3 12 10 3 1 7 12 10 12 9 12 10 3 12 10 1 8 3 1 100 1 12 10 1 12 10 3 3 3 3 1 12 9 3 12 10 1 1 12 10 3 3 3 3 3 3 3 3 3 3 3 1 3 9 3 12 10 3 12 9 3 3 12 9 3 3 3 1 12 10 1 12 9 12 9 3 9 12 9 1 3 3 3 3 12 9 3 12 9 12 9 3 3 3 3 12 9 3 3 3 3 3 3 12 9 3 3 3 3 3 3 3 3 3 3 3 1 3 12 9 3 3 3 3 3 3 12 10 9 3 12 10 12 9 12 10 3 9 3 3 3 3 3 3 3 3 3 3 1 3 12 9 3 3 3 3 3 3 3 3 3 3 3 3 3 3 3 3 3 12 10 12 9 12 10 3 12 10 1 12 10 3 9 3 3 1 12 10 12 9 12 9 3 3 9 3 12 10 3 9 12 10 12 9 3 3 1 12 10 12 9 12 10 3 12 10 3 12 10 3 12 10 1 12 10 12 10 12 9 3 12 10 12 10 12 9 3 3 3 3 12 10 12 9 3 9 3 3 9 3 3 3 12 9 3 12 10 3 3 1 12 10 12 9 12 10 3 3 3 12 9 1 12 10 12 9 3 3 3 1 1 12 10 3 1 12 10 3 3 12 9 12 10 3 1 12 10 10 12 9 3 12 10 3 1 12 10 100 3 12 9 1 12 10 1 12 10 3 3 3 1 12 10 12 10 3 3 9 3 100 12 10 12 9 3 1 12 10 3 12 9 3 12 10 3 10 12 9 1 12 10 3 12 10 3 3 12 9 1 12 10 12 9 3 3 3 3 3 3 3 12 10 3 3 3 3 3 3 1 12 10 12 9 12 10 3 3 3 3 12 10 3 3 3 3 3 3 1 12 10 1 12 10 3 3 12 10 100 3 12 10 3 12 9 3 3 3 3 10 3 7 1 12 10 1 12 10 12 9 3 3 3 12 9 9 3 1 12 10 3 12 10 3 3 12 9 3 9 12 9 3 3 12 9 3 9 3 9 3 3 3 3 9 9 9 3 12 9 3 9 12 9 3 3 12 9 3 9 3 12 9 3 3 3 3 3 9 3 3 12 9 100 1 12 9 3 1 12 10 12 9 3 3 12 10 3 10 12 9 10 3 10 12 9 3 3 3 3 3 3 3 12 9 3 3 3 3 3 3 1 12 10 12 9 12 9 12 9 3 3 1 12 10 12 9 3 3 3 1 12 10 12 9 3 12 10 12 9 12 10 12 9 7 1 12 9 100 1 12 10 3 1 12 10 1 12 9 3 1 100 9 9 1 100 1 12 11 3 12 10 12 9 12 9 12 9 3 100 1 12 10 12 9 3 3 3 3 3 1 12 10 12 9 3 3 3 3 3 12 10 12 9 3 3 9 3 12 10 3 3 3 9 3 3 3 3 9 9 12 9 3 3 3 3 3 3 3 3 3 3 3 3 3 3 3 3 12 9 10 1 12 10 9 5 0 5 0 9 3 1 12 10 12 9 3 12 10 3 3 100 12 10 12 9 3 12 9 3 3 3 3 3 3 12 10 3 3 3 3 3 1 100 3 3 12 10 12 9 3 3 1 8 10 3 12 9 3 7 9 3 10 12 9 3 3 12 9 3 3 3 3 3 1 12 10 3 3 3 3 3 12 9 3 3 3 3 3 3 3 3 3 12 9 10 12 10 9 3 9 3 3 3 3 1 12 10 12 9 3 10 12 9 3 3 12 9 12 10 12 9 3 3 7 12 10 3 12 10 12 9 3 12 9 3 12 9 3 12 9 12 9 3 3 3 3 3 3 1 12 10 12 9 3 12 9 3 3 12 10 12 9 3 3 3 3 12 10 12 9 3 3 3 3 3 3 12 9 3 1 12 10 12 9 3 3 3 12 10 12 9 3 3 1 12 10 12 9 3 3 3 3 3 3 3 3 3 3 100 1 12 10 12 9 3 3 3 3 3 12 9 12 9 3 12 10 3 3 3 12 10 3 12 9 3 3 12 9 3 12 10 3 1 12 10 12 9 3 10 12 9 3 3 3 3 3 3 3 3 3 3 3 12 9 12 9 3 12 9 3 3 12 10 12 9 3 12 9 3 3 3 3 3 3 12 9 12 9 3 12 9 3 3 5 0 12 9 1 12 10 3 10 12 9 3 3 3 3 9 12 9 3 9 3 3 3 3 9 3 12 9 3 3 3 3 12 9 10 3 12 10 3 3 3 12 10 12 10 3 12 10 3 3 3 12 10 3 1 1 12 10 12 9 3 12 9 3 3 12 9 3 3 3 3 3 12 9 3 3 1 12 10 3 7 12 10 12 9 3 12 10 100 10 12 9 3 3 3 3 1 12 10 12 9 3 12 9 3 12 9 3 12 9 3 12 9 3 12 9 3 12 10 12 9 3 3 3 3 3 3 3 3 3 3 3 3 3 3 3 3 3 3 3 9 12 9 3 12 10 3 1 12 10 9 3 3 12 9 3 12 10 12 9 12 9 3 1 7 1 12 10 12 9 7 1 12 9 3 1 12 10 12 9 3 12 9 12 9 3 7 12 9 12 9 3 100 12 10 3 12 9 12 9 12 9 3 3 3 12 10 12 9 1 12 10 10 3 12 9 3 100 10 12 9 3 3 3 1 12 10 3 12 9 3 3 100 1 12 10 7 1 12 10 100 3 1 12 10 3 1 12 10 12 9 12 9 3 12 9 3 3 3 3 3 3 3 3 3 3 3 3 3 3 3 12 9 3 3 3 3 9 3 3 3 3 3 3 3 12 9 3 3 7 1 12 10 12 10 12 9 12 10 12 9 3 10 3 10 12 9 3 12 9 3 3 3 3 3 3 3 3 3 3 3 3 12 9 12 9 3 12 9 3 3 12 9 12 9 3 3 3 3 3 12 9 12 9 12 9 12 9 12 9 3 3 3 3 3 3 3 3 100 12 10 3 3 12 9 3 3 3 3 12 9 12 9 3 3 9 3 3 1 12 10 12 9 3 12 10 3 12 9 3 3 12 9 12 9 12 9 3 3 3 3 3 3 12 9 3 3 3 3 12 9 3 3 1 8 12 9 3 9 12 9 3 3 12 9 12 9 3 3 9 9 3 3 3 3 3 3 9 1 12 10 12 9 3 12 9 3 3 3 3 3 3 3 3 3 3 3 3 12 9 12 9 3 3 3 3 3 3 3 3 3 3 3 12 9 3 3 3 3 12 9 3 12 9 1 12 9 3 7 1 12 10 3 12 10 12 9 3 3 1 12 10 12 9 3 3 3 3 3 3 1 12 10 12 9 3 3 3 3 12 9 3 3 9 3 3 3 3 3 9 12 9 12 9 3 3 100 1 12 10 12 10 3 1 12 10 12 9 3 3 3 3 3 3 3 3 3 3 3 12 9 3 3 3 3 3 3 3 3 3 12 9 3 3 7 12 10 12 9 3 1 7 1 12 10 3 12 10 1 7 100 1 12 9 1 12 10 3 1 12 10 3 12 10 3 10 3 12 9 3 1 12 10 3 3 3 1 12 10 1 7 1 12 10 1 12 10 7 1 12 10 9 3 7 1 12 10 1 12 9 12 9 3 3 3 1 12 10 12 9 3 3 3 3 7 1 12 10 12 9 3 12 9 12 9 3 3 3 7 1 12 10 12 9 3 3 12 9 3 3 12 9 3 12 9 3 3 3 3 3 3 12 10 12 10 12 9 3 12 9 3 3 3 3 3 3 3 3 3 3 100 100 100 1 1 8 12 18 1 9 1 8 3 3 3 3 3 3 3 3 3 3 3 3 3 3 3 3 3 3 3 3 3 3 1 12 9 1 1 1 7 1 1 12 10 1 12 10 1 3 3 1 12 10 3 3 3 3 3 3 3 3 3 3 3 3 3 3 3 3 1 9 3 9 12 9 12 9 1 12 10 3 12 10 9 3 3 10 12 9 3 12 10 3 10 12 9 3 10 3 12 10 1 1 12 10 9 9 3 12 9 12 9 9 3 3 3 3 1 12 10 1 12 10 12 10 9 3 3 9 3 10 12 9 3 3 10 3 3 12 10 3 12 9 12 9 1 1 1 12 10 100 1 12 10 3 3 1 12 10 3 3 3 3 1 1 12 10 3 12 10 1 12 10 3 3 3 3 3 3 1 1 3 3 3 3 3 3 3 3 3 3 3 3 1 1 12 9 1 12 9 5 0 3 3 3 3 3 3 3 3 3 1 3 3 12 10 3 3 3 3 3 3 12 10 1 9 3 3 3 7 9 9 3 9 3 100 1 12 10 12 10 3 1 12 10 3 9 3 3 1 12 10 3 100 1 12 10 3 3 9 9 3 3 3 100 12 10 3 12 9 3 3 1 100 10 3 1 12 10 1 12 9 3 12 9 3 3 12 9 3 1 3 1 8 1 1 7 1 12 10 1 12 10 100 1 12 9 12 9 3 1 12 10 3 1 12 9 9 12 9 12 9 12 9 12 9 3 3 12 9 3 12 9 3 12 9 3 12 9 3 12 9 12 9 1 1 1 12 10 3 3 10 3 9 3 3 100 12 10 3 3 12 10 6 0 1 100 12 10 6 0 3 3 1 12 10 3 3 10 3 3 3 3 3 3 12 10 3 3 3 3 3 3 6 0 3 100 1 12 10 3 3 6 0 3 3 3 3 3 3 3 3 3 3 3 3 3 10 3 3 3 3 3 3 3 3 10 1 3 1 3 1 3 1 12 10 12 10 3 12 10 3 1 12 10 12 10 1 1 1 12 10 12 10 5 0 5 0 5 0 12 9 3 12 9 3 1 8 1 3 3 3 3 1 12 10 3 12 9 3 10 3 3 3 3 12 9 3 3 3 3 3 3 3 3 3 3 3 3 3 3 3 3 3 3 3 3 1 3 9 9 3 9 3 12 9 12 9 9 3 12 9 9 3 9 3 9 9 3 9 9 3 9 12 9 3 9 9 9 3 12 9 9 3 9 9 3 9 3 9 12 9 3 9 9 9 3 12 9 9 3 9 3 9 9 1 1 7 1 12 10 12 9 12 9 12 9 1 12 10 12 9 9 1 7 10 1 12 10 1 12 10 1 12 10 1 12 10 1 12 10 3 3 3 3 3 3 3 3 3 3 3 3 3 3 3 3 3 3 3 3 3 3 3 3 3 3 3 3 3 3 3 3 18 3 3 12 10 3 12 10 3 3 1 12 9 3 1 12 10 1 12 10 1 12 9 12 9 12 9 3 3 10 3 3 3 3 3 3 3 3 12 10 3 12 10 3 3 3 3 12 10 9 3 3 3 3 3 3 1 12 10 1 12 10 3 3 9 3 12 10 9 3 12 9 12 9 9 3 9 3 9 3 12 9 3 3 3 3 1 12 10 3 12 10 3 1 12 10 3 3 3 12 9 1 12 10 1 1 12 10 12 9 12 9 1 1 12 10 1 7 1 1 12 10 1 7 10 1 12 10 12 9 6 0 6 0 12 10 1 7 10 1 100 1 12 9 1 3 3 3 3 3 3 3 3 3 3 3 3 1 12 10 12 10 3 12 10 1 8 1 3 9 3 9 12 9 3 9 3 9 3 9 3 3 3 3 1 3 3 10 9 12 10 3 3 3 3 3 3 9 9 12 9 12 9 3 3 3 10 3 3 100 1 12 10 9 3 9 3 3 3 1 12 10 3 3 3 3 4 1 12 10 3 10 12 9 100 1 12 11 3 1 12 10 1 3 3 3 3 3 3 3 3 3 3 3 3 3 3 3 3 3 3 3 3 3 3 3 3 3 3 3 3 3 3 1 12 9 12 10 12 9 12 10 12 10 12 9 1 12 9 1 12 9 1 3 12 10 3 3 3 3 3 3 3 3 3 3 3 3 3 3 1 8 1 12 11 3 3 3 3 3 3 3 1 12 10 1 3 100 1 12 10 3 3 3 100 1 12 10 3 1 12 10 3 10 3 3 3 3 3 1 12 11 1 3 12 10 3 3 12 10 12 9 12 9 12 10 1 3 3 3 3 3 3 3 3 3 3 3 3 1 12 10 1 1 1 12 10 4 1 12 10 1 3 12 10 12 10 12 10 12 10 1 8 1 12 10 1 12 10 1 8 18 1 8 18 1 8 18 12 10 3 3 3 3 3 3 3 3 3 3 3 3 3 3 3 3 3 3 3 3 3 3 3 3 3 3 3 3 3 3 3 3 3 3 9 3 10 3 9 1 12 10 3 9 12 9 12 9 12 9 3 9 1 1 12 9 1 1 1 12 10 1 1 1 12 10 1 7 1 1 12 9 1 7 10 1 12 10 1 12 10 1 12 10 12 10 1 1 1 12 10 1 9 3 3 1 12 10 12 9 1 3 1 7 10 1 1 12 10 1 12 10 3 3 9 3 3 1 12 10 3 9 3 1 12 10 3 3 3 3 3 3 1 12 9 3 3 3 3 3 3 12 10 9 3 3 9 3 3 3 9 3 3 3 3 3 3 3 9 1 12 9 12 9 3 9 3 3 3 9 9 3 3 9 3 12 10 3 9 3 9 3 3 3 3 9 3 3 9 3 3 9 3 3 3 3 3 3 3 3 3 3 3 1 1 3 3 3 10 3 3 3 3 3 3 3 3 3 3 3 3 1 1 12 10 1 3 1 1 12 10 6 0 4 12 10 3 3 3 3 3 3 3 3 3 3 3 3 3 3 3 3 3 3 3 3 3 1 3 1 3 3 12 10 3 3 3 3 3 3 3 3 3 3 3 3 3 3 3 3 3 3 3 3 3 3 3 3 3 3 3 3 3 3 3 3 3 3 3 3 3 3 3 3 3 3 3 3 3 3 3 3 3 3 3 3 3 3 3 3 3 3 3 3 3 3 3 3 3 3 3 3 3 3 3 3 3 3 3 3 3 3 3 3 3 3 3 3 3 3 3 3 3 3 3 3 3 3 3 3 3 3 3 3 3 3 3 3 3 3 3 3 3 3 3 3 3 3 3 3 3 3 3 3 3 3 3 3 3 3 3 3 3 3 3 3 3 3 3 3 3 3 3 3 3 3 3 3 3 3 3 3 3 3 3 3 3 3 3 3 3 3 3 3 3 3 3 3 3 3 3 3 3 3 3 3 3 3 3 3 3 3 3 3 3 1 12 10 1 12 9 7 12 9 12 10 3 10 12 9 3 3 1 12 10 3 12 10 3 1 100 1 12 10 1 8 3 3 10 3 1 3 1 12 10 1 12 9 3 3 3 3 3 3 3 3 3 3 3 1 1 12 10 1 1 3 1 100 1 12 10 3 3 12 10 12 10 1 1 12 10 1 12 10 3 3 7 1 12 10 3 1 12 10 1 8 3 12 10 3 3 3 1 12 10 12 10 12 10 12 10 3 9 3 9 1 12 10 1 12 10 1 12 10 1 12 10 1 1 1 12 10 1 3 7 12 10 12 10 1 9 3 1 6 0 6 0 1 7 1 12 10 1 3 3 3 3 1 3 3 3 3 3 3 3 3 3 3 3 3 3 3 3 3 3 3 3 3 3 1 3 3 3 3 1 3 12 10 3 1 12 10 3 3 1 7 1 12 10 3 3 1 12 10 1 3 3 3 3 3 3 3 3 3 1 1 1 12 10 3 3 3 3 3 3 3 3 3 3 1 3 3 1 1 1 12 10 3 3 1 1 3 100 12 10 3 12 9 3 1 12 9 9 3 10 3 12 10 3 3 10 12 9 3 3 3 3 1 12 10 1 12 10 3 3 10 3 3 9 3 12 10 3 3 3 3 12 10 3 3 100 10 100 9 3 3 3 3 3 7 10 3 3 3 100 1 12 10 3 3 3 100 12 10 3 3 3 3 10 3 3 3 100 1 12 10 3 3 3 3 3 100 10 12 10 3 3 1 12 10 1 12 10 1 12 10 3 3 3 10 3 10 3 1 12 10 3 12 10 10 3 3 12 10 12 9 3 3 3 1 12 10 3 12 10 3 12 10 1 12 10 12 9 3 3 3 3 3 3 3 3 3 3 3 3 3 3 3 3 3 3 3 3 3 3 3 3 3 3 3 3 3 3 3 3 3 3 3 3 3 3 3 3 3 3 3 3 3 3 3 3 3 3 3 3 3 3 3 3 3 3 3 3 3 3 3 3 3 3 3 3 3 3 3 12 9 3 3 100 12 9 3 3 3 3 3 3 3 3 3 3 3 3 3 3 1 12 10 3 3 3 3 12 9 1 1 12 10 1 7 1 7 1 1 12 10 1 7 1 7 1 1 12 9 1 12 10 12 9 1 8 1 7 1 1 12 10 1 12 10 1 12 10 1 7 10 1 8 1 12 11 1 3 3 3 3 3 3 3 3 3 3 3 3 3 3 3 3 3 3 3 3 3 1 12 10 3 3 1 1 12 10 1 3 1 12 10 3 3 3 3 3 3 3 12 9 3 3 3 3 3 9 3 3 3 3 3 3 9 9 1 12 10 3 3 9 3 3 12 9 3 9 3 3 9 3 3 9 3 3 9 3 9 3 3 9 3 3 9 3 9 3 3 9 3 3 9 3 9 3 3 9 3 9 3 9 12 9 3 12 10 3 9 3 9 3 12 10 3 3 3 1 12 10 3 3 3 1 12 10 3 9 3 3 3 1 12 10 3 3 3 9 3 9 1 12 10 12 9 3 100 12 10 3 3 3 9 3 3 1 12 10 12 9 3 3 3 3 3 3 3 3 3 3 3 12 9 3 3 3 3 3 1 12 10 12 9 12 9 3 9 3 3 9 3 3 9 3 9 3 3 9 3 9 12 9 3 3 1 12 10 12 9 3 3 3 3 1 12 10 3 1 12 10 3 12 10 1 100 1 8 18 10 3 3 3 3 3 3 3 3 3 3 3 3 3 3 3 3 3 3 3 3 3 3 3 3 3 3 3 3 3 3 3 3 3 3 3 3 3 3 3 3 3 3 3 3 3 3 3 3 3 3 3 3 3 3 3 3 3 1 1 3 3 3 3 3 3 3 3 3 3 3 3 3 3 3 3 3 3 3 3 3 3 3 3 3 1 12 10 1 3 1 12 10 12 10 12 9 12 10 10 12 10 3 3 5 0 3 1 7 1 12 10 3 1 12 10 3 3 3 3 3 3 3 3 3 12 9 12 9 9 3 9 3 1 12 10 12 9 1 8 1 3 1 12 10 1 1 100 10 1 1 7 10 1 3 1 12 10 1 3 3 10 3 3 1 3 3 3 1 1 1 12 10 3 3 1 1 1 1 1 3 1 12 10 1 12 10 100 10 12 9 3 10 9 3 10 12 9 3 3 9 1 12 10 1 12 10 12 10 1 1 12 10 3 1 1 10 3 9 3 9 12 9 3 9 3 3 1 1 12 9 12 9 12 9 12 9 12 9 7 12 9 7 12 9 12 10 9 3 1 12 10 1 12 10 12 10 3 3 3 3 3 3 3 3 3 3 3 3 1 3 3 3 3 3 3 3 1 1 12 10 5 0 5 0 12 9 3 3 1 3 12 10 1 7 10 3 3 1 1 1 12 10 15 1 12 18 1 3 3 3 3 1 1 12 9 9 1 1 3 1 1 1 8 3 12 10 7 1 12 10 12 9 1 1 12 10 9 3 9 3 9 3 1 8 1 12 18 1 1 100 1 100 1 1 12 10 12 11 1 12 10 1 12 9 3 3 3 3 3 3 1 3 3 12 9 3 100 1 12 10 3 1 12 10 1 12 10 3 1 12 10 3 100 1 12 10 3 12 10 3 3 12 9 3 3 1 12 10 12 9 3 3 1 3 3 3 3 3 1 12 10 3 3 10 3 10 1 1 1 7 1 12 10 12 10 3 3 3 3 1 12 10 3 3 3 3 3 3 3 3 3 3 3 3 3 3 3 3 3 3 3 3 1 3 1 1 1 3 3 10 3 3 3 10 3 3 3 9 3 9 3 3 3 1 12 10 1 1 1 8 12 10 12 9 12 9 1 3 3 1 3 1 9 3 1 1 12 10 3 10 3 10 3 10 3 3 3 3 3 12 9 3 1 12 10 3 3 3 3 3 3 9 3 10 3 3 3 3 3 3 3 3 3 3 3 3 3 3 3 1 1 12 9 3 3 9 3 9 3 3 100 12 10 3 3 3 3 9 3 3 3 1 12 10 3 3 3 3 3 3 3 10 3 3 3 3 3 3 3 3 3 3 3 3 3 3 3 1 1 1 10 12 10 12 10 1 3 1 3 1 3 3 1 12 9 9 3 12 9 12 10 9 3 1 12 10 1 12 10 12 9 1 12 10 9 3 9 3 1 12 10 12 9 12 9 12 10 12 10 1 12 10 1 12 10 3 1 12 9 3 12 10 1 12 10 12 10 3 3 1 12 10 1 12 9 1 12 10 1 12 10 5 0 3 3 3 3 3 3 12 10 100 12 10 12 10 1 12 10 3 3 3 3 3 3 3 3 3 3 3 3 3 3 3 3 3 3 12 9 10 9 12 9 12 9 12 10 12 9 12 9 12 10 12 9 12 10 1 3 3 3 3 3 1 1 12 10 1 1 9 3 1 1 1 1 1 1 1 12 9 1 3 1 12 10 12 10 12 10 12 10 9 3 1 12 10 12 10 12 10 12 10 1 7 1 12 10 12 9 3 1 12 10 1 12 10 1 3 10 12 10 3 3 1 100 12 9 1 8 12 10 1 8 1 8 1 8 18 1 1 12 10 1 7 1 1 12 10 1 7 1 1 12 11 1 12 10 1 7 1 7 1 1 12 9 1 1 12 10 1 12 11 11 12 10 12 10 1 7 10 1 1 12 10 1 1 1 12 10 1 1 3 3 1 9 3 9 3 9 3 9 3 9 3 9 3 9 3 9 3 7 9 3 1 1 12 10 12 10 12 10 12 10 1 3 9 3 10 3 10 100 1 12 10 3 1 12 10 3 3 1 12 10 1 12 10 3 1 12 10 3 3 3 12 10 3 3 1 12 10 12 9 1 8 1 1 1 3 3 3 3 3 3 3 3 3 3 3 3 3 3 3 1 1 1 8 1 8 3 1 8 1 8 1 8 1 8 1 8 3 1 8 1 8 1 8 1 8 1 8 3 12 9 4 1 12 10 12 10 12 10 3 3 10 12 10 12 10 12 9 9 12 9 9 1 12 10 12 10 15 18 1 12 10 1 3 10 3 10 3 10 3 1 1 12 10 10 10 12 10 12 10 12 10 12 10 1 12 10 1 12 10 12 10 1 12 10 3 3 3 3 3 3 3 3 3 3 3 3 3 3 3 3 3 1 12 10 3 3 3 3 1 12 10 3 3 3 3 3 3 3 1 3 3 3 3 3 3 3 3 3 3 3 3 1 3 12 10 12 10 12 10 12 10 1 1 3 1 12 10 3 3 12 10 3 3 3 3 3 3 3 3 3 3 3 3 3 3 3 3 3 3 3 3 3 3 3 3 3 3 3 3 3 3 3 3 3 3 3 3 3 3 3 3 3 3 3 3 3 3 3 3 3 3 3 3 3 3 3 3 3 3 3 3 3 3 3 3 3 3 3 12 10 12 10 10 3 3 12 10 3 3 3 3 3 3 3 3 3 3 3 12 10 3 3 3 3 3 3 3 3 3 3 12 10 3 3 3 3 1 8 1 12 10 12 9 1 12 10 12 10 1 12 10 1 12 10 1 12 10 1 12 10 1 12 10 1 12 10 5 0 1 12 10 12 9 12 9 12 9 12 9 9 12 9 12 9 12 9 12 9 12 10 12 10 12 10 1 12 10 1 12 10 1 1 12 10 1 12 10 1 12 10 1 12 10 1 12 10 1 12 10 1 12 10 12 10 10 10 1 7 1 12 9 1 12 9 1 12 9 1 1 12 10 12 9 12 9 4 4 9 3 12 9 3 4 100 1 1 12 10 1 3 1 1 1 12 10 1 12 10 10 3 9 3 3 3 3 3 3 10 3 3 3 9 12 10 3 3 3 1 12 10 3 3 3 3 3 1 12 10 1 12 10 3 3 1 12 9 1 8 3 3 10 3 3 12 9 3 3 3 3 12 9 12 9 3 12 9 3 3 3 3 12 10 3 3 3 3 3 1 12 10 12 9 3 3 1 100 10 1 12 9 12 9 3 100 1 12 10 3 1 12 10 3 3 9 3 12 10 3 12 10 12 10 9 3 3 3 10 1 12 10 3 3 9 3 3 3 3 9 3 3 9 3 12 10 3 1 12 10 3 3 1 12 10 3 3 1 12 10 3 3 3 3 3 3 3 3 3 3 3 3 3 3 1 12 10 3 3 3 3 3 3 3 3 3 12 10 3 3 3 3 3 3 3 3 3 3 3 3 3 3 3 3 3 3 3 3 3 3 12 10 3 3 1 12 10 3 3 3 12 10 3 1 12 10 3 3 3 3 9 3 3 1 12 10 3 3 3 3 3 1 12 10 3 100 1 1 1 3 3 3 3 3 3 3 3 3 3 3 3 3 3 3 3 3 3 3 3 3 3 3 3 3 3 3 3 3 3 3 3 3 3 3 3 3 3 3 3 3 3 3 3 3 3 3 12 9 1 1 12 10 10 1 12 10 1 12 10 12 10 1 12 10 12 10 12 10 3 3 3 3 3 3 3 3 3 3 3 1 1 100 1 12 10 1 12 10 3 7 1 12 10 3 3 3 3 3 3 3 3 3 12 9 3 3 3 3 12 9 1 3 9 3 9 3 9 3 9 1 1 3 1 12 9 1 8 1 7 10 1 12 10 1 12 9 1 12 9 1 12 9 1 12 9 3 3 3 3 3 3 3 3 3 3 1 3 3 3 1 1 12 9 12 10 1 100 1 1 12 10 1 1 1 7 1 12 10 1 1 1 1 100 1 1 12 9 1 12 9 1 12 9 1 12 9 1 12 9 1 12 9 1 3 3 3 12 9 3 3 3 1 1 12 9 12 10 12 10 12 9 12 9 3 3 3 12 9 3 3 12 9 3 3 12 9 12 9 3 3 12 9 3 3 3 3 3 3 12 9 3 3 3 3 12 9 3 3 100 12 9 3 3 3 3 3 3 3 3 3 3 3 3 12 10 3 10 1 12 10 3 12 9 3 3 12 10 12 9 3 1 12 10 3 9 3 3 12 9 3 3 12 9 3 3 3 3 3 3 12 9 3 3 3 3 3 3 3 12 9 3 12 9 3 3 12 9 3 3 1 12 10 3 3 3 3 3 3 3 3 12 9 3 3 3 12 9 3 3 3 12 9 3 3 3 12 9 3 10 3 1 12 10 12 9 3 1 12 10 3 12 9 3 3 3 3 12 9 3 1 12 10 12 9 3 1 12 10 3 3 3 3 3 12 10 3 3 1 12 10 3 3 3 12 9 3 12 9 3 3 12 9 3 3 12 9 3 3 3 3 3 3 12 9 3 3 3 3 3 3 3 12 10 3 3 3 3 3 3 3 3 3 3 3 3 3 3 3 3 3 3 3 3 3 3 3 3 3 3 3 3 3 3 3 3 3 3 3 3 3 3 3 3 3 3 3 3 3 3 3 3 3 3 3 3 3 3 3 3 12 10 12 9 3 1 8 3 3 3 3 3 3 3 3 3 3 3 3 3 3 3 3 3 3 3 3 3 3 3 3 3 3 3 1 3 3 3 3 3 3 3 3 3 3 3 3 3 3 3 3 3 3 3 3 3 3 3 3 3 3 3 3 3 3 3 3 3 3 3 3 3 3 3 3 3 3 3 3 3 3 3 3 3 3 3 3 3 3 3 3 3 3 3 3 3 3 3 3 3 3 3 3 3 3 1 3 3 3 3 3 3 3 3 3 3 3 3 3 3 3 3 3 3 3 3 3 3 3 3 3 3 3 3 3 3 3 3 3 12 9 3 3 3 3 3 3 3 3 3 3 3 3 3 3 3 3 3 3 3 3 3 3 3 3 3 3 3 3 3 3 3 3 3 3 3 3 3 3 3 1 3 3 3 3 3 3 3 3 3 3 3 3 3 3 3 3 3 3 3 3 3 3 3 3 3 3 3 3 3 3 3 1 1 1 1 3 12 10 3 9 12 10 9 3 1 12 10 3 12 10 3 3 12 9 3 3 1 3 3 3 3 3 3 3 3 3 3 3 3 3 1 1 3 1 1 12 10 1 12 10 3 3 3 3 3 1 8 12 10 1 12 10 12 10 1 12 10 12 10 1 8 1 1 8 3 1 100 11 3 12 9 1 8 3 3 3 3 1 12 9 1 1 12 10 3 3 12 9 12 9 3 3 3 12 10 3 12 9 3 3 1 12 10 12 9 3 3 3 3 1 1 7 9 3 3 3 3 3 3 3 3 3 3 3 3 3 3 3 3 3 3 3 3 3 3 3 3 12 10 1 7 1 12 10 12 9 12 9 9 12 9 9 9 12 10 9 9 9 12 9 12 9 12 9 12 9 12 9 12 9 12 10 12 9 12 9 12 9 12 10 12 10 12 10 12 10 1 12 10 10 12 10 1 7 10 12 9 12 10 12 9 1 7 1 1 12 11 12 10 12 10 1 3 3 3 1 12 10 3 12 9 3 3 3 3 3 12 10 3 3 10 3 12 10 9 3 3 3 3 3 3 3 3 3 3 3 3 3 3 3 3 3 3 12 10 1 1 12 10 1 3 3 3 3 3 3 3 3 3 3 3 3 3 3 3 3 3 3 3 1 1 4 3 3 3 3 3 3 3 1 12 10 3 3 3 3 3 10 12 9 3 12 9 12 10 5 0 10 10 10 10 1 12 10 10 10 10 10 1 12 10 1 8 1 1 1 3 100 12 10 3 12 10 3 1 3 1 1 8 3 3 1 12 10 3 1 12 10 3 1 12 10 1 12 10 3 10 100 12 9 100 12 10 3 10 12 10 12 10 9 3 12 10 3 12 10 3 1 12 10 1 12 10 3 12 10 3 12 10 3 1 12 10 1 12 10 3 1 7 1 1 12 10 1 12 9 1 8 12 10 1 1 12 10 10 10 1 3 3 3 3 3 3 3 3 1 100 1 1 12 10 1 12 10 3 3 3 3 3 3 3 3 3 1 1 1 1 1 12 9 7 1 12 10 1 1 7 1 100 12 10 3 3 3 3 1 1 1 12 10 3 3 3 3 3 3 3 3 3 3 3 3 3 3 3 3 3 3 3 3 3 3 3 3 3 3 3 3 3 3 3 3 3 3 3 3 3 3 3 3 3 3 3 3 3 3 3 3 3 3 3 3 3 3 3 3 3 3 3 3 3 3 3 3 3 3 3 3 3 3 3 3 3 3 3 3 3 3 3 3 3 3 3 3 3 3 3 3 3 3 3 3 3 3 3 3 1 1 12 10 12 10 1 12 9 12 9 3 12 10 3 12 9 3 12 10 3 9 3 3 1 12 10 3 3 1 1 1 3 3 3 1 12 11 3 1 12 10 3 3 1 12 10 3 12 10 3 3 3 3 3 3 3 1 3 1 3 1 3 3 3 3 3 3 3 3 3 3 3 3 3 3 3 3 3 3 3 3 3 3 3 3 3 3 3 3 3 3 1 12 10 1 12 10 3 12 10 10 12 10 3 12 10 12 10 3 12 10 3 12 10 3 1 12 10 3 12 10 3 3 3 3 3 3 3 3 3 3 3 3 3 3 3 3 3 3 3 3 3 3 3 3 3 3 3 3 3 3 3 3 3 3 3 3 3 1 12 10 3 12 10 3 10 12 10 1 12 10 1 12 10 12 10 12 10 3 3 3 3 3 3 3 3 3 3 3 3 3 3 3 3 3 3 3 3 3 3 3 3 3 3 3 3 3 3 3 3 3 3 3 3 3 3 3 1 3 3 3 3 3 3 3 3 3 1 12 10 1 3 12 10 1 12 10 3 1 12 10 3 12 10 3 3 10 3 3 3 3 3 3 3 3 3 3 3 3 3 3 3 3 3 3 3 3 3 3 3 3 3 3 3 3 1 1 12 10 12 11 12 11 12 11 1 12 10 1 12 10 4 4 6 0 1 12 10 12 10 10 10 10 1 3 3 3 3 3 3 3 3 3 3 3 3 3 3 3 3 3 3 3 3 3 3 3 1 1 1 1 3 3 1 3 1 12 10 3 3 3 3 10 1 12 9 12 9 12 9 9 9 9 9 4 4 3 3 3 3 3 3 3 3 3 12 9 1 12 10 12 10 9 3 9 3 9 3 1 4 4 1 1 3 1 3 3 3 3 3 3 1 1 12 10 1 3 3 3 3 3 3 3 3 12 10 3 1 12 10 3 5 0 1 12 9 1 12 10 10 5 0 10 12 10 5 0 12 10 12 10 5 0 5 0 1 12 9 5 0 9 3 9 3 10 10 10 3 3 12 10 5 0 5 0 1 12 9 10 5 0 3 12 10 3 12 10 1 1 12 10 1 3 9 3 10 1 7 10 1 1 12 10 3 12 10 1 1 12 10 1 1 1 1 100 11 12 10 12 10 1 12 10 12 10 1 12 10 1 12 9 12 10 6 0 1 12 10 3 3 3 1 3 3 3 1 7 12 10 1 12 10 1 5 0 1 8 3 3 3 3 3 3 3 3 3 3 3 3 3 3 3 3 3 3 3 3 3 3 3 3 3 3 1 1 12 10 12 9 9 3 9 3 3 3 3 3 3 3 3 1 3 12 10 12 10 3 12 10 3 3 12 10 3 3 3 1 8 18 12 10 1 1 1 12 10 12 10 7 9 3 9 3 9 9 9 9 12 9 9 3 1 12 10 1 12 10 1 12 10 1 12 10 9 1 100 100 1 1 3 3 3 3 3 3 3 3 3 3 3 1 12 9 1 3 3 12 9 12 10 3 1 3 3 3 10 1 1 12 10 3 3 1 1 12 9 100 12 10 1 1 12 10 3 5 0 3 1 12 10 1 12 10 1 1 1 12 10 12 10 1 12 10 1 12 10 1 12 10 1 8 10 3 3 3 3 3 3 3 3 3 3 3 3 1 12 10 3 10 12 10 3 1 1 12 10 12 9 9 1 3 3 1 3 1 1 12 10 1 12 10 1 12 10 12 10 12 10 12 10 12 10 3 12 9 3 1 3 3 12 9 3 3 1 3 1 3 1 3 1 12 9 3 12 9 3 3 3 1 3 3 3 3 3 1 3 3 3 3 3 1 1 3 3 12 9 3 3 3 3 3 1 12 10 1 3 3 3 3 3 3 3 3 3 3 3 3 3 3 3 3 3 3 3 3 3 3 3 3 3 3 3 3 3 3 3 3 3 3 3 3 3 3 3 3 3 3 3 3 3 3 3 3 3 3 3 3 3 3 3 3 3 3 3 3 3 3 3 3 3 3 3 3 3 3 3 3 3 3 3 3 3 3 3 3 3 3 3 3 3 3 3 3 3 3 3 3 3 3 3 3 3 3 3 3 3 3 3 3 3 12 10 1 8 1 3 3 3 3 3 3 1 1 1 1 3 3 3 3 1 1 12 10 3 3 3 100 10 12 10 10 3 10 3 10 3 3 3 10 9 3 3 3 3 3 3 3 3 3 3 12 10 3 3 3 3 3 1 1 1 1 12 10 1 12 10 1 3 12 10 1 1 1 3 3 3 3 3 3 3 3 3 3 3 3 3 1 100 1 12 10 12 9 1 100 12 10 3 12 10 1 3 1 3 1 3 3 1 12 10 3 1 12 9 3 3 1 1 1 12 9 1 3 3 3 3 3 3 3 3 3 3 3 3 3 3 3 3 3 3 3 3 3 3 3 3 3 3 3 3 3 3 3 3 3 3 3 3 3 3 3 3 3 3 3 3 3 3 3 3 3 3 3 3 3 3 3 3 3 3 3 3 3 3 3 3 3 3 3 3 3 3 3 3 3 3 3 3 3 3 3 3 3 3 3 3 3 3 3 3 3 3 3 3 3 3 3 3 3 3 3 3 3 3 1 8 1 8 1 1 12 10 1 12 10 16 1 12 10 15 1 16 1 1 12 18 1 1 12 10 1 12 10 1 8 18 1 3 3 3 3 1 1 1 12 10 1 1 3 1 100 1 3 3 1 100 1 1 12 10 1 3 3 3 1 8 1 3 3 1 1 12 10 1 12 10 1 1 12 10 1 1 1 1 1 1 1 3 1 1 1 12 10 1 1 12 10 1 1 1 7 3 3 10 1 12 10 1 12 10 1 12 10 1 12 10 1 12 10 1 12 10 12 9 12 9 1 12 10 1 12 10 1 1 12 10 1 12 11 1 1 1 1 1 12 10 1 1 3 3 1 3 3 9 9 9 12 9 1 12 9 100 1 12 10 1 12 9 100 1 12 10 12 9 12 9 1 3 3 3 3 3 3 3 3 3 3 3 3 3 3 3 3 3 3 3 3 3 1 1 100 10 1 5 0 5 0 1 3 3 1 3 3 1 12 10 1 3 3 3 3 1 1 3 1 3 1 12 10 10 1 12 10 1 12 10 6 0 1 12 10 1 12 10 3 3 3 1 1 1 1 3 1 3 3 1 8 1 9 1 12 9 1 12 10 1 1 1 1 1 1 1 3 3 3 3 3 3 3 3 3 3 3 3 3 3 3 1 3 3 1 3 1 12 10 1 12 10 3 1 3 1 1 3 12 10 1 12 10 1 12 10 1 7 11 11 11 1 12 10 1 1 100 1 8 12 10 1 8 3 1 1 12 10 10 1 8 18 10 3 3 12 10 12 10 1 12 10 1 12 10 12 10 12 9 1 12 10 1 3 1 1 12 10 1 3 3 3 3 3 3 3 3 3 3 3 3 3 3 3 3 3 3 3 3 3 3 3 3 3 3 3 3 1 1 1 1 12 10 3 1 3 9 9 9 9 1 12 10 1 12 10 3 1 7 10 1 100 1 12 10 1 1 3 3 11 1 8 1 8 3 1 12 11 3 3 1 12 10 1 3 3 3 3 3 3 3 3 3 3 3 3 3 3 3 3 3 12 9 1 1 12 10 12 10 12 10 3 3 3 3 3 1 1 3 3 3 3 3 3 1 7 11 1 12 10 1 8 12 10 1 8 18 1 8 1 12 18 1 12 10 1 12 10 1 1 1 100 1 1 12 10 1 12 10 12 10 12 10 1 12 11 1 1 3 3 1 3 3 1 1 3 3 3 12 10 1 12 10 1 3 3 3 1 3 1 3 3 1 3 3 3 3 3 3 3 3 3 3 3 3 3 3 3 3 3 3 1 3 1 1 12 10 1 3 3 3 3 3 3 3 3 3 1 12 11 1 3 3 3 3 3 3 3 3 3 3 3 3 1 1 12 10 1 3 3 3 3 3 3 3 3 1 9 3 3 9 1 3 3 3 3 3 10 1 8 1 12 10 1 3 3 3 3 3 3 3 3 3 3 3 3 3 3 3 3 3 3 3 3 3 3 3 1 12 10 3 1 100 10 1 1 12 9 1 12 9 1 8 18 1 12 9 1 12 9 10 3 3 3 9 3 1 12 10 1 12 10 10 3 10 1 8 1 12 11 1 8 1 12 10 1 12 11 12 10 1 1 12 10 1 7 1 7 1 12 11 1 12 10 1 3 3 3 3 1 12 9 3 1 12 10 5 0 12 9 1 1 12 9 1 1 12 10 1 3 3 3 3 1 3 3 3 3 1 1 1 3 3 3 3 3 3 3 3 3 3 1 12 10 1 3 1 1 3 3 3 3 3 3 3 3 3 3 3 3 3 3 3 3 3 3 3 3 3 3 3 3 3 3 3 3 3 3 3 3 3 3 3 3 3 3 3 3 3 3 3 3 3 3 3 3 3 3 3 3 3 3 3 3 3 3 3 3 3 3 3 3 3 3 3 3 3 3 3 3 3 3 3 3 3 3 3 3 3 3 3 3 3 3 3 3 3 3 3 3 3 3 3 3 3 3 3 3 3 3 3 3 3 3 3 3 1 12 9 12 10 1 1 12 10 1 12 9 1 3 3 3 3 3 3 3 3 3 3 3 3 3 3 3 3 3 3 3 3 3 3 3 3 3 3 3 3 3 3 3 3 3 3 3 3 3 3 3 3 3 3 3 3 3 3 3 3 3 3 3 3 3 3 3 3 3 3 3 3 3 3 3 3 3 3 3 3 3 3 3 3 3 3 3 3 3 3 3 3 3 3 3 3 3 3 3 3 3 3 3 3 3 3 3 3 3 3 3 3 3 3 3 3 3 3 3 3 3 3 3 3 3 3 3 3 3 3 3 3 3 3 3 3 3 3 3 3 3 3 3 3 3 3 3 3 3 3 3 3 3 3 3 3 3 3 3 3 3 3 3 3 3 3 3 3 3 3 3 3 3 3 3 3 3 3 3 3 3 3 3 3 3 3 3 3 3 3 3 3 3 3 3 3 3 3 3 3 3 3 3 3 3 3 3 3 3 3 3 3 3 3 3 3 3 3 3 3 3 3 3 3 3 3 3 3 3 3 3 3 3 3 3 3 3 3 3 3 3 3 3 3 3 3 3 3 1 3 3 3 3 3 3 3 3 3 3 3 3 3 3 3 3 3 3 3 3 3 3 3 3 3 3 3 3 3 3 3 3 3 3 3 3 3 3 3 3 3 3 3 3 3 3 3 3 3 3 3 3 3 3 3 3 3 3 3 3 3 3 3 3 3 3 3 3 3 3 3 3 3 3 3 3 3 3 3 3 3 3 3 3 3 3 3 3 3 3 3 3 3 3 3 3 12 10 1 3 1 3 3 3 3 3 3 3 1 3 3 3 3 3 3 3 3 1 1 1 12 10 12 9 3 3 3 3 1 12 10 1 3 3 1 1 1 12 9 3 3 3 3 3 3 3 3 3 3 3 3 3 3 3 3 3 3 3 3 3 3 3 3 3 3 3 3 3 3 3 3 3 3 3 3 3 3 3 3 3 3 3 3 3 3 3 3 3 3 3 3 3 3 3 3 3 3 3 3 3 3 3 3 3 12 10 12 10 3 3 3 3 3 3 3 3 3 3 3 3 3 3 3 3 12 10 3 3 3 3 3 3 3 3 3 3 3 3 3 3 3 3 3 3 3 3 3 3 3 3 3 3 3 3 12 10 3 3 3 3 3 3 3 3 3 3 3 3 3 3 3 3 3 3 3 3 3 3 3 3 3 3 3 3 3 3 3 3 3 3 3 3 3 3 3 3 3 3 3 3 3 3 3 3 3 3 3 3 3 3 3 3 3 3 3 3 3 3 3 3 3 3 3 3 3 3 3 3 3 3 3 3 3 3 3 3 3 3 3 3 3 3 3 3 3 3 3 3 3 3 3 3 3 3 3 3 3 3 3 3 3 3 12 10 3 3 3 3 10 3 3 3 12 10 3 3 3 3 3 3 3 3 3 3 3 3 3 3 3 3 3 3 3 3 3 3 3 3 3 3 3 3 3 3 12 10 3 3 3 3 3 3 3 3 3 3 3 3 3 3 3 3 3 3 3 3 3 3 3 3 3 3 3 3 3 3 3 3 3 3 3 3 3 3 3 3 3 3 3 3 3 3 3 3 3 3 3 3 3 3 3 3 3 3 3 3 3 3 3 3 3 3 3 3 3 3 3 3 3 3 3 3 3 3 3 3 3 3 3 3 3 3 3 3 3 3 3 3 3 3 3 3 3 3 3 3 3 3 3 3 3 3 3 3 3 1 8 3 3 3 3 3 1 3 1 3 3 3 3 3 1 3 3 1 3 3 3 1 3 1 3 1 3 3 1 3 3 3 3 3 1 3 1 12 10 1 1 1 3 3 3 3 1 3 1 3 3 1 12 10 1 3 3 1 3 3 3 3 3 3 3 3 3 3 3 3 3 3 3 3 3 3 3 3 3 3 3 3 3 3 3 3 3 3 3 3 3 3 3 3 3 3 3 3 3 3 3 3 3 3 3 3 3 3 3 3 3 3 3 3 3 3 3 3 3 3 3 3 3 3 3 3 3 3 3 3 3 3 3 3 3 3 3 3 3 3 3 3 3 3 3 3 3 3 3 3 3 3 3 3 3 3 3 3 3 3 3 3 3 3 3 3 3 3 3 3 3 3 3 3 3 3 3 3 3 3 3 3 3 3 3 3 3 3 3 3 3 3 3 3 3 3 3 3 3 3 3 3 3 3 3 3 3 3 3 3 3 3 3 3 3 3 3 3 3 3 3 3 3 3 3 3 3 3 3 3 3 3 3 3 3 3 3 3 3 3 3 3 3 3 3 3 3 3 3 3 3 3 3 3 3 3 3 3 3 3 3 3 3 3 3 3 3 3 3 3 3 3 3 3 3 3 3 3 3 3 3 3 3 3 3 3 3 3 3 3 3 3 3 3 3 3 3 3 3 3 3 3 3 3 3 3 3 3 3 3 3 3 3 3 3 3 3 3 3 3 3 3 3 3 3 3 3 3 3 3 3 3 3 3 3 3 3 3 3 3 3 3 3 3 3 3 3 3 3 3 3 3 3 3 3 3 3 3 3 3 3 3 3 3 3 3 3 3 3 3 3 3 3 3 3 3 3 3 3 3 3 3 3 3 3 3 12 9 1 8 1 12 10 1 12 10 1 3 3 1 3 3 3 3 3 3 3 3 3 3 3 3 3 3 3 3 3 3 3 3 3 3 3 3 3 3 3 3 3 3 3 3 3 3 3 3 3 3 3 3 3 3 3 3 3 3 3 3 3 3 3 3 3 3 3 3 3 3 3 3 3 3 3 3 3 3 3 3 3 3 3 3 3 3 3 3 3 3 3 3 3 3 3 3 3 3 3 3 3 3 3 3 3 3 3 3 3 3 3 3 3 3 3 3 3 3 3 3 3 3 3 3 3 3 3 3 3 3 3 3 3 3 3 3 3 3 3 3 3 3 3 3 3 3 3 3 3 3 3 3 3 3 3 3 3 3 3 3 3 3 3 3 3 3 3 3 3 3 3 3 3 3 3 3 3 3 3 3 3 3 3 3 3 3 3 3 3 3 3 3 3 3 3 3 3 3 3 3 3 3 3 3 3 3 3 3 3 3 3 3 3 3 3 3 3 3 3 3 3 3 3 3 3 3 3 3 3 3 3 3 3 3 3 3 3 3 3 3 3 3 3 3 3 3 3 3 3 3 3 3 3 3 3 3 3 3 3 3 3 3 3 3 3 3 3 3 3 3 3 3 3 3 3 3 3 3 3 3 3 3 3 3 3 3 3 3 3 3 3 3 3 3 3 3 3 3 3 3 3 3 3 3 3 3 3 3 3 3 3 3 3 3 3 3 3 3 3 3 3 3 3 3 3 3 3 3 3 3 3 3 3 3 3 3 3 3 3 3 1 9 1 3 3 1 9 3 1 3 3 3 3 3 3 3 3 3 3 3 3 1 3 3 3 3 3 3 3 3 3 3 3 3 3 3 3 3 3 3 3 3 3 3 3 3 3 3 3 3 3 3 3 3 3 3 3 3 3 3 3 3 3 3 3 3 3 3 3 3 3 3 3 3 3 3 3 3 3 3 3 3 3 3 3 3 3 3 3 3 3 3 3 3 3 3 3 3 3 3 3 3 3 3 3 3 3 3 3 3 3 3 3 3 3 3 3 3 3 3 3 3 3 3 3 3 3 3 3 3 3 3 3 3 3 3 3 3 3 3 3 3 3 3 3 3 3 3 3 3 3 3 3 3 3 3 3 3 3 3 3 3 3 3 3 3 3 3 3 3 3 3 3 3 3 3 3 3 3 3 3 3 3 3 3 3 3 3 3 3 3 3 3 3 3 3 3 3 3 3 3 3 3 3 3 3 3 3 3 3 3 3 3 3 3 3 3 3 3 3 3 3 3 3 3 3 3 3 3 3 3 3 3 3 3 3 3 3 3 3 3 3 3 3 3 3 3 3 3 3 3 3 3 3 3 3 3 3 3 3 3 3 3 3 3 3 3 3 3 3 3 3 3 3 3 3 3 3 3 3 3 3 3 3 3 3 3 3 3 3 3 3 3 3 3 3 3 3 3 3 3 3 3 3 3 3 3 3 3 3 3 3 3 3 3 3 3 3 3 3 3 3 3 3 3 3 3 3 3 3 3 3 3 3 3 3 3 3 3 3 3 3 3 3 3 3 3 3 3 3 3 3 3 3 3 3 3 3 3 3 3 3 3 3 3 3 3 3 3 3 3 3 3 3 3 3 3 3 3 3 3 3 3 3 3 3 3 3 3 3 3 3 3 3 3 3 3 3 3 3 3 3 3 3 3 3 3 3 3 3 3 3 3 3 3 3 3 3 3 3 3 3 3 3 3 3 3 3 3 3 3 3 3 3 3 3 3 3 3 3 3 3 3 3 3 3 3 3 3 3 3 3 3 3 3 3 3 3 3 3 3 3 3 3 3 3 3 3 3 3 3 3 3 3 3 3 3 3 3 3 3 3 3 3 3 3 3 3 3 3 3 3 3 3 3 3 3 3 3 3 3 3 3 3 3 3 3 3 3 3 3 3 3 3 3 3 3 3 3 3 3 3 3 3 3 3 3 3 3 3 3 3 3 3 3 3 3 3 3 3 3 3 3 3 3 3 3 3 3 3 3 3 3 3 3 3 3 3 3 3 3 1 3 1 1 12 10 1 7 11 1 12 10 1 12 10 1 12 10 1 12 9 12 9 12 10 1 12 9 12 10 1 1 12 10 3 10 12 10 3 3 3 3 3 3 3 3 3 3 3 3 3 3 3 3 3 3 3 3 3 3 3 3 3 3 3 3 3 3 3 3 3 3 3 3 3 3 3 3 3 3 3 3 3 3 3 3 3 3 3 3 3 3 3 3 3 3 3 3 3 3 3 3 3 3 3 3 3 3 3 3 3 3 3 3 3 3 3 3 3 3 3 3 3 3 3 3 3 3 3 3 3 3 3 3 3 3 3 3 10 1 1 12 10 12 10 1 3 1 1 1 3 3 3 3 3 3 3 3 3 3 1 3 1 3 1 12 9 3 1 1 12 10 12 10 3 1 8 3 1 8 1 12 10 1 12 11 1 12 9 1 7 10 10 1 8 12 10 12 10 1 12 9 1 1 12 10 12 10 12 9 1 12 10 12 10 1 1 1 1 1 1 3 3 3 3 3 3 3 3 12 9 12 10 12 10 12 10 1 1 3 10 12 10 12 10 12 10 12 9 1 8 1 8 1 12 10 10 12 9 1 12 10 10 1 12 10 1 7 1 12 10 1 7 1 12 10 1 12 10 10 10 1 8 10 1 8 1 12 11 1 8 10 1 1 1 1 9 3 1 1 12 11 1 100 10 10 10 10 12 10 1 1 1 1 1 1 1 1 1 1 1 1 1
staticfield client ad Ldw; dw
staticfield client bu Ljava/lang/String; "Y29tX2phZ2V4X2F1dGhfZGVza3RvcF9vc3JzOnB1YmxpYw=="staticfield client bk Ljava/lang/String; "Y29tX2phZ2V4X2F1dGhfZGVza3RvcF9ydW5lbGl0ZTpwdWJsaWM="staticfield client cf [I 23
staticfield client cc [I 8
staticfield client cu Llx; lx
staticfield client cm Lbq; bq
staticfield client dv Lcc; cc
staticfield client qr Lrc; rc
staticfield client lh Lkb; kb
staticfield client eq Lxf; xf
staticfield client az Ljava/lang/ClassLoader; jdk/internal/loader/ClassLoaders$AppClassLoader
staticfield client ew Lfz; fz
staticfield client eg Lfe; fe
staticfield client jt [Lui; 23 [Lui;
staticfield client ba Lgf; gf
staticfield client cr Ljava/util/Map; java/util/HashMap
staticfield client pg Ljava/util/Map; java/util/HashMap
staticfield client gk Lrl7; client$$Lambda$265+0x000001693f3c87f0
staticfield client $assertionsDisabled Z 0
staticfield client qx Lrd; rd
instanceKlass rl22
instanceKlass es
instanceKlass cz
instanceKlass zf
instanceKlass fi
instanceKlass hs
instanceKlass nx
instanceKlass bp
instanceKlass ml
instanceKlass uu
instanceKlass ub
instanceKlass ch
instanceKlass ur
instanceKlass ar
instanceKlass ns
instanceKlass hh
instanceKlass bd
instanceKlass vs
instanceKlass ai
instanceKlass rs
instanceKlass lp
instanceKlass em
instanceKlass im
instanceKlass um
instanceKlass dp
instanceKlass fj
instanceKlass yz
instanceKlass jr
instanceKlass ck
instanceKlass pp
instanceKlass dg
instanceKlass an
instanceKlass lo
instanceKlass xm
instanceKlass uc
ciInstanceKlass vg 1 1 71 1 7 1 7 1 100 1 1 1 1 1 1 1 1 1 1 1 1 100 1 1 12 10 1 1 12 9 3 1 1 12 9 1 1 12 9 1 1 1 12 10 1 12 9 1 1 1 1 1 1 12 10 1 1 12 10 1 12 10 1 12 10 12 10 1 1 1 1 1 1
instanceKlass rl24
instanceKlass ez
instanceKlass fh
instanceKlass dj
instanceKlass eb
instanceKlass dt
instanceKlass ca
instanceKlass br
instanceKlass du
instanceKlass bt
instanceKlass re
ciInstanceKlass et 1 1 567 1 7 1 7 1 100 1 1 1 1 1 1 1 1 1 1 1 100 1 100 1 1 12 10 1 8 1 1 12 10 3 1 12 10 1 1 12 10 1 100 1 1 12 10 1 1 1 12 10 1 1 1 1 12 10 1 1 1 100 1 1 12 9 1 100 1 12 9 1 100 12 9 9 12 10 3 1 1 12 10 3 1 1 12 10 1 1 12 10 1 1 12 10 1 1 12 10 1 7 1 1 12 9 1 8 1 100 1 1 1 8 1 1 8 1 3 10 1 8 1 1 1 3 1 1 1 1 7 1 1 12 9 1 12 9 3 3 1 7 1 1 12 9 3 1 100 10 1 100 1 12 9 3 1 100 1 12 10 1 1 12 9 1 100 12 9 3 3 1 7 1 1 12 9 1 100 1 12 9 3 1 1 12 9 1 12 9 1 12 10 12 9 1 12 9 12 9 3 1 1 12 9 1 12 9 1 100 1 12 9 3 1 100 3 1 12 10 1 12 9 1 12 10 1 100 1 1 12 10 1 12 9 100 1 1 12 10 1 1 12 9 1 1 12 9 1 12 9 3 12 9 100 12 9 12 9 3 1 100 1 12 9 12 9 12 9 3 1 12 9 1 12 10 3 1 12 9 3 3 100 1 1 12 10 1 12 9 1 100 1 1 12 11 1 100 12 9 3 1 12 9 3 1 100 1 1 12 10 1 1 12 10 1 100 1 1 12 9 12 9 1 8 1 100 100 1 3 1 1 3 1 1 1 1 1 12 10 1 12 9 1 1 3 10 3 1 8 1 100 1 3 1 3 1 3 3 1 8 1 100 1 1 1 100 1 12 9 1 100 1 1 12 10 1 100 3 1 100 1 1 12 10 3 9 12 9 3 1 12 10 1 1 12 10 1 8 1 1 100 1 12 9 12 9 3 3 1 100 1 1 12 10 3 1 100 1 1 12 9 1 12 9 9 3 1 100 1 12 10 1 100 3 1 100 1 12 10 12 9 3 1 12 10 1 100 1 12 10 3 12 10 3 1 12 10 3 1 12 10 100 1 1 12 10 1 8 1 12 10 1 1 12 9 9 3 3 3 1 100 9 3 1 100 1 1 12 9 1 1 12 9 1 100 1 12 10 1 12 9 5 0 1 8 1 12 10 3 12 9 1 12 10 3 1 100 1 12 10 3 1 100 1 12 10 1 100 1 12 10 1 100 12 9 3 1 100 12 10 1 100 1 1 12 10 3 12 9 3 12 9 3 3 12 9 3 3 5 0 1 8 100 1 1 1 1 1
instanceKlass vk
instanceKlass vb
ciInstanceKlass vh 1 1 148 1 100 1 100 1 1 1 1 1 1 1 1 3 1 1 1 1 1 1 12 10 12 9 12 9 12 9 3 3 12 9 3 3 3 1 100 1 12 10 3 1 100 1 1 12 10 1 100 10 1 8 1 1 12 10 3 1 12 10 1 1 12 10 1 100 1 1 12 10 1 100 1 1 1 100 1 100 10 3 3 1 8 1 1 1 8 1 1 1 1 3 3 3 1 8 1 1 1 1 1 3 3 3 3 3 1 3 3 3 3 1 1 3 1 100 1 1 12 9 1 12 9 3 3 3 1 100 1 1 12 10 1 8 1 1 1 1 12 10 1 8 1 1 1 1 1 1
ciInstanceKlass eb 1 1 3399 1 7 1 7 1 100 1 1 7 1 7 1 7 1 1 1 1 1 1 1 1 3 1 1 1 1 1 1 1 1 1 1 1 1 3 1 1 1 1 1 1 1 1 3 1 1 3 1 3 1 1 1 3 1 1 1 1 1 1 1 1 1 1 1 1 1 1 1 1 1 1 1 3 1 1 1 1 1 1 1 1 1 1 1 1 1 1 1 1 1 1 1 1 1 1 1 1 3 1 1 1 1 1 1 1 1 1 1 1 1 1 3 1 1 1 1 1 1 1 1 1 1 1 1 1 1 1 1 1 1 1 1 1 1 1 1 1 1 3 1 1 1 1 1 1 1 1 1 1 1 1 1 1 1 1 1 1 1 1 1 1 1 1 1 1 1 1 1 1 1 1 1 1 1 1 1 1 1 1 1 1 1 1 1 1 1 3 1 1 1 1 1 1 1 1 1 1 1 1 1 1 1 1 1 1 1 1 1 1 1 1 1 1 1 1 1 1 1 1 1 1 1 1 1 1 1 1 1 1 1 1 1 1 1 1 1 1 1 1 1 1 1 1 1 7 12 9 1 7 1 12 10 1 100 1 12 10 12 9 12 9 12 9 12 9 12 9 12 9 12 9 1 12 9 12 9 1 1 12 9 1 1 12 10 1 1 12 9 1 7 1 1 12 10 1 100 1 1 12 11 1 7 1 12 9 12 9 1 100 1 1 12 11 7 12 10 12 9 1 1 12 9 1 7 1 12 11 1 12 11 1 7 1 1 12 10 1 12 9 12 9 1 7 1 1 12 11 1 12 11 1 1 12 9 12 9 12 9 1 7 1 12 10 1 3 1 1 1 12 10 12 9 1 7 1 12 9 1 1 1 1 12 10 12 9 1 7 1 1 12 10 12 9 1 12 10 12 9 12 9 12 9 12 9 12 9 12 9 12 9 1 12 10 12 9 12 9 12 9 12 9 1 1 100 1 12 10 1 12 10 12 9 1 12 10 12 9 12 9 12 9 12 9 1 1 12 10 1 12 10 12 9 12 10 12 9 12 10 12 9 12 9 12 9 12 9 12 9 12 9 12 9 12 9 12 9 1 1 12 10 1 12 10 1 7 1 1 12 10 1 1 12 10 1 7 9 12 9 3 12 9 3 12 9 3 1 12 9 5 0 1 1 12 10 9 3 12 9 3 9 3 12 9 3 9 5 0 12 9 3 12 9 12 9 1 1 12 10 12 9 12 9 1 100 1 12 10 12 9 3 12 9 12 9 12 9 12 9 1 100 10 1 12 10 1 12 10 1 1 12 10 9 3 12 9 3 1 7 9 1 12 9 3 12 10 9 3 9 3 12 9 3 9 3 9 3 12 9 3 9 5 0 12 9 12 9 9 3 9 12 9 3 12 9 3 1 7 9 9 3 12 9 3 9 3 12 9 5 0 7 12 9 9 3 9 3 12 9 3 12 9 5 0 12 9 12 9 12 9 9 3 12 9 1 12 10 1 12 10 9 3 12 9 3 9 3 9 3 1 12 10 3 9 1 100 3 3 1 1 12 9 1 8 1 100 1 1 12 11 1 8 12 10 12 9 9 3 1 12 10 12 9 1 1 10 3 3 3 3 3 1 12 10 1 12 10 5 0 1 12 10 12 9 12 10 1 1 1 12 10 12 9 12 9 12 9 12 9 1 1 1 12 10 12 9 3 9 3 9 3 1 1 10 3 3 3 5 0 3 12 10 1 1 12 10 12 9 1 7 1 12 10 12 10 1 12 11 11 10 1 12 10 1 12 10 1 12 10 1 12 10 1 12 10 1 12 10 1 12 10 1 12 10 1 12 10 3 3 3 3 12 9 7 1 1 12 10 1 12 10 1 12 10 1 12 10 1 12 10 12 9 1 100 10 1 1 12 10 1 1 12 10 7 1 12 9 1 1 12 10 1 7 1 12 11 1 1 12 9 1 7 1 1 12 11 1 1 12 10 1 1 12 10 1 1 1 1 7 1 12 10 9 9 3 1 7 12 10 9 12 9 12 9 1 7 1 1 12 10 12 9 12 9 1 7 10 10 12 9 1 12 10 12 9 1 1 1 12 11 10 5 0 3 9 3 9 3 3 3 3 3 3 3 3 1 1 12 9 1 12 9 1 12 11 12 9 1 7 1 12 9 1 7 1 12 10 1 12 10 1 12 10 12 10 1 12 10 12 9 12 9 12 9 12 9 4 1 1 1 12 10 1 3 12 10 1 1 1 12 10 1 1 1 1 12 10 3 3 7 1 12 10 1 100 1 1 12 10 1 12 9 12 9 1 1 12 10 12 9 12 9 12 9 12 9 12 9 10 1 12 10 12 9 12 9 1 100 10 10 1 1 12 10 1 1 1 12 9 1 7 1 12 10 1 7 1 12 10 1 12 9 5 0 1 100 10 10 1 1 12 10 1 1 1 12 10 100 1 12 10 7 1 12 10 12 9 3 12 10 1 12 10 3 1 12 10 100 1 12 9 1 7 1 12 10 3 1 12 10 3 12 10 12 9 12 9 9 5 0 1 12 10 12 10 3 12 10 1 1 1 12 10 12 9 3 12 10 1 1 1 12 10 1 12 9 1 1 12 9 1 7 1 12 9 1 1 1 100 12 9 7 1 12 9 1 12 11 1 12 10 1 12 10 12 10 1 1 12 10 1 100 12 10 1 12 9 12 9 1 12 10 1 1 12 10 1 12 9 1 1 3 3 3 1 1 100 1 12 10 12 9 3 9 3 12 10 3 12 10 3 1 12 10 1 12 10 12 10 1 1 5 0 3 3 3 9 3 10 3 3 1 12 9 3 3 1 12 10 1 12 10 3 1 100 10 10 10 1 12 10 1 1 12 10 1 1 12 10 12 9 1 12 9 3 1 1 12 11 7 12 9 3 12 9 12 9 1 12 10 1 12 10 10 12 10 1 12 10 1 12 10 1 12 10 1 12 10 100 100 1 8 1 12 10 1 1 12 11 1 7 10 10 1 12 10 12 9 5 0 12 9 12 9 1 1 12 9 12 9 9 12 9 12 9 12 9 1 1 12 10 1 1 12 10 1 7 10 3 9 3 3 9 3 9 3 3 9 3 9 3 9 3 9 3 9 3 9 3 9 12 9 12 9 3 9 1 12 10 12 9 12 9 12 9 4 12 9 1 12 9 1 1 1 12 10 1 100 10 1 12 9 1 1 12 10 10 10 1 1 1 12 9 12 9 1 12 10 12 10 11 1 1 12 11 1 16 1 1 12 10 15 16 1 100 1 1 12 10 15 1 1 12 18 1 100 1 1 12 11 1 100 1 1 12 11 1 1 12 11 11 1 100 1 1 12 10 3 3 3 3 3 1 12 10 12 10 1 1 100 1 12 10 12 10 12 9 12 9 1 3 3 1 1 100 1 1 12 10 12 10 12 9 12 9 100 1 12 10 12 9 12 10 12 10 1 1 9 3 12 9 12 9 1 12 10 1 12 10 1 12 10 12 9 12 10 1 100 1 1 12 10 12 9 3 3 9 3 3 3 3 12 9 3 3 3 12 9 3 3 9 3 3 3 12 9 3 3 3 12 9 12 9 3 9 3 3 3 3 100 1 12 10 12 9 12 9 3 12 10 1 12 10 12 9 12 9 12 9 12 9 1 1 1 9 3 1 12 10 12 9 12 9 1 12 10 3 12 10 9 3 3 3 3 3 3 3 3 3 3 1 12 9 1 1 12 9 1 1 12 10 1 12 10 1 1 12 10 1 7 9 3 9 3 9 3 9 3 9 3 9 3 1 12 10 1 1 12 10 1 12 10 1 12 9 3 3 3 1 9 3 9 3 9 3 9 3 3 1 12 9 9 3 3 3 12 10 3 12 10 3 12 10 3 12 10 3 3 3 12 10 3 3 3 3 3 3 1 12 9 3 3 3 3 3 3 3 3 3 3 3 3 3 3 12 10 3 3 3 10 3 3 3 3 3 3 1 1 1 12 10 3 3 3 3 3 1 1 3 3 3 3 3 3 3 3 3 3 1 1 12 10 1 3 3 1 12 9 3 12 9 1 7 1 12 10 1 12 10 3 3 3 3 3 3 3 3 3 3 3 1 12 10 3 3 3 3 3 3 3 12 9 3 3 3 3 12 9 3 3 12 9 3 3 3 3 3 3 3 3 3 3 3 3 3 3 3 3 3 3 3 3 3 3 3 3 3 3 3 3 3 3 3 3 3 3 3 3 3 3 3 3 3 3 3 3 3 3 3 3 3 3 3 3 3 3 3 3 3 3 3 3 3 3 3 3 3 3 3 3 3 3 3 3 3 3 3 3 3 3 3 3 3 3 3 3 3 3 3 3 3 3 3 1 1 1 12 10 9 3 9 12 9 12 9 12 9 1 1 12 9 12 9 12 9 1 1 1 12 10 3 3 3 3 3 3 3 1 3 3 3 3 1 1 12 10 12 9 1 1 12 10 1 3 3 1 12 10 1 12 10 1 12 10 1 10 12 10 12 9 7 7 1 12 10 12 9 12 10 7 12 9 10 1 7 12 9 12 10 12 9 1 7 10 1 100 1 7 10 1 12 10 12 9 12 9 1 100 1 1 12 10 12 9 10 12 9 12 9 12 9 12 9 12 9 10 1 7 12 9 12 9 12 9 7 12 9 7 12 9 12 9 12 9 12 9 3 12 10 1 12 9 1 12 9 1 1 12 10 1 7 1 1 12 10 12 10 1 1 12 11 1 1 12 10 12 10 12 10 1 12 10 12 10 12 10 1 1 12 11 1 1 1 1 12 9 12 9 12 9 1 12 9 100 1 1 12 10 1 12 9 12 10 1 100 1 12 10 1 12 9 1 100 1 12 10 12 9 1 12 10 1 1 12 10 1 12 10 12 10 12 10 12 10 1 12 10 12 9 12 10 12 9 1 12 10 12 9 12 10 1 12 10 100 1 1 12 9 12 10 12 9 1 12 10 1 12 9 12 10 1 12 10 1 12 10 100 12 9 5 0 9 1 12 10 12 10 1 12 10 1 12 9 1 12 10 1 12 10 1 1 12 10 12 10 1 12 11 3 3 12 10 1 1 3 3 3 3 1 3 3 3 3 3 1 1 1 1 12 10 1 3 3 3 3 3 3 3 3 3 3 3 3 3 3 3 3 3 3 3 3 3 12 10 9 3 3 9 1 1 12 10 100 3 3 3 3 10 3 3 1 1 1 1 1 1 1 1 12 10 1 7 10 10 10 1 1 12 10 1 1 12 10 1 7 10 10 10 1 1 12 10 1 12 10 1 12 10 100 1 1 12 10 1 1 1 1 12 10 12 10 1 3 1 12 10 10 3 1 100 1 12 10 3 1 12 10 3 10 3 3 100 1 12 10 3 1 12 10 3 12 10 3 1 12 10 3 3 3 100 1 12 10 1 1 12 10 1 12 10 12 10 3 1 12 10 3 3 12 10 3 1 12 10 3 1 12 10 1 12 10 12 10 3 12 10 3 1 1 12 10 3 3 1 12 10 3 1 12 10 12 10 12 10 1 7 12 9 3 7 12 9 3 7 1 12 9 3 1 12 9 1 12 10 1 12 10 1 12 10 1 12 10 1 12 10 12 9 12 9 1 7 1 12 10 12 9 12 9 1 12 9 1 7 12 10 1 12 9 1 12 9 9 3 12 10 1 12 10 12 10 12 9 12 9 1 12 9 12 9 1 1 12 10 1 12 9 1 12 10 12 9 1 12 9 12 9 12 10 1 12 10 12 10 1 12 11 1 12 10 1 1 100 12 9 12 10 1 12 10 1 12 10 3 3 1 12 10 1 1 12 9 1 1 1 1 1 1 12 9 3 1 1 1 12 11 1 7 1 12 11 1 12 11 1 7 1 12 10 10 10 10 1 12 10 10 10 10 10 10 10 1 3 3 1 12 10 1 12 10 12 10 1 12 10 1 12 10 12 10 1 12 9 1 1 1 3 3 3 3 3 3 3 1 12 10 1 3 1 1 1 9 3 3 3 12 10 3 3 3 3 3 3 12 10 5 0 3 3 3 3 3 3 3 3 3 3 3 3 3 3 1 12 10 1 12 10 12 10 12 9 12 10 12 10 11 12 9 1 12 11 1 12 10 1 12 10 1 12 10 1 12 10 1 1 12 11 1 12 10 1 12 10 1 12 10 1 12 10 11 1 1 12 10 1 12 10 3 1 100 12 10 12 10 100 12 10 12 10 12 10 1 12 10 12 9 1 1 3 3 3 3 1 1 1 12 10 12 10 1 12 10 1 12 10 1 12 10 12 10 12 10 12 10 12 10 1 12 10 1 12 10 12 9 12 10 1 12 9 1 12 10 1 1 1 12 11 1 100 10 12 10 1 12 10 1 12 10 1 12 10 1 7 1 1 12 9 1 12 10 10 1 1 12 10 7 1 1 12 10 1 100 1 12 10 1 12 10 1 12 10 12 10 1 12 10 1 12 10 12 10 12 10 1 12 10 1 12 10 1 12 10 11 12 10 1 12 10 12 9 3 3 9 3 1 1 1 1 3 3 3 3 12 10 12 10 12 10 3 3 3 3 3 1 1 12 10 3 3 3 3 3 3 3 1 1 1 1 1 1 3 3 1 1 11 1 1 12 10 1 1 1 1 1 12 10 3 3 3 3 3 3 3 3 1 1 1 1 12 10 3 1 1 12 11 1 1 12 11 1 12 10 3 1 7 1 12 10 1 12 9 1 1 1 1 12 10 1 12 10 1 8 1 100 10 10 10 12 10 1 1 1 1 1 1 12 10 12 10 1 3 1 1 12 9 1 100 3 1 3 3 3 3 3 1 3 3 3 3 3 3 3 3 3 3 3 3 3 3 3 3 3 3 3 3 3 3 3 3 3 3 3 3 3 3 3 3 3 3 3 3 3 3 3 3 1 1 1 12 10 3 3 1 12 10 1 12 10 3 3 3 3 3 3 3 3 3 3 3 3 3 3 1 12 9 12 10 1 12 9 1 3 3 3 3 3 3 3 3 3 3 3 3 3 3 3 3 3 3 3 3 1 3 3 3 3 3 3 3 3 3 3 3 3 3 3 3 3 3 3 3 3 3 3 3 3 3 3 3 3 3 3 3 3 3 3 3 3 3 3 1 12 10 3 3 3 3 3 1 3 3 1 3 3 3 3 3 3 3 3 3 3 3 3 3 3 3 3 1 1 12 10 3 3 3 3 3 3 3 3 3 3 3 3 3 3 3 3 3 3 3 1 12 10 1 1 1 12 10 1 12 10 10 1 8 10 1 1 12 11 1 1 12 10 12 10 12 10 12 10 12 10 12 10 1 12 10 10 10 3 1 12 9 1 12 10 3 12 10 9 1 7 1 12 9 1 12 10 1 12 10 9 3 9 3 1 1 12 10 3 12 10 1 12 10 1 3 3 3 3 3 3 3 3 3 3 3 3 3 3 3 3 3 3 3 3 3 3 3 3 3 3 12 10 3 3 12 10 12 10 12 9 9 12 10 12 10 12 10 1 12 9 1 12 10 12 10 12 9 7 10 10 12 10 12 10 9 12 10 12 9 1 1 7 12 9 12 10 1 12 9 7 12 10 1 12 9 12 10 100 1 12 10 100 12 9 7 12 9 1 12 11 12 10 1 1 12 11 1 12 10 12 10 1 12 9 12 10 9 12 10 1 1 1 1 1 1 1 1
staticfield eb az [I 9
staticfield eb al I 1
staticfield eb av I 17
staticfield eb ar [I 9
staticfield eb ad [I 9
staticfield eb au [I 9
staticfield eb ai [I 9
staticfield eb ay [I 9
staticfield eb ab I 16
staticfield eb jr Lrl16; rl16
staticfield eb hp [I 184
staticfield eb dg [[I 4 [[I
staticfield eb am [I 9
staticfield eb vs Z 0
staticfield eb kl [I 184
staticfield eb aq I 4160
staticfield eb dr [[I 13 [[I
ciInstanceKlass xr 1 1 137 1 7 1 7 1 100 1 100 1 100 1 1 1 1 1 1 1 1 1 1 1 1 1 1 1 7 1 12 9 1 12 9 12 9 12 9 1 1 12 10 1 1 12 9 1 12 9 1 12 10 12 9 1 1 1 1 12 10 1 12 9 1 1 12 10 10 1 12 10 1 1 1 1 1 12 10 1 12 10 1 1 1 1 12 10 1 1 12 10 1 1 12 10 1 12 10 12 10 1 1 1 7 1 12 10 1 1 12 10 1 1 1 1 12 10 1 1 1 100 1 1 12 9 1 100 1 12 9 1 1 1 1 1 1 1 1
ciInstanceKlass qe 1 1 305 1 7 1 7 1 1 1 1 1 1 1 1 1 1 1 1 1 1 1 1 1 1 1 3 1 1 3 1 1 1 12 10 1 7 12 9 3 1 12 10 12 9 5 0 12 9 3 12 9 1 7 10 12 9 12 9 1 12 10 12 9 1 7 1 12 10 1 100 1 8 1 12 10 1 100 10 1 8 1 1 12 10 3 1 12 10 1 1 12 10 1 100 1 12 10 1 100 1 100 1 1 100 3 1 100 10 1 8 1 5 0 5 0 1 12 10 1 100 1 1 12 11 1 100 3 3 1 12 10 1 12 9 1 8 1 1 12 10 1 12 11 10 3 12 10 3 1 1 12 10 1 12 10 10 1 100 1 1 12 10 5 0 12 9 3 12 9 3 12 9 5 0 5 0 3 1 8 3 1 1 12 10 5 0 12 9 12 11 1 1 12 10 1 3 3 1 8 1 1 3 3 1 1 12 11 3 12 10 1 12 10 1 12 11 3 3 1 1 3 1 1 1 100 1 12 9 3 1 1 3 3 3 1 1 1 100 1 12 10 1 100 1 12 10 3 1 100 1 1 12 10 1 1 3 3 3 1 12 10 1 3 3 1 3 1 1 1 12 10 3 3 3 3 1 8 1 1 1 12 10 3 3 3 1 3 1 1 12 10 3 3 3 1 8 1 3 12 10 1 1 1 1 1 1
ciInstanceKlass cc 1 1 728 1 7 1 7 1 100 1 1 1 1 1 1 1 1 1 1 1 1 1 1 1 1 1 1 3 1 1 1 100 1 1 12 9 1 100 1 1 12 10 3 1 1 12 10 1 1 100 1 7 1 12 9 1 12 10 12 9 1 7 1 1 12 10 1 8 1 1 12 10 3 1 12 10 1 1 12 10 1 100 1 12 10 1 1 1 100 1 1 12 9 3 3 1 100 1 12 10 4 3 1 12 9 1 100 12 10 1 12 9 3 1 100 1 12 10 1 100 12 10 3 1 100 12 10 3 3 1 100 1 1 12 10 1 8 1 7 1 12 10 12 9 1 7 1 12 10 12 9 3 1 8 1 1 1 1 12 10 1 12 10 12 9 12 9 3 1 7 1 1 12 10 1 7 1 1 12 10 3 1 1 12 10 12 9 1 8 1 1 1 12 10 1 1 1 12 10 1 1 3 1 1 12 10 1 12 9 1 100 1 8 1 3 1 1 7 1 1 12 9 3 1 100 10 1 7 1 12 9 12 9 3 3 1 7 1 12 9 3 12 9 12 9 3 1 12 9 3 1 7 1 1 12 10 3 1 12 10 1 8 1 1 100 1 12 9 1 100 12 10 1 1 1 12 10 1 7 12 9 1 8 1 1 1 7 12 9 3 1 8 1 1 1 12 10 1 1 12 10 1 8 1 1 12 10 1 100 1 1 12 9 1 1 12 10 1 1 12 10 1 100 1 1 12 11 1 7 1 1 12 11 1 1 12 11 100 1 100 1 12 10 1 100 1 1 12 11 10 1 8 1 1 1 12 9 1 100 1 12 10 1 1 12 9 1 7 1 12 11 12 10 1 8 1 1 1 1 1 3 1 1 1 10 3 1 1 12 10 9 3 3 12 9 3 1 3 1 1 3 1 1 12 10 1 1 12 10 1 10 12 10 10 3 1 1 12 10 1 8 1 100 1 1 12 10 1 3 12 10 1 3 1 1 1 3 3 3 1 1 3 1 7 1 12 10 1 12 10 12 9 1 12 10 3 12 10 3 3 1 12 10 12 9 1 8 1 1 100 1 12 10 1 3 1 1 1 3 3 3 1 1 12 10 1 8 1 1 8 1 1 8 1 1 12 10 1 1 12 9 1 8 12 9 3 1 100 1 1 12 11 1 100 1 12 10 1 1 1 1 1 1 1 1 3 3 1 1 3 3 1 3 3 1 1 100 1 100 1 8 1 12 10 1 7 1 7 1 12 9 1 8 1 8 1 8 1 12 10 1 7 1 12 9 1 12 10 1 7 1 8 5 0 1 12 10 1 7 1 1 12 10 10 3 12 9 1 12 9 1 12 10 10 3 1 1 12 10 1 12 10 3 1 1 12 10 3 3 1 1 12 10 3 3 12 10 1 12 10 3 3 10 1 8 3 1 7 1 12 10 1 100 1 12 9 1 100 1 12 9 1 1 12 9 1 12 10 10 1 8 1 1 12 10 1 12 10 1 1 12 10 3 1 100 1 12 10 1 100 1 100 1 3 1 100 1 1 12 10 1 100 1 12 9 12 9 3 12 10 1 100 1 12 10 1 100 1 100 100 1 12 10 3 12 10 1 8 1 12 10 1 8 12 10 1 12 10 1 12 10 1 12 9 1 1 1 1 1 1
ciInstanceKlass dp 1 1 1159 1 7 1 7 1 100 1 1 7 1 1 3 1 1 1 1 1 1 1 1 1 1 1 1 1 1 1 1 1 1 1 1 1 1 1 1 1 1 1 1 1 1 1 1 1 1 1 1 1 1 1 1 1 1 1 1 1 1 1 1 1 1 12 10 12 9 1 7 1 12 10 12 9 3 12 9 1 7 12 10 12 9 12 9 1 7 10 12 9 1 7 12 10 3 12 9 12 9 12 9 12 9 3 1 7 1 12 10 1 12 10 12 9 12 9 1 7 12 10 1 1 1 7 3 12 9 12 9 3 1 12 10 1 1 1 12 10 1 100 1 1 1 3 1 1 12 10 1 1 1 1 12 9 1 100 1 100 1 12 9 12 9 1 1 12 10 1 1 1 7 1 12 9 1 7 1 12 10 12 9 1 12 10 1 100 12 10 1 12 10 1 1 12 9 1 1 1 1 12 10 1 7 1 12 10 12 10 3 1 12 10 1 100 1 12 10 1 1 1 12 10 1 7 3 1 7 12 10 1 1 12 10 3 1 12 10 3 12 10 3 1 7 1 12 10 1 12 10 3 12 10 3 1 12 9 12 9 3 1 12 10 3 1 12 10 1 100 1 1 100 1 1 12 10 1 100 10 1 8 1 1 12 10 3 1 12 10 1 1 12 10 1 100 1 12 10 1 1 100 1 12 10 1 100 1 1 12 11 1 1 12 10 1 1 12 11 1 1 1 12 10 1 8 1 12 10 3 1 8 1 1 7 1 1 12 9 12 9 3 1 7 1 12 10 1 12 9 3 100 10 3 1 100 10 3 3 1 1 12 10 3 3 3 12 10 3 1 12 9 1 7 1 12 9 1 7 12 9 3 1 8 1 3 3 3 3 3 3 3 1 8 1 3 12 10 1 8 1 1 7 12 9 12 9 12 9 12 9 12 9 12 9 1 12 10 3 3 1 7 1 12 10 3 1 8 1 1 12 9 1 12 9 3 1 7 12 9 3 12 9 12 9 12 9 3 1 7 1 12 10 3 3 1 8 7 1 3 1 1 8 3 3 1 12 10 12 9 3 3 1 12 10 3 3 9 3 1 12 9 3 1 12 10 3 3 3 12 9 3 1 100 1 12 10 3 3 1 12 10 3 3 12 10 12 10 3 1 8 1 3 3 3 1 8 1 3 3 12 10 1 7 1 7 1 12 10 12 9 1 1 1 100 1 1 12 9 1 12 10 1 1 1 12 10 1 1 1 12 9 1 1 12 9 1 7 1 1 12 10 1 1 12 10 1 1 12 10 1 1 12 10 1 1 12 10 1 1 12 10 1 7 1 12 10 1 12 10 1 12 9 3 1 3 3 12 10 3 1 1 1 12 10 3 1 1 1 12 9 1 12 9 1 1 1 1 1 1 1 3 3 3 3 3 3 3 1 7 1 1 12 9 1 12 10 1 100 1 12 9 1 100 1 8 1 12 10 1 12 10 1 1 12 10 1 100 1 12 10 1 1 10 1 8 1 1 3 1 100 1 1 12 10 1 3 3 3 3 3 3 3 1 1 12 10 3 12 10 12 9 1 100 1 12 9 3 1 1 12 9 1 12 9 3 12 10 3 12 10 3 1 12 10 5 0 1 12 9 100 1 12 10 1 12 10 1 1 1 12 9 1 1 3 3 3 3 3 3 3 3 1 10 12 9 7 12 9 3 12 10 1 12 10 3 3 10 10 7 12 9 3 1 1 12 10 1 12 10 12 10 1 8 1 100 1 100 1 1 1 1 1 1 12 10 1 1 1 7 1 12 10 1 12 10 1 1 1 12 10 12 9 12 9 12 9 1 12 9 1 12 9 1 12 9 12 9 1 12 9 1 12 10 1 12 10 1 100 1 12 10 1 1 12 10 1 7 1 12 11 1 1 1 3 3 3 3 3 3 3 3 3 3 3 3 1 1 1 3 3 3 3 3 3 3 3 3 3 3 3 1 12 9 3 12 9 1 12 10 1 8 1 1 1 1 12 10 1 1 1 12 10 1 8 1 3 3 3 3 3 3 3 1 1 12 10 1 12 10 1 12 9 12 10 1 1 12 10 10 1 12 10 1 7 1 12 10 1 12 10 10 12 9 1 7 1 12 10 1 12 10 100 1 100 1 3 1 3 3 3 12 10 3 1 8 1 3 3 3 1 3 1 1 12 9 1 12 9 1 1 7 1 12 10 10 10 1 1 8 1 7 1 1 12 10 3 7 1 12 9 1 12 9 1 1 12 10 1 12 9 1 8 100 1 100 1 1 5 0 5 0 5 0 5 0 5 0 1 100 9 3 9 3 9 3 9 3 1 1 1 12 10 3 3 1 3 100 1 12 10 3 1 100 1 1 12 10 1 100 1 12 10 1 100 1 1 12 10 3 1 1 12 10 1 12 10 3 10 3 1 100 1 12 9 9 3 1 1 12 10 1 100 1 1 12 10 1 12 10 12 9 1 100 1 100 12 9 1 8 12 10 1 12 10 1 1 12 10 1 1 1 1 1 12 10 3 3 12 10 1 12 10 12 10 1 12 10 1 12 10 12 9 12 9 1 12 9 1 12 9 12 10 12 10 1 12 10 12 10 12 10 12 10 1 1 1 1 1 1 1
staticfield dp bh Z 0
ciInstanceKlass xj 1 1 114 1 7 1 7 1 100 1 1 1 1 1 1 1 1 1 1 1 1 1 12 9 1 12 10 1 1 1 12 10 1 7 1 1 1 1 12 10 12 9 1 7 1 12 9 12 9 12 9 1 12 9 1 1 12 9 1 1 1 1 100 1 12 10 1 12 10 1 1 10 1 1 1 1 1 1 1 1 1 1 1 100 1 12 10 3 1 12 9 3 1 12 9 1 1 12 9 3 1 12 10 1 12 9 1 12 9 12 10 1 1 1 1 1
ciInstanceKlass np 1 1 196 1 7 1 7 1 100 1 1 100 1 1 1 1 1 1 1 1 12 9 1 7 1 12 9 1 1 12 10 1 1 1 12 9 1 1 12 10 1 1 1 12 10 12 9 1 1 1 1 12 10 1 1 12 10 1 1 1 1 12 10 1 1 1 1 1 100 1 1 12 10 1 100 1 1 12 10 1 1 12 9 3 1 100 1 12 10 3 1 100 1 1 12 10 1 1 12 9 3 3 1 1 12 10 1 1 1 12 10 1 1 1 1 100 1 1 12 10 1 1 12 9 1 12 9 12 9 1 12 9 12 9 12 9 1 1 1 1 1 1 12 10 1 1 1 1 1 1 1 100 1 12 9 1 100 1 12 10 1 1 1 12 10 10 1 1 12 10 1 12 10 12 10 1 1 1 1 1 1 1 12 10 1 1 1 12 10 1 12 10 1 1 1 1 1 1
ciInstanceKlass fm 1 1 87 1 7 1 7 1 1 1 1 1 1 1 1 1 3 1 1 1 12 10 1 12 9 12 9 12 9 12 9 1 1 12 10 1 1 1 1 100 1 12 10 1 12 9 3 1 100 1 1 12 9 1 1 1 1 1 1 1 12 10 1 1 1 100 1 12 9 1 100 12 9 3 1 1 12 10 1 1 12 10 1 1 1 1 1 1 1
ciInstanceKlass tt 1 1 350 1 7 1 7 1 1 1 4 1 1 1 1 1 3 1 1 1 1 1 1 3 1 4 1 1 1 1 1 1 1 3 1 1 3 12 9 1 1 1 100 1 12 10 1 1 1 1 1 100 3 3 1 100 12 10 1 100 1 1 12 10 1 8 1 1 12 10 3 1 12 10 1 1 12 10 1 100 1 12 10 1 1 3 1 7 12 10 3 1 8 1 1 100 10 1 100 10 12 9 12 9 1 8 1 12 9 1 8 1 1 1 8 1 1 1 1 7 1 1 12 10 12 9 6 0 1 7 1 1 12 10 12 9 3 1 12 10 6 0 1 7 1 12 9 1 12 9 1 12 9 1 12 9 1 10 3 1 8 1 100 1 1 1 3 12 10 1 1 3 1 1 3 3 3 1 1 12 10 1 12 10 1 3 3 1 3 3 1 3 1 12 10 1 3 1 1 1 100 1 12 10 1 100 1 1 12 9 1 12 10 1 12 9 12 9 1 1 4 1 1 1 1 1 1 3 3 1 1 1 1 3 1 8 1 1 1 1 100 12 9 12 9 1 12 9 1 1 1 3 3 3 3 3 3 1 3 3 1 8 1 3 1 3 1 1 3 1 1 8 1 1 1 12 10 1 7 1 12 10 1 8 1 1 1 12 10 1 8 1 1 1 1 1 1 12 10 1 12 10 1 1 1 1 1 7 1 12 10 1 7 1 1 12 9 3 1 100 1 12 10 3 1 12 10 3 12 10 1 7 1 12 9 12 9 3 1 7 1 12 10 1 8 1 1 1 1 1 1 1
staticfield tt al [F 16384
staticfield tt ax [I 16384
staticfield tt aq [F 16384
staticfield tt $assertionsDisabled Z 0
staticfield tt ap [I 16384
ciInstanceKlass kb 1 1 626 1 7 1 7 1 1 1 3 1 1 1 1 1 3 1 3 1 1 1 1 3 1 1 1 1 1 1 1 1 100 1 1 12 10 3 1 1 12 10 3 12 9 3 12 9 3 12 9 3 3 3 12 9 3 1 100 1 8 1 1 12 10 3 3 3 3 3 3 3 3 3 3 1 1 12 10 3 12 9 3 3 12 9 3 3 12 9 3 1 1 1 100 1 12 10 1 8 1 1 12 10 3 1 12 10 1 1 12 10 1 100 1 1 12 10 3 1 8 1 1 3 1 1 100 1 1 12 9 1 100 1 12 10 12 9 3 1 8 1 3 1 8 1 1 1 8 1 1 1 12 10 3 3 3 3 3 3 3 3 1 1 3 3 1 8 3 1 1 1 7 1 12 9 3 1 3 3 1 1 12 10 3 3 3 3 1 8 1 1 12 10 3 1 8 1 1 1 1 1 12 10 3 1 100 10 1 8 1 3 1 1 7 1 12 9 3 12 10 1 8 1 7 1 12 10 1 7 1 1 12 9 1 12 9 3 3 12 9 3 12 9 3 1 8 1 8 1 8 1 8 3 1 1 1 3 1 1 3 3 3 3 10 1 1 1 1 100 12 10 1 8 1 7 1 1 12 9 1 100 1 12 9 100 1 12 10 1 1 1 1 12 10 1 100 1 1 12 9 1 1 12 9 3 1 100 1 12 10 3 1 100 10 3 1 7 12 9 3 3 12 9 12 9 3 1 1 12 9 3 1 100 1 12 10 3 1 1 12 10 1 100 1 100 1 1 12 9 3 12 9 1 7 1 12 9 3 1 7 1 12 10 1 1 12 9 12 10 3 1 100 1 12 9 1 1 12 10 1 8 3 1 3 1 1 12 9 1 7 1 12 9 3 9 3 1 7 1 1 12 10 3 3 3 1 100 1 12 10 1 1 12 9 3 1 7 12 10 1 8 1 100 1 1 12 10 3 12 10 1 7 1 12 9 1 12 9 3 3 1 12 10 3 7 1 12 10 1 8 1 8 1 100 1 1 12 10 1 12 9 3 1 8 12 9 12 9 12 9 3 12 10 3 1 7 1 12 10 3 12 10 1 1 12 10 1 1 12 10 3 7 1 12 10 3 1 12 10 12 10 3 1 12 10 3 7 1 12 10 3 1 1 12 10 3 7 1 12 10 1 8 1 100 1 1 12 10 3 12 10 3 1 7 1 12 10 12 9 3 3 1 1 12 10 10 1 100 1 12 10 1 12 10 4 3 12 10 3 9 1 1 12 10 3 1 100 1 12 10 1 100 1 12 10 3 1 12 10 3 1 7 1 12 10 3 1 100 1 12 10 1 100 12 10 3 12 10 1 12 10 3 12 10 3 12 10 3 12 10 3 3 1 8 1 100 1 12 10 1 8 1 1 1 1 1 1
instanceKlass fv
instanceKlass yf
instanceKlass yl
instanceKlass zo
ciInstanceKlass yu 1 1 288 1 7 1 7 1 1 1 1 1 1 1 1 1 1 1 1 4 1 1 1 1 1 1 1 3 3 1 1 12 10 12 9 1 7 1 1 12 10 1 1 12 10 1 1 12 10 12 9 1 12 10 12 9 12 9 1 12 10 1 12 10 1 1 12 10 1 12 10 1 1 12 9 12 9 12 9 12 9 1 12 10 1 1 1 1 1 12 10 1 1 1 1 1 1 12 10 1 12 10 1 7 1 1 12 10 1 3 3 1 1 3 3 3 1 1 1 7 1 1 12 9 1 1 12 10 100 1 1 1 1 1 1 100 1 12 10 1 1 12 10 1 1 1 6 0 1 1 12 10 1 1 1 1 1 1 100 4 4 4 4 1 1 1 1 1 1 1 1 1 12 10 1 1 1 1 1 1 1 1 1 3 3 3 3 3 3 3 1 3 1 1 3 3 3 1 1 3 3 3 3 3 1 1 3 3 3 3 3 3 3 1 1 1 1 1 1 12 10 12 10 1 1 1 3 3 3 3 1 3 3 3 3 3 1 1 1 1 1 1 3 3 3 3 3 3 3 3 3 3 1 3 3 1 3 3 3 3 1 3 3 1 1 1 1 1 1 1 1 1 1 1 3 1 1 1 1 1 1 1 1 1 1 1 1 1 1 1
ciInstanceKlass rs 0 0 849 1 100 1 100 1 100 1 100 1 1 1 1 1 1 1 1 1 1 1 3 1 1 1 1 1 1 1 1 1 1 1 1 1 1 1 4 1 3 1 1 1 1 1 1 1 100 12 9 1 100 1 1 12 10 1 100 1 1 12 10 1 8 1 1 12 10 3 1 12 10 1 1 12 10 1 100 1 12 10 1 3 12 9 1 8 1 12 9 1 100 1 1 12 9 1 100 1 12 9 1 100 10 1 8 1 1 3 1 1 12 10 1 1 12 10 1 100 1 12 10 1 100 1 12 9 1 100 1 12 10 1 12 9 3 1 100 1 12 10 3 1 100 1 12 10 3 1 12 10 1 12 9 1 12 10 1 12 10 1 100 1 12 10 1 12 9 3 12 9 1 12 9 12 9 3 1 100 12 10 1 1 12 9 1 12 10 3 1 100 1 12 10 1 100 1 12 10 12 10 12 10 12 9 1 1 1 1 12 10 12 9 3 1 100 1 12 10 12 9 100 1 12 10 12 9 1 100 12 9 1 1 3 9 3 1 12 10 3 12 10 12 10 1 8 1 12 10 1 8 1 1 12 9 3 3 1 100 1 12 9 12 9 3 1 12 10 12 9 3 3 1 100 1 12 9 1 1 12 9 1 100 1 1 12 10 1 8 1 1 12 9 1 1 12 10 3 3 12 10 1 8 1 3 1 8 1 1 12 10 12 9 1 1 12 10 1 1 12 10 1 100 1 1 12 9 3 1 3 10 1 12 9 3 12 10 3 12 10 3 12 10 1 12 9 1 8 1 12 9 1 8 1 1 100 1 12 9 3 1 12 10 1 8 1 1 8 1 1 1 1 12 10 3 12 10 1 8 1 1 3 3 1 12 10 3 1 12 10 3 1 1 12 10 3 12 9 3 1 8 3 12 9 3 1 8 1 1 1 1 1 1 100 12 9 3 12 9 3 12 10 3 3 1 8 12 10 1 8 1 12 10 1 1 3 1 100 1 12 10 3 12 10 3 12 10 3 1 100 1 12 10 1 100 1 12 9 3 1 100 1 12 10 3 1 100 12 10 3 12 10 3 1 12 10 1 12 9 3 10 1 12 10 3 1 1 12 10 3 12 10 3 12 10 1 8 1 1 1 12 10 3 1 3 3 3 3 1 1 3 3 3 1 3 12 10 1 3 3 1 1 1 1 1 1 12 10 1 1 1 3 1 10 1 12 10 3 12 9 3 10 1 100 10 10 10 1 100 12 9 1 8 1 100 1 3 3 3 3 3 3 1 1 1 12 10 3 3 3 3 1 3 3 3 3 1 1 1 1 1 3 1 12 10 3 1 8 1 3 1 1 12 10 3 1 100 1 8 1 12 10 1 12 10 1 12 10 1 1 12 10 12 9 12 9 1 12 10 1 1 1 12 10 3 1 8 1 1 1 1 1 1 12 10 1 1 1 3 1 3 3 1 8 1 1 1 1 3 1 3 1 1 12 10 1 3 3 3 3 3 3 3 1 8 1 1 3 1 1 12 10 1 1 1 3 1 1 12 10 3 1 12 10 12 10 1 100 1 12 10 3 12 10 3 1 8 1 1 3 1 9 3 1 1 8 12 10 1 12 10 1 3 3 3 1 3 1 1 1 3 1 1 1 3 1 1 3 1 1 3 3 3 1 1 1 12 9 1 100 1 1 12 11 3 1 3 1 3 3 3 1 3 3 3 3 1 1 12 10 3 3 3 3 3 1 8 1 3 3 3 3 3 3 1 3 3 3 3 3 3 3 1 1 1 100 1 12 10 1 12 9 1 100 1 12 10 1 100 1 12 10 1 3 12 10 1 3 12 10 1 3 12 10 1 1 1 12 10 12 10 1 12 9 12 9 1 12 9 1 12 9 12 10 1 12 9 12 10 1 12 10 12 10 1 1 1 1 1 1
ciInstanceKlass yl 1 1 417 1 7 1 7 1 100 1 1 1 1 1 1 1 3 1 1 1 3 1 3 1 3 1 3 1 1 1 1 1 1 1 12 9 12 9 1 1 12 10 12 9 12 9 12 9 12 9 12 9 1 12 10 1 12 10 100 1 1 1 7 1 1 12 10 1 12 10 1 12 10 1 100 1 12 10 1 12 10 1 1 1 3 1 1 1 3 3 3 3 1 1 7 1 1 12 10 1 1 1 12 9 1 12 9 1 12 9 1 12 9 1 12 9 1 12 9 12 10 1 1 1 1 1 1 3 3 1 1 1 1 1 1 12 10 1 1 1 12 10 12 10 3 1 1 1 1 1 1 1 1 1 1 1 1 12 10 1 1 1 12 10 1 12 10 1 1 12 10 3 6 0 1 100 1 1 12 10 6 0 1 12 10 6 0 1 12 10 1 12 10 1 12 10 1 1 12 10 12 10 1 1 12 10 1 1 1 1 1 12 10 1 1 1 1 100 1 1 1 7 9 1 7 1 12 10 12 10 1 1 6 0 6 0 1 12 9 6 0 1 12 10 1 1 1 1 100 10 3 3 1 1 1 1 1 1 1 1 1 3 3 3 12 10 1 1 3 3 3 3 3 3 1 1 1 1 3 3 3 1 1 1 1 12 10 1 1 3 3 3 3 3 1 1 1 10 10 1 8 1 12 10 1 1 12 10 3 1 1 12 10 1 3 3 3 3 1 1 1 12 10 3 12 10 1 1 1 1 1 12 10 1 12 10 1 1 12 10 1 1 1 3 3 3 3 3 3 3 1 1 1 1 12 10 1 1 1 12 10 1 1 1 1 1 1 1 1 1 1 1 1 1 3 1 1 1 1 1 1 1 1 1 1 12 10 1 12 10 1 1 1 1 1 1 1 1 1 12 10 1 12 10 9 9 9 9 9 1 9 1 1 1 1 1 1 1 1
ciInstanceKlass eg 1 1 419 1 7 1 7 1 100 1 100 1 1 1 1 1 1 1 1 1 1 1 1 1 1 1 1 1 3 1 3 1 3 1 3 1 1 1 100 1 1 12 9 3 1 100 1 12 10 3 1 12 10 1 100 1 1 12 9 1 7 1 1 12 10 1 7 1 12 10 12 9 3 12 9 12 9 1 1 12 9 1 1 100 1 100 10 1 7 12 9 12 9 3 1 7 1 1 12 10 1 100 10 1 8 1 1 12 10 3 1 12 10 1 1 12 10 1 100 1 12 10 100 1 3 1 12 10 1 8 1 1 1 1 1 12 9 3 12 9 1 12 10 1 1 12 10 1 12 9 3 3 3 1 12 10 1 8 1 3 1 12 9 1 8 3 1 1 1 12 10 9 1 1 12 10 1 12 9 1 8 3 1 8 3 1 1 3 12 10 1 1 3 1 1 100 1 7 1 1 12 10 1 7 1 1 12 11 1 7 1 1 12 9 1 8 1 100 1 1 12 11 1 1 12 9 3 1 12 10 3 1 12 10 3 1 7 1 12 10 1 100 1 100 1 12 9 3 1 7 1 12 10 3 3 3 1 100 9 3 1 12 9 3 3 1 7 12 10 3 3 3 3 3 1 7 12 10 1 7 1 12 10 12 9 3 3 1 100 1 12 10 3 3 1 7 1 12 10 3 1 7 1 12 10 1 1 12 9 1 100 1 100 1 100 1 1 12 10 3 1 1 1 12 10 1 12 10 1 8 1 10 3 1 12 10 3 1 12 10 3 1 1 12 10 3 1 7 3 1 1 12 10 1 12 10 1 12 10 1 8 1 1 3 3 1 1 1 3 12 10 1 12 10 3 3 1 12 10 1 1 7 1 12 9 1 1 12 10 1 7 1 12 11 1 1 1 7 1 12 9 1 7 1 1 12 10 12 9 12 9 12 10 12 10 1 1 1 1 1 1
ciInstanceKlass yr 1 1 297 1 7 1 7 1 100 1 1 1 1 1 1 1 1 3 1 3 1 1 1 1 1 3 1 1 3 1 1 1 100 1 1 12 10 1 12 9 1 12 9 1 7 1 12 10 12 9 3 3 1 100 1 1 12 10 1 7 1 1 12 10 1 12 10 1 12 10 1 100 1 1 1 100 1 1 12 10 3 1 12 10 1 1 12 10 1 1 12 9 3 1 1 1 12 10 1 1 100 12 9 1 100 12 10 1 8 1 1 12 10 3 1 12 10 1 12 10 1 100 1 12 10 3 3 3 10 1 100 1 1 12 10 1 7 1 7 1 1 12 10 1 7 1 12 9 100 3 1 7 1 12 10 3 1 1 12 10 3 1 12 10 3 1 8 1 100 1 1 3 12 10 1 1 7 1 12 9 3 1 7 1 12 9 7 1 1 12 9 1 7 1 12 10 3 1 100 10 1 1 12 9 3 12 10 1 100 1 12 10 1 100 1 12 9 1 1 12 9 3 1 12 9 1 7 12 9 3 1 7 1 12 10 1 12 9 1 1 12 9 1 100 1 12 10 1 100 1 1 12 9 3 1 7 1 12 10 1 1 12 9 3 1 1 12 10 3 1 1 12 10 3 1 7 12 10 12 9 12 9 3 3 1 7 1 12 10 1 8 1 100 1 1 1 1 1 1
ciInstanceKlass bk 1 1 545 1 7 1 7 1 100 1 1 1 1 1 1 1 1 1 1 1 1 1 1 1 1 1 1 1 1 1 3 1 1 1 1 1 1 1 1 1 1 1 1 12 10 1 100 1 1 12 10 3 1 12 9 12 9 12 9 3 1 1 12 10 3 1 12 10 3 12 9 3 3 12 9 3 3 9 3 3 12 9 3 3 12 9 3 1 12 10 12 9 3 1 7 3 1 100 1 12 10 1 12 10 3 1 1 12 10 12 9 3 1 100 10 1 12 10 3 3 3 3 12 9 12 9 1 100 12 9 12 9 3 3 3 1 1 12 10 1 12 10 3 3 1 1 12 10 100 1 1 100 4 1 100 10 1 8 1 1 12 10 3 1 12 10 1 1 12 10 1 100 1 12 10 1 1 1 1 8 1 1 8 1 1 7 10 12 9 1 3 1 100 12 10 3 3 1 12 10 3 3 3 1 1 12 10 1 100 1 1 12 9 1 100 1 1 12 10 3 1 1 12 10 1 12 10 1 12 10 3 1 100 1 12 10 3 3 3 1 1 1 12 10 1 8 1 3 1 1 8 1 3 3 3 3 3 3 3 3 3 3 3 3 3 3 3 3 3 3 3 3 3 3 3 3 1 1 1 100 1 1 12 10 1 12 9 12 9 1 3 3 3 3 3 3 3 3 3 3 3 3 3 3 3 3 3 3 3 3 1 1 3 1 1 10 1 8 1 100 1 1 1 1 1 1 1 100 10 3 1 7 1 1 12 10 1 7 12 9 12 9 3 3 3 1 7 1 1 12 10 12 9 12 9 3 3 5 0 3 1 7 12 10 3 1 7 12 10 1 7 1 1 12 9 3 1 7 12 10 3 1 7 1 12 9 3 1 7 1 12 10 3 1 7 1 1 12 9 1 7 1 1 12 11 1 7 1 1 12 11 1 7 1 12 10 3 1 7 1 12 9 1 12 9 1 7 12 9 3 3 3 3 1 7 1 12 10 1 12 9 1 1 12 11 1 7 1 12 9 12 9 3 1 7 1 12 10 1 7 12 10 3 1 7 1 12 10 3 1 7 1 12 10 3 3 1 8 3 1 12 11 10 3 3 3 3 3 1 7 1 12 10 1 12 10 1 12 11 3 3 3 1 1 12 11 3 12 9 1 8 1 12 10 1 8 1 12 10 1 1 12 11 3 1 100 1 12 10 1 12 11 3 1 8 100 1 100 100 1 1 1 1 1 1 1 1
ciInstanceKlass cm 1 1 795 1 100 1 7 1 100 1 1 1 3 1 1 1 1 1 3 1 3 1 3 1 1 1 100 1 100 1 1 12 9 1 100 1 12 10 1 100 1 1 12 10 1 8 1 1 12 10 3 1 12 10 1 1 12 10 1 100 1 1 12 10 1 1 3 1 100 1 1 12 10 1 100 1 1 12 10 1 3 1 1 12 10 1 3 1 8 3 1 8 3 1 7 1 12 9 3 1 7 1 12 9 3 1 7 1 1 12 10 1 1 12 9 1 7 1 12 10 1 12 9 3 1 12 9 3 3 1 12 9 1 7 1 12 10 1 7 1 1 12 9 1 7 1 12 9 1 7 1 12 10 1 12 10 1 7 1 12 9 3 1 7 1 12 9 3 3 1 7 1 12 9 1 7 1 1 12 10 1 7 1 1 12 10 1 12 9 3 3 3 1 12 9 1 1 12 9 1 1 12 9 3 1 7 1 1 12 10 3 1 12 9 1 7 1 12 10 1 12 9 3 1 7 1 1 12 10 1 7 1 12 9 3 1 12 9 3 12 9 3 1 12 9 3 1 7 1 1 12 10 1 12 9 3 1 1 12 10 3 1 12 9 1 1 12 9 5 0 3 1 100 1 1 12 10 1 12 9 1 12 9 1 12 9 6 0 1 1 12 10 3 1 100 1 12 10 3 1 12 10 7 1 12 9 3 1 1 12 9 3 12 9 3 1 12 10 3 1 7 12 9 3 12 9 3 3 1 100 12 9 3 1 7 1 12 9 3 1 12 9 3 9 1 12 10 1 12 9 3 1 12 9 1 1 12 9 1 7 1 1 12 10 1 7 1 1 12 11 3 1 7 12 10 12 10 3 1 1 12 10 3 3 1 7 1 12 10 3 1 7 1 12 10 3 3 1 1 12 10 1 7 1 12 9 1 12 9 1 1 12 10 1 1 12 9 3 1 12 9 1 7 12 9 1 1 12 10 1 7 1 12 9 12 9 3 1 1 12 10 3 3 3 1 12 9 1 12 9 3 1 1 12 10 1 12 9 3 1 1 12 10 1 12 9 1 12 10 1 1 12 9 3 12 10 1 1 12 11 3 3 3 1 100 1 12 10 3 1 12 9 1 12 9 1 12 9 3 1 100 1 12 10 3 1 12 9 1 7 3 1 12 9 1 12 10 3 1 7 1 12 10 3 1 100 12 9 3 3 3 3 1 12 9 1 12 10 1 7 1 1 12 9 1 7 1 1 12 10 12 10 1 100 1 1 12 9 3 1 100 1 12 10 3 1 1 12 9 1 7 10 1 12 9 3 1 12 10 1 100 1 12 10 3 1 7 1 12 10 3 3 3 3 3 3 3 3 3 3 3 3 3 3 3 3 3 3 3 3 3 3 3 3 3 3 3 3 3 3 3 3 3 3 3 3 3 3 3 3 3 3 3 3 3 3 3 3 3 3 3 3 3 3 3 3 3 3 3 3 3 3 3 3 3 3 3 3 3 3 3 3 3 3 3 3 3 3 3 3 3 1 1 100 1 12 10 1 1 12 10 10 1 8 1 100 3 1 3 3 3 3 1 100 10 3 3 3 3 3 3 3 3 3 3 3 3 3 3 3 3 3 3 3 1 8 1 3 1 1 100 1 12 9 3 12 9 12 9 3 1 100 1 12 10 12 9 12 9 12 9 12 9 12 9 12 9 12 9 12 9 1 8 1 100 1 1 7 1 12 9 1 7 1 12 10 1 12 10 1 7 1 12 9 3 1 7 1 1 12 10 1 7 1 12 10 1 12 10 1 100 1 1 1 1 1 1
ciInstanceKlass fu 1 1 698 1 7 1 100 1 1 1 1 1 1 1 1 1 3 1 1 3 1 3 1 1 1 1 1 3 1 1 1 3 1 1 1 1 1 1 3 1 1 1 1 100 1 1 12 9 3 1 100 1 1 12 10 1 1 1 1 1 7 1 12 10 12 9 12 9 12 9 12 9 12 9 12 9 12 9 12 9 1 1 1 100 1 12 10 1 100 1 12 9 3 3 1 100 1 12 9 1 12 9 3 1 12 9 3 1 100 1 1 12 10 3 1 100 12 9 3 12 9 3 12 9 1 100 1 12 9 3 3 1 100 1 12 9 3 1 12 9 3 100 1 12 9 3 1 100 12 9 3 3 100 1 12 9 3 3 1 100 1 12 9 3 3 3 3 100 1 12 9 3 3 3 3 1 1 3 1 1 3 1 100 1 12 10 3 1 100 1 12 9 1 100 1 12 9 3 3 1 100 1 12 9 1 100 1 12 9 3 1 100 1 12 9 3 1 100 1 12 9 3 1 100 1 12 10 1 1 12 10 3 12 10 12 10 1 1 12 10 3 1 1 12 10 1 1 12 10 1 12 10 4 3 12 10 1 12 10 1 1 12 10 1 1 1 5 0 1 5 0 1 5 0 1 1 3 1 100 1 1 12 10 1 100 12 9 3 1 12 9 3 1 100 1 12 9 3 3 3 3 3 3 1 1 100 12 10 3 3 3 3 1 100 1 12 9 9 3 1 12 10 3 3 3 1 12 10 3 1 12 10 1 1 12 10 3 3 3 3 3 1 100 1 1 12 10 3 12 10 100 1 100 1 5 0 5 0 10 1 100 10 1 100 10 1 8 1 1 12 10 3 1 12 10 1 1 12 10 100 1 12 10 1 1 100 3 1 100 1 12 11 1 7 1 1 12 10 3 1 7 9 1 100 10 3 12 10 3 1 7 1 12 10 3 1 12 10 3 1 1 12 10 3 12 10 12 10 3 1 12 10 3 1 1 12 10 3 3 3 9 3 12 10 1 12 10 1 8 1 3 3 1 12 10 3 3 3 3 3 1 4 1 100 1 12 10 3 1 100 12 10 3 1 100 1 12 10 3 1 100 12 10 3 3 3 3 3 3 3 3 3 3 3 3 3 3 3 3 3 3 3 1 3 3 1 100 1 12 10 3 3 1 3 3 1 3 3 3 3 3 3 3 3 3 3 3 3 3 3 3 3 3 3 3 1 3 3 1 1 3 3 3 3 3 3 3 3 1 3 5 0 1 1 1 1 4 3 12 10 1 100 1 12 9 12 9 1 12 9 1 12 9 3 3 1 100 1 12 10 3 1 12 10 12 9 12 9 12 9 3 1 100 1 12 10 3 1 100 1 12 10 3 1 100 1 12 10 3 1 3 3 3 3 3 3 3 1 3 3 3 3 3 3 3 1 3 3 3 3 3 3 3 1 1 1 7 1 12 9 1 7 1 12 10 1 7 3 1 1 12 9 1 12 9 3 12 9 1 12 9 1 1 12 10 3 1 7 1 12 10 3 1 7 1 12 10 3 1 8 100 1 3 1 100 12 9 1 8 100 1 3 3 1 1 1 1 1 1 1
staticfield fu bp Lto; to
ciInstanceKlass bz 1 1 743 1 7 1 7 1 1 1 3 1 1 1 1 3 1 1 1 3 1 1 1 1 1 1 3 1 3 1 1 1 100 12 9 3 1 100 1 1 12 10 1 100 10 1 8 1 1 12 10 3 1 12 10 1 1 12 10 1 12 10 1 3 1 8 1 1 12 9 3 1 7 12 10 3 3 1 7 1 12 10 1 8 1 1 12 9 1 7 1 12 10 1 100 1 8 1 12 9 1 12 10 1 7 1 1 12 9 3 1 100 1 12 10 12 9 3 3 1 100 1 12 10 5 0 5 0 12 10 1 12 9 3 3 1 12 9 12 10 1 8 1 3 1 12 10 12 9 3 1 7 10 1 8 1 1 7 1 1 12 9 1 7 1 1 12 10 1 100 1 1 12 10 3 1 12 10 1 8 1 1 1 12 10 1 8 1 1 1 12 9 1 12 9 1 100 1 12 10 1 3 1 1 12 10 3 1 12 9 3 1 1 12 10 1 8 1 3 1 12 10 3 1 12 9 1 7 1 12 9 1 12 10 3 1 7 12 10 1 12 9 1 12 9 3 1 7 1 12 10 3 1 7 12 10 3 1 12 9 1 12 9 1 12 9 12 10 1 8 1 3 1 1 1 12 10 1 1 12 9 3 1 100 1 1 12 10 12 9 1 12 10 1 1 12 10 1 100 1 12 9 3 1 100 1 1 12 10 3 1 1 12 10 1 1 12 9 3 1 100 12 10 1 100 1 12 9 1 12 9 3 1 100 1 12 10 3 1 100 1 1 12 10 3 12 10 3 1 100 1 12 10 1 12 10 3 3 3 3 10 3 1 12 9 1 8 1 7 1 3 1 3 3 3 1 1 12 10 1 1 12 10 1 100 1 1 12 10 1 100 1 12 10 1 100 1 1 12 11 1 6 0 1 8 1 1 1 12 10 3 10 3 10 1 1 1 1 1 12 10 3 1 1 12 10 1 100 3 1 12 10 1 8 1 3 3 1 1 1 7 1 12 10 3 1 12 10 1 1 12 9 3 3 1 100 1 12 10 3 1 1 3 3 3 3 3 1 12 9 3 1 12 9 12 10 12 10 12 9 12 10 3 1 100 12 10 12 9 3 1 8 1 1 12 9 3 1 12 9 3 1 100 12 10 12 10 1 100 12 10 1 12 9 3 1 12 9 12 9 1 1 1 3 3 1 3 3 3 1 1 1 3 3 1 1 3 3 3 3 3 1 1 3 3 1 1 3 3 1 1 12 10 1 1 12 10 3 3 3 3 3 1 8 1 3 1 1 1 12 10 10 1 100 3 3 3 1 3 3 3 1 3 3 3 1 1 12 9 1 3 3 3 3 3 3 3 3 1 3 3 1 3 3 3 3 1 3 3 3 3 3 3 3 3 1 100 1 12 9 1 10 12 10 10 1 8 1 100 1 100 1 3 3 3 3 1 8 1 3 3 3 3 1 3 1 100 1 1 1 3 1 100 1 12 10 1 100 1 1 12 10 1 100 1 12 10 3 1 1 12 10 1 8 100 1 100 1 1 7 1 12 9 1 7 12 9 1 1 7 1 12 10 1 8 1 1 12 10 12 9 1 1 12 10 1 8 1 100 1 1 12 10 15 1 12 18 1 8 1 12 18 1 12 10 3 12 9 12 10 12 10 1 12 10 1 12 9 1 1 1 1 1 1 1
ciInstanceKlass qk 1 1 229 1 7 1 7 1 1 1 3 1 1 1 1 1 1 3 1 1 1 1 4 1 1 3 1 1 12 10 12 9 1 7 1 12 11 1 1 1 12 10 3 1 12 10 1 100 10 1 8 1 1 12 10 3 1 12 10 1 1 12 10 1 100 1 12 10 1 100 1 100 1 12 9 1 1 3 1 100 1 1 12 9 1 100 1 12 9 1 1 1 100 1 1 12 10 3 1 7 12 10 3 1 12 10 1 1 12 11 1 8 1 100 1 1 12 9 1 8 1 12 10 1 100 1 12 10 3 1 1 1 1 100 3 3 1 100 10 3 3 1 8 1 1 1 12 10 1 8 1 12 10 3 1 8 3 1 1 12 11 1 8 1 8 1 1 12 10 3 3 3 1 1 1 1 7 1 1 12 9 1 7 1 12 10 1 7 1 1 12 10 12 10 1 12 10 1 8 3 3 3 1 12 10 3 3 1 8 1 1 3 1 100 12 9 1 3 3 3 1 1 1 12 10 1 1 1 1 1 1
ciInstanceKlass uy 1 1 520 1 7 1 7 1 1 1 1 1 1 1 1 3 1 3 1 1 1 1 1 1 1 1 1 1 1 1 1 1 1 1 3 1 1 1 1 1 1 1 1 1 1 1 1 1 1 1 1 1 1 1 1 1 100 12 9 3 1 7 1 1 12 10 1 1 1 1 12 10 1 7 1 12 10 12 9 1 7 1 1 12 10 12 9 12 9 1 12 10 12 9 3 12 9 3 12 9 12 9 3 3 12 9 12 9 1 7 1 1 12 10 1 12 9 1 100 1 12 10 3 1 1 1 100 1 12 10 3 1 7 1 12 10 5 0 12 9 5 0 12 9 3 3 12 9 3 12 9 3 3 3 3 10 3 3 3 1 12 10 1 7 12 10 3 1 1 12 10 1 12 9 1 1 12 10 1 12 9 3 1 1 12 10 3 3 3 3 1 12 10 3 3 3 1 12 10 12 9 3 12 9 12 9 9 3 1 12 10 12 9 3 3 1 1 12 10 3 1 12 10 3 1 12 10 12 9 12 9 3 3 1 12 10 3 3 3 3 3 3 5 0 12 9 12 9 1 1 12 10 12 9 1 7 1 12 10 1 1 12 10 1 1 12 10 3 12 9 3 1 100 1 1 12 10 6 0 12 9 5 0 5 0 1 7 1 12 10 1 12 10 3 3 100 1 1 100 3 3 1 100 10 3 3 3 3 3 3 3 3 3 3 3 1 100 10 1 8 1 1 12 10 3 1 12 10 1 1 12 10 1 100 1 12 10 1 3 3 1 8 1 3 12 10 3 12 10 3 3 3 1 12 10 3 1 8 1 100 1 12 9 3 3 12 9 3 12 9 1 8 1 12 10 12 9 3 3 1 7 1 12 9 12 9 3 1 12 10 3 1 8 3 3 3 1 8 1 100 1 3 3 3 3 3 3 3 1 1 1 12 10 1 8 1 3 1 8 1 10 3 10 3 10 10 1 8 3 1 8 1 3 3 3 3 3 3 3 3 3 3 3 3 3 3 3 3 3 3 1 3 3 1 12 10 3 12 10 3 3 1 1 12 10 1 1 3 3 3 3 1 1 3 3 3 3 3 1 12 10 3 1 1 1 3 3 3 3 3 1 1 12 10 1 3 3 1 3 1 8 1 1 3 1 12 10 3 12 10 12 9 1 8 12 10 1 1 1 1 1 1
ciInstanceKlass mn 1 1 445 1 7 1 100 1 1 1 1 1 1 1 1 3 1 1 1 1 8 1 3 1 1 8 1 1 8 1 1 1 1 1 1 3 1 3 1 1 1 3 1 1 1 1 100 1 100 12 9 5 0 1 1 12 10 1 100 3 1 12 10 3 1 1 12 10 3 1 100 1 1 12 10 3 1 12 10 1 12 9 1 12 9 3 1 1 12 10 3 12 10 1 1 12 10 1 12 9 12 9 12 9 1 1 100 1 100 1 1 12 10 1 100 12 10 1 1 12 10 1 8 1 12 10 3 1 100 1 12 9 3 1 100 1 12 9 1 8 1 100 1 1 12 10 1 100 1 12 9 1 8 1 12 10 1 100 1 12 9 1 100 1 12 9 1 8 1 8 1 8 1 8 1 1 12 10 1 8 1 100 1 12 10 1 8 1 8 1 8 1 8 1 8 1 8 1 8 1 8 1 8 1 100 1 1 12 9 1 8 3 1 12 10 1 8 1 100 1 12 9 100 1 12 10 1 100 1 12 9 1 12 10 1 12 10 1 1 12 10 3 1 100 1 12 10 1 100 12 9 1 100 1 12 10 1 12 9 1 12 10 1 100 5 0 1 12 10 1 1 12 9 1 12 10 10 1 100 1 12 10 1 1 12 10 1 1 12 10 1 12 10 1 12 10 1 100 1 12 10 5 0 1 8 5 0 3 1 100 1 12 9 1 8 1 100 1 12 10 1 100 10 1 100 10 1 8 3 1 100 1 12 10 1 1 12 10 1 1 8 1 8 10 3 1 8 3 1 8 1 8 1 8 10 1 1 1 100 12 9 3 3 1 12 10 1 1 12 10 10 100 1 1 8 1 8 1 1 12 10 3 1 1 12 10 3 1 1 12 10 10 3 1 1 12 10 3 3 1 1 12 10 3 3 10 3 3 1 8 10 1 8 1 12 10 1 1 12 10 3 1 100 1 12 10 1 3 1 7 1 12 10 1 100 10 1 8 1 100 1 1 1 1 1 1 1
ciInstanceKlass uw 1 1 283 1 7 1 7 1 1 1 1 1 1 1 1 1 1 1 1 1 1 1 1 1 1 1 1 1 1 1 1 100 12 9 12 9 3 12 9 3 12 9 12 9 12 9 1 100 1 1 12 10 1 8 1 1 12 10 3 1 12 10 1 1 12 10 1 100 1 12 10 1 1 8 12 9 12 9 3 12 9 3 12 9 12 9 3 12 9 3 12 9 1 8 1 1 3 1 1 1 100 1 12 10 4 4 4 4 1 1 3 1 1 100 10 3 3 1 8 1 1 8 1 1 3 1 8 1 3 1 1 1 3 1 8 1 1 1 12 10 1 3 1 8 1 3 1 8 1 1 12 10 3 1 8 1 1 1 1 8 1 3 3 12 10 1 8 1 1 1 1 12 10 3 1 1 8 1 1 1 8 1 3 1 1 1 8 1 12 10 3 1 8 1 1 1 1 1 1 1 1 12 10 1 8 1 3 3 1 3 3 1 3 3 1 1 1 8 1 1 1 1 1 1 1 1 3 1 3 1 1 3 1 8 1 1 1 12 10 1 8 10 1 8 1 100 1 1 1 1 12 10 1 8 1 1 1 12 10 1 1 1 8 1 3 1 1 1 1 1 1 1 1 1 1 1 12 10 1 8 1 1 1 1 1
ciInstanceKlass qi 1 1 233 1 100 1 100 1 1 1 3 1 1 1 1 1 1 1 1 1 1 1 100 3 12 9 3 12 9 1 100 1 1 12 10 1 8 1 1 12 10 3 1 12 10 1 1 12 10 1 100 1 12 10 1 1 1 1 12 10 3 1 8 1 1 1 1 3 3 12 9 12 9 1 1 8 1 1 1 12 10 3 12 10 1 100 10 3 1 8 1 1 10 3 1 8 1 100 1 1 8 1 1 1 3 1 100 1 12 9 1 3 1 1 1 12 10 3 1 1 1 1 12 10 1 1 1 8 1 12 10 1 1 1 7 1 1 12 9 1 7 1 1 12 10 1 7 1 1 12 9 1 7 1 12 9 3 12 9 3 1 100 1 12 9 3 1 100 1 1 12 10 3 1 12 9 3 1 100 1 12 9 3 1 100 1 12 9 1 100 1 12 9 3 3 1 100 1 12 9 3 1 12 10 1 12 9 3 12 9 3 3 1 12 9 3 3 1 100 1 12 10 3 12 9 1 8 1 3 1 1 1 1 1 1
ciInstanceKlass jf 1 1 562 1 7 1 7 1 100 1 1 1 1 1 1 1 1 1 1 1 1 1 1 1 1 1 1 1 1 1 1 1 1 1 1 1 1 1 1 1 1 1 1 1 1 1 1 1 1 1 1 1 1 1 1 1 1 1 1 1 1 1 1 1 1 1 1 1 1 1 1 1 1 1 1 1 1 1 1 1 1 1 1 1 1 1 1 1 1 1 1 1 1 1 1 1 1 1 1 1 1 1 1 1 1 1 1 1 1 1 1 1 1 1 1 1 1 1 1 1 1 1 1 1 1 1 1 1 1 1 1 1 1 1 1 1 1 1 12 10 3 12 9 3 12 9 1 100 10 1 8 1 1 12 10 3 1 12 10 1 1 12 10 100 1 12 10 1 100 1 12 10 12 9 12 9 12 9 12 9 12 9 12 9 12 9 12 9 12 9 12 9 12 9 12 9 12 9 12 9 12 9 12 9 12 9 12 9 12 9 12 9 12 9 12 9 12 9 12 9 12 9 12 9 12 9 12 9 12 9 12 9 12 9 12 9 12 9 12 9 12 9 12 9 12 9 12 9 12 9 12 9 12 9 12 9 12 9 12 9 12 9 12 9 12 9 12 9 12 9 12 9 12 9 12 9 12 9 12 9 12 9 12 9 12 9 12 9 12 9 12 9 12 9 12 9 12 9 12 9 12 9 12 9 12 9 12 9 12 9 12 9 12 9 12 9 12 9 12 9 12 9 12 9 12 9 12 9 12 9 12 9 12 9 12 9 12 9 12 9 12 9 12 9 12 9 12 9 12 9 12 9 12 9 12 9 12 9 12 9 12 9 12 9 12 9 12 9 12 9 12 9 12 9 12 9 12 9 12 9 12 9 12 9 12 9 12 9 12 9 12 9 12 9 12 9 12 9 12 9 12 9 12 9 12 9 1 1 100 1 100 1 7 1 12 9 1 100 10 1 8 1 12 10 1 12 9 1 7 1 1 12 10 1 7 1 12 9 1 12 10 1 12 10 10 1 1 12 10 1 7 1 8 10 1 1 12 10 1 1 12 10 1 1 12 10 1 12 10 1 1 12 10 10 1 8 1 100 1 3 3 3 1 8 1 1 100 1 12 10 3 100 12 9 1 100 12 9 3 1 100 1 1 12 10 1 100 12 9 3 3 100 12 9 3 1 100 12 9 3 3 12 9 3 12 9 1 100 12 9 3 3 12 9 1 100 12 9 3 3 100 12 9 3 100 12 9 12 9 3 3 12 9 3 100 12 9 1 8 1 1 1 1 1
staticfield jf di Ljf; jf
staticfield jf bx Ljf; jf
staticfield jf bh Ljf; jf
staticfield jf aa Ljf; jf
staticfield jf as Ljf; jf
staticfield jf ax Ljf; jf
staticfield jf ap Ljf; jf
staticfield jf al Ljf; jf
staticfield jf aq Ljf; jf
staticfield jf ao Ljf; jf
staticfield jf av Ljf; jf
staticfield jf bt Ljf; jf
staticfield jf ab Ljf; jf
staticfield jf ac Ljf; jf
staticfield jf dv Ljf; jf
staticfield jf ar Ljf; jf
staticfield jf ad Ljf; jf
staticfield jf bb Ljf; jf
staticfield jf ai Ljf; jf
staticfield jf do Ljf; jf
staticfield jf at Ljf; jf
staticfield jf ah Ljf; jf
staticfield jf bv Ljf; jf
staticfield jf bq Ljf; jf
staticfield jf an Ljf; jf
staticfield jf bo Ljf; jf
staticfield jf ae Ljf; jf
staticfield jf au Ljf; jf
staticfield jf bp Ljf; jf
staticfield jf bi Ljf; jf
staticfield jf bc Ljf; jf
staticfield jf bs Ljf; jf
staticfield jf cd Ljf; jf
staticfield jf cg Ljf; jf
staticfield jf aw Ljf; jf
staticfield jf cu Ljf; jf
staticfield jf cm Ljf; jf
staticfield jf ef Ljf; jf
staticfield jf bz Ljf; jf
staticfield jf bj Ljf; jf
staticfield jf ey Ljf; jf
staticfield jf by Ljf; jf
staticfield jf ba Ljf; jf
staticfield jf bk Ljf; jf
staticfield jf dx Ljf; jf
staticfield jf br Ljf; jf
staticfield jf bu Ljf; jf
staticfield jf af Ljf; jf
staticfield jf bw Ljf; jf
staticfield jf dz Ljf; jf
staticfield jf bl Ljf; jf
staticfield jf bn Ljf; jf
staticfield jf ci Ljf; jf
staticfield jf cf Ljf; jf
staticfield jf cb Ljf; jf
staticfield jf dp Ljf; jf
staticfield jf ce Ljf; jf
staticfield jf cc Ljf; jf
staticfield jf ck Ljf; jf
staticfield jf am Ljf; jf
staticfield jf cs Ljf; jf
staticfield jf ee Ljf; jf
staticfield jf ch Ljf; jf
staticfield jf cq Ljf; jf
staticfield jf cx Ljf; jf
staticfield jf ct Ljf; jf
staticfield jf cp Ljf; jf
staticfield jf cv Ljf; jf
staticfield jf cw Ljf; jf
staticfield jf co Ljf; jf
staticfield jf cr Ljf; jf
staticfield jf cy Ljf; jf
staticfield jf da Ljf; jf
staticfield jf cj Ljf; jf
staticfield jf az Ljf; jf
staticfield jf cl Ljf; jf
staticfield jf cn Ljf; jf
staticfield jf bd Ljf; jf
staticfield jf df Ljf; jf
staticfield jf dm Ljf; jf
staticfield jf dc Ljf; jf
staticfield jf ds Ljf; jf
staticfield jf be Ljf; jf
staticfield jf ak Ljf; jf
staticfield jf dk Ljf; jf
staticfield jf dh Ljf; jf
staticfield jf ag Ljf; jf
staticfield jf dr Ljf; jf
staticfield jf dg Ljf; jf
staticfield jf du Ljf; jf
staticfield jf ca Ljf; jf
staticfield jf bm Ljf; jf
staticfield jf db Ljf; jf
staticfield jf dq Ljf; jf
staticfield jf de Ljf; jf
staticfield jf dn Ljf; jf
staticfield jf dj Ljf; jf
staticfield jf ay Ljf; jf
staticfield jf dy Ljf; jf
staticfield jf dl Ljf; jf
staticfield jf dw Ljf; jf
staticfield jf dd Ljf; jf
staticfield jf bf Ljf; jf
staticfield jf ep Ljf; jf
staticfield jf ex Ljf; jf
staticfield jf en Ljf; jf
staticfield jf eh Ljf; jf
staticfield jf eq Ljf; jf
staticfield jf dt Ljf; jf
staticfield jf el Ljf; jf
staticfield jf ev Ljf; jf
staticfield jf cz Ljf; jf
staticfield jf ec Ljf; jf
staticfield jf ea Ljf; jf
staticfield jf aj Ljf; jf
staticfield jf ej Ljf; jf
staticfield jf bg Ljf; jf
ciInstanceKlass le 1 1 163 1 100 1 100 1 1 1 3 1 1 1 1 3 1 1 3 1 3 1 3 1 1 100 1 100 1 1 12 10 1 8 1 1 12 10 3 1 12 10 1 1 12 10 1 100 1 12 10 1 1 1 7 1 12 9 3 1 100 10 3 1 7 1 12 9 1 7 1 1 12 9 1 7 12 9 3 3 3 1 7 1 1 12 10 1 12 9 3 3 1 12 9 3 1 8 1 1 12 9 3 3 1 100 1 1 12 10 1 100 1 1 12 10 3 1 1 12 10 1 12 10 3 1 100 1 1 12 10 3 1 12 9 1 1 12 9 1 1 12 10 3 1 12 10 1 8 100 1 100 10 1 100 10 1 8 1 1 1 1 1 1 1
ciInstanceKlass dl 1 1 609 1 7 1 7 1 1 1 1 1 1 1 1 1 3 1 1 1 8 1 1 1 1 1 1 1 1 1 3 1 3 1 1 1 1 12 10 12 9 1 7 1 1 12 10 1 7 1 1 12 11 1 1 12 10 1 1 12 9 1 12 11 1 1 100 1 7 1 12 10 1 1 12 11 12 9 1 100 1 12 10 1 8 1 1 12 10 3 1 12 10 1 1 12 10 1 100 1 12 10 1 3 1 100 10 1 8 10 1 7 1 1 12 9 3 1 7 1 1 12 10 1 7 1 12 10 1 7 9 3 1 1 12 10 1 7 10 1 8 1 100 1 1 1 12 10 1 8 1 1 7 1 8 1 8 1 1 1 3 1 1 12 10 12 9 5 0 3 1 12 10 5 0 1 8 1 3 1 7 1 12 9 3 1 1 12 9 1 1 12 9 5 0 1 8 1 1 3 1 100 1 1 12 9 100 12 9 1 1 1 8 1 1 1 100 1 12 10 1 1 12 10 1 7 1 12 10 1 1 12 10 1 100 10 1 7 1 12 10 1 12 9 12 9 3 3 12 10 1 1 12 10 3 3 1 12 10 3 1 7 1 12 10 3 1 7 1 12 10 3 1 1 12 10 3 3 3 1 12 10 3 3 1 1 12 10 3 3 3 100 1 7 1 1 12 9 1 1 12 10 1 7 12 10 1 7 1 1 12 11 1 7 1 12 9 1 7 12 9 7 1 12 10 1 8 1 1 1 1 12 10 3 1 8 1 1 1 12 10 1 12 10 3 3 3 3 3 3 3 3 3 3 3 3 3 1 8 1 1 1 1 12 10 1 1 12 10 3 1 8 1 1 1 1 1 12 9 1 7 1 12 10 1 100 1 1 12 9 3 1 12 9 1 12 9 3 3 1 12 10 3 12 10 3 3 12 10 12 10 1 100 1 1 12 9 100 1 12 9 1 1 12 10 3 12 10 1 12 10 3 12 10 3 1 12 10 1 100 1 12 10 12 10 1 8 1 1 1 1 7 1 12 10 5 0 1 7 12 9 5 0 12 9 5 0 5 0 1 1 7 10 1 1 1 1 1 12 11 1 7 1 1 12 11 1 7 1 1 12 11 1 1 12 11 1 7 1 12 11 1 12 11 3 100 1 1 12 10 10 3 1 12 10 3 1 12 10 3 1 1 12 10 1 12 10 3 12 9 3 1 12 10 3 1 7 1 12 11 1 1 12 10 3 3 3 3 5 0 1 3 3 1 1 1 12 10 1 8 1 3 12 10 3 1 12 10 3 3 1 12 10 3 3 3 3 3 1 8 1 1 12 10 12 10 1 12 10 12 10 1 12 10 12 10 1 12 10 12 10 1 1 12 10 1 1 1 1 1 1
ciInstanceKlass sw 1 1 291 1 7 1 7 1 100 1 100 1 100 1 1 1 1 1 1 1 3 1 1 1 1 1 1 1 1 1 1 1 1 1 1 1 1 1 1 1 3 1 1 1 1 12 9 1 7 1 1 12 10 3 12 9 1 1 12 10 5 0 12 9 12 9 1 12 10 3 12 9 1 1 12 9 12 9 12 9 12 9 12 9 12 9 12 9 12 9 1 12 10 3 3 12 9 5 0 12 9 12 9 12 9 12 9 1 1 100 12 9 1 7 1 1 12 9 1 7 1 1 12 10 1 7 1 12 11 1 1 12 10 3 3 3 3 1 7 1 1 12 10 5 0 1 12 10 3 3 1 1 12 10 1 12 10 1 12 10 1 100 10 1 8 1 1 12 10 3 1 12 10 1 1 12 10 1 100 1 12 10 1 100 1 12 11 1 8 1 12 11 1 8 1 12 11 1 12 10 1 8 1 1 1 12 10 1 12 10 1 12 10 1 12 10 1 12 11 1 8 1 1 1 8 12 11 1 8 1 1 3 3 1 1 1 1 1 12 10 1 1 100 1 1 12 10 1 1 12 10 1 1 12 10 3 3 3 3 3 3 3 3 1 1 12 11 1 8 1 1 3 1 100 10 1 8 1 1 8 3 3 10 1 8 1 1 1 1 1 1 1 1
ciInstanceKlass cw 1 1 262 1 100 1 100 1 1 1 1 1 1 1 1 1 1 1 1 8 1 1 1 100 1 1 12 10 1 1 3 12 9 1 100 1 12 9 1 1 1 100 3 1 12 9 1 100 1 1 12 10 1 8 1 1 12 10 3 1 12 10 1 1 12 10 1 100 1 1 12 10 1 1 1 1 1 7 1 1 12 9 1 7 1 1 12 10 1 100 10 1 100 1 12 9 3 3 1 100 1 1 12 9 12 9 3 1 12 10 3 1 12 9 100 1 1 12 10 1 100 1 12 9 1 1 12 9 3 1 12 10 1 100 1 12 10 3 1 100 1 1 12 10 1 8 1 1 8 1 1 12 9 1 100 12 9 3 1 12 9 1 100 1 1 12 9 1 1 12 10 12 9 1 1 12 9 3 1 1 12 10 1 1 12 10 1 12 9 1 1 1 100 1 1 12 10 1 100 3 1 12 10 1 3 3 1 8 1 1 1 12 10 1 12 9 1 12 9 1 12 9 1 100 1 1 12 10 1 3 1 1 1 1 3 1 8 1 8 1 3 1 3 12 10 1 12 10 1 8 1 100 1 1 3 1 8 100 1 1 1 1 1 1
ciInstanceKlass fx 1 1 154 1 7 1 7 1 1 1 1 1 1 1 1 1 1 1 3 1 1 1 1 12 9 3 1 1 1 100 3 1 100 1 1 12 10 1 100 1 1 12 9 1 100 10 1 8 1 1 12 10 3 1 12 10 1 1 12 10 1 100 1 12 10 1 100 1 12 9 3 1 10 12 9 12 9 1 8 1 100 1 3 3 1 1 1 100 1 12 10 3 1 12 10 1 12 9 1 12 9 1 12 9 1 12 9 1 12 10 12 9 1 12 9 1 12 9 1 12 9 1 12 9 1 12 9 1 12 9 1 1 100 1 12 10 12 9 3 3 9 9 3 12 10 1 8 1 100 100 1 1 1 1 1 1
ciInstanceKlass kn 1 1 1545 1 7 1 100 1 1 1 1 1 1 1 1 1 8 1 1 1 8 1 1 1 1 1 1 1 1 1 1 1 1 1 1 1 1 1 1 1 1 1 1 1 1 1 1 1 1 1 1 1 1 1 1 1 1 1 1 1 1 1 1 1 1 1 1 1 1 1 1 1 1 1 1 1 1 1 1 1 1 1 1 1 1 1 1 1 1 1 1 1 1 1 1 1 1 1 1 1 1 1 1 1 1 1 1 1 1 1 1 1 1 1 1 1 1 1 1 1 1 1 1 1 1 1 1 1 1 1 1 1 1 1 1 1 1 1 1 1 1 1 1 1 1 1 1 1 1 1 1 1 1 1 1 1 1 1 1 1 1 1 1 1 1 1 1 1 1 1 1 1 1 1 1 1 1 1 1 1 1 1 1 1 1 1 1 1 1 1 1 1 1 1 1 1 1 1 1 1 1 1 1 1 1 1 1 1 1 1 1 1 1 1 1 1 1 1 1 1 1 1 1 1 1 1 1 1 1 1 1 1 1 1 1 8 1 1 1 1 1 1 1 1 1 1 1 8 1 1 1 1 1 1 1 1 1 1 1 1 1 1 1 1 1 1 1 1 1 1 1 1 1 1 1 1 1 1 1 1 1 1 1 1 1 1 1 1 1 1 1 1 1 1 1 1 1 1 1 1 1 1 1 1 1 1 1 1 1 1 1 1 1 1 1 1 1 1 1 1 1 1 1 1 1 1 1 1 1 1 1 1 1 1 1 1 1 1 1 1 1 1 1 1 1 100 3 12 10 3 3 3 1 100 1 1 12 10 1 8 1 1 12 10 3 1 12 10 1 1 12 10 100 1 12 10 1 100 1 1 1 100 1 12 9 1 1 3 100 1 12 9 1 100 10 1 100 10 1 8 1 100 1 1 12 10 1 12 9 1 1 8 12 9 1 8 12 9 1 8 12 9 1 8 12 9 1 8 12 9 1 8 12 9 1 8 12 9 1 8 12 9 1 8 12 9 1 8 12 9 1 8 12 9 1 8 12 9 1 8 12 9 1 8 12 9 1 8 12 9 1 8 12 9 1 8 12 9 1 8 12 9 1 8 12 9 1 8 12 9 1 8 12 9 1 8 12 9 1 8 12 9 12 9 1 8 12 9 1 8 12 9 1 8 12 9 1 8 12 9 1 8 12 9 1 8 12 9 1 8 12 9 1 8 12 9 1 8 12 9 1 8 12 9 1 8 12 9 1 8 12 9 1 8 12 9 1 8 12 9 1 8 12 9 1 8 12 9 1 8 12 9 12 9 1 8 12 9 12 9 1 8 12 9 1 8 12 9 1 8 12 9 1 8 12 9 1 8 12 9 12 9 1 8 12 9 1 8 12 9 12 9 12 9 12 9 12 9 1 8 12 9 1 8 12 9 1 8 12 9 12 9 1 8 12 9 1 8 12 9 1 8 12 9 1 8 12 9 1 8 12 9 12 9 1 8 12 9 1 8 12 9 12 9 1 8 12 9 1 8 12 9 1 8 12 9 1 8 12 9 1 8 12 9 12 9 12 9 1 8 12 9 1 8 12 9 1 8 12 9 12 9 12 9 1 8 12 9 1 8 12 9 1 8 12 9 1 8 12 9 1 8 12 9 12 9 1 8 12 9 1 8 12 9 1 8 12 9 1 8 12 9 12 9 1 8 12 9 1 8 12 9 1 8 12 9 12 9 1 8 12 9 1 8 12 9 1 8 12 9 1 8 12 9 1 8 12 9 1 8 12 9 1 8 12 9 12 9 12 9 1 8 12 9 12 9 12 9 12 9 1 8 12 9 12 9 1 8 12 9 1 8 12 9 1 8 12 9 1 8 12 9 1 8 12 9 12 9 1 8 12 9 1 8 12 9 12 9 12 9 1 8 12 9 12 9 12 9 1 8 12 9 1 8 12 9 12 9 12 9 12 9 1 8 12 9 1 8 12 9 1 8 12 9 1 8 12 9 1 8 12 9 12 9 1 8 12 9 1 8 12 9 12 9 1 8 12 9 1 8 12 9 12 9 12 9 12 9 1 8 12 9 1 8 12 9 1 8 12 9 1 8 12 9 1 8 12 9 1 8 12 9 1 8 12 9 12 9 1 8 12 9 1 8 12 9 1 8 12 9 1 8 12 9 1 8 12 9 12 9 1 8 12 9 1 8 12 9 1 8 12 9 1 8 12 9 12 9 12 9 1 8 12 9 1 8 12 9 1 8 12 9 1 8 12 9 1 8 12 9 1 8 12 9 1 8 12 9 1 8 12 9 1 8 12 9 1 8 12 9 1 8 12 9 1 8 12 9 1 8 12 9 1 8 12 9 1 8 12 9 1 8 12 9 1 8 12 9 1 8 12 9 1 8 12 9 12 9 1 8 12 9 12 9 1 8 12 9 12 9 1 8 12 9 1 8 12 9 1 8 12 9 1 8 12 9 1 8 12 9 12 9 1 8 12 9 1 8 12 9 1 8 12 9 1 8 12 9 1 8 12 9 1 8 12 9 1 8 12 9 1 8 12 9 1 8 12 9 1 8 12 9 1 8 12 9 12 9 1 8 12 9 1 8 12 9 1 8 12 9 1 8 12 9 1 8 12 9 1 8 12 9 12 9 1 8 12 9 1 8 12 9 1 8 12 9 1 8 12 9 12 9 1 8 12 9 1 8 12 9 1 8 12 9 1 8 12 9 1 8 12 9 1 8 12 9 1 8 12 9 1 8 12 9 1 8 12 9 1 8 12 9 1 8 12 9 1 8 12 9 1 8 12 9 1 8 12 9 1 8 12 9 12 9 12 9 1 8 12 9 12 9 1 8 12 9 12 9 1 8 12 9 12 9 12 9 12 9 1 8 12 9 1 8 12 9 1 8 12 9 1 8 12 9 1 8 12 9 1 8 12 9 1 8 12 9 1 8 12 9 1 8 12 9 1 8 12 9 1 8 12 9 1 8 12 9 12 9 1 8 12 9 1 8 12 9 1 8 12 9 1 8 12 9 1 8 12 9 1 8 12 9 1 8 12 9 1 8 12 9 1 8 12 9 12 9 1 8 12 9 1 8 12 9 1 8 12 9 1 8 12 9 12 9 12 9 12 9 1 8 12 9 1 8 12 9 12 9 1 8 12 9 1 8 12 9 12 9 1 8 12 9 12 9 12 9 12 9 12 9 1 8 12 9 1 8 12 9 1 8 12 9 12 9 1 8 12 9 1 8 12 9 1 8 12 9 1 8 12 9 1 8 12 9 1 8 12 9 1 8 12 9 1 8 12 9 1 8 12 9 1 8 12 9 1 8 12 9 1 8 12 9 1 8 12 9 1 8 12 9 1 8 12 9 1 8 12 9 1 8 12 9 1 8 12 9 1 8 12 9 1 8 12 9 1 8 12 9 1 8 12 9 12 9 12 9 1 8 12 9 1 8 12 9 1 8 12 9 1 8 12 9 1 8 12 9 1 8 12 9 1 1 1 1 1 1 1
ciInstanceKlass pj 1 1 338 1 7 1 7 1 1 1 1 1 1 1 1 1 3 1 3 1 3 1 1 1 12 10 12 9 12 9 10 1 100 10 1 8 1 1 12 10 3 1 12 10 1 1 12 10 1 100 1 12 10 1 100 1 1 1 100 1 1 12 10 1 1 12 9 1 1 1 7 1 1 12 9 1 7 1 12 11 1 1 1 100 1 12 9 3 1 7 1 1 12 9 3 1 7 1 12 10 1 7 1 1 12 9 1 7 1 1 12 10 3 1 12 9 7 1 12 9 3 1 7 1 12 9 3 1 12 9 1 7 1 1 12 10 3 1 7 1 1 12 10 1 12 9 1 1 12 9 1 7 1 12 9 3 1 12 9 3 1 12 9 3 1 7 1 1 12 9 3 1 100 1 1 12 10 1 1 12 9 1 7 1 12 9 3 1 7 1 12 9 3 1 100 10 1 1 12 9 3 1 7 1 1 12 10 12 9 3 3 3 1 12 9 3 12 9 3 1 12 9 1 12 9 1 100 1 12 10 3 1 7 1 12 10 3 1 12 9 100 1 12 10 7 1 12 9 1 7 1 1 12 10 1 12 10 3 1 12 9 12 9 3 1 100 1 1 12 10 12 9 12 9 1 7 1 1 12 10 3 1 7 12 10 12 9 1 1 12 9 1 7 1 1 12 10 12 9 3 3 12 9 3 1 1 12 10 3 12 9 3 1 12 9 3 9 3 12 9 3 5 0 1 1 12 10 1 1 12 10 1 8 100 1 1 1 1 1 1
staticfield pj ag Lpj; pj
staticfield pj af Lpj; pj
ciInstanceKlass md 1 1 262 1 7 1 7 1 100 1 1 100 1 1 3 1 1 1 1 1 3 1 1 3 1 3 1 1 100 1 100 12 9 3 3 1 100 1 1 12 10 1 100 10 1 8 1 1 12 10 3 1 12 10 1 1 12 10 1 100 1 1 12 10 1 1 3 12 10 1 8 1 1 1 1 12 10 3 1 1 12 10 1 8 1 3 1 3 1 10 1 1 1 3 7 1 1 12 10 1 8 1 1 100 1 1 12 10 3 1 100 1 12 9 1 100 1 12 10 10 1 1 12 9 1 100 1 12 9 1 100 1 12 9 1 100 12 9 1 12 10 1 12 10 12 9 10 1 1 12 10 1 100 1 100 1 12 10 1 12 9 3 1 12 10 1 100 1 1 12 11 1 100 3 12 9 1 12 9 10 10 3 1 100 1 12 10 1 100 1 12 10 1 100 1 100 1 12 9 3 1 12 10 10 3 12 9 1 100 1 100 10 12 9 3 10 3 1 12 9 1 12 11 3 1 100 1 12 10 1 8 1 3 3 9 1 100 10 1 7 1 12 9 3 1 7 1 12 9 3 1 8 1 1 1 12 10 1 1 1 1 1 1 1
ciInstanceKlass ep 1 1 27 1 7 1 7 1 1 1 1 1 1 1 1 1 12 10 1 12 9 12 9 1 10 1 1 1 1
staticfield ep af Lep; ep
staticfield ep ag Lep; ep
ciInstanceKlass yc 1 1 89 1 7 1 7 1 1 1 1 1 1 1 1 1 3 1 1 12 9 1 1 100 12 9 3 3 1 100 1 12 10 1 8 1 1 12 10 3 1 12 10 1 1 12 10 1 100 1 12 10 1 1 1 1 12 10 1 1 8 1 10 1 8 1 100 1 1 1 8 1 1 3 12 10 1 8 1 1 1 1 3 1 3 1 1 1 1 1 1
instanceKlass fy
instanceKlass fr
ciInstanceKlass fv 1 1 267 1 7 1 7 1 1 7 1 1 1 1 1 1 1 3 1 3 1 3 1 1 4 1 1 1 3 1 1 1 1 1 1 3 1 1 3 3 3 1 1 1 12 9 1 1 1 12 10 1 1 1 12 10 1 1 12 10 1 1 1 1 7 1 1 12 9 1 7 1 12 10 1 1 1 1 12 10 1 1 1 100 1 1 12 9 1 100 1 12 9 100 1 12 9 1 100 1 1 12 10 1 100 1 12 9 12 9 12 9 1 1 4 4 4 1 1 12 10 1 1 7 1 12 10 1 1 12 10 1 1 1 12 10 12 9 1 100 1 1 12 9 1 100 1 12 9 1 12 10 12 9 12 9 12 9 1 12 10 1 1 1 12 10 1 1 12 10 3 1 12 9 1 12 10 1 1 1 12 10 1 1 1 1 12 10 1 1 1 3 3 3 3 1 1 1 12 10 1 1 1 12 10 12 9 1 12 10 1 12 10 1 12 10 1 1 10 12 9 12 9 1 1 1 12 10 1 1 1 1 12 10 1 1 12 10 1 1 1 1 1 1 1 1 1 12 10 1 1 1 1 12 10 1 1 12 10 1 1 1 1 1 1 1 1 1 1
staticfield fv mz Lnet/runelite/api/Rasterizer; rl13
ciInstanceKlass jn 1 1 93 1 7 1 100 1 1 1 1 3 1 1 1 1 1 5 0 1 1 1 3 1 1 3 1 3 1 1 1 1 1 100 12 10 1 100 10 1 100 10 1 8 1 1 12 10 3 1 12 10 1 1 12 10 100 1 12 10 1 1 7 10 12 9 1 8 1 1 12 10 1 7 1 1 12 10 1 1 12 10 1 7 1 1 12 10 1 1 1 1 1 1 1
staticfield jn ae Ljava/util/HashMap; java/util/HashMap
ciInstanceKlass fw 1 1 370 1 7 1 7 1 100 1 1 1 3 1 1 1 1 1 1 1 1 1 1 1 3 1 1 1 3 12 9 3 12 9 1 1 100 12 9 3 12 9 3 1 100 1 1 12 10 1 8 1 1 12 10 3 1 12 10 1 1 12 10 1 100 1 12 10 1 3 12 9 12 9 3 1 8 1 8 1 1 1 1 1 10 3 12 9 3 3 3 3 3 3 1 8 1 100 1 3 1 1 3 1 1 1 1 12 10 1 8 1 1 1 7 1 1 12 9 1 7 1 1 12 10 1 7 1 1 12 9 1 12 9 6 0 1 12 9 6 0 1 12 9 6 0 100 1 12 10 3 1 1 12 10 12 9 1 12 9 3 1 12 9 1 12 9 3 1 12 9 3 1 1 12 10 3 1 12 9 3 1 12 9 3 3 1 1 1 1 100 1 100 1 1 12 9 3 1 100 10 1 100 1 1 12 9 1 100 1 100 1 1 12 9 1 12 10 3 1 100 1 12 10 3 1 100 12 10 3 1 12 10 1 100 1 12 10 3 12 10 3 1 12 10 3 1 100 9 3 1 12 9 10 3 3 12 9 3 3 1 12 9 1 1 12 10 12 9 12 9 1 1 12 10 3 12 9 3 1 12 10 3 12 9 1 12 10 3 12 9 1 1 12 9 12 9 1 100 1 12 10 1 12 10 1 8 1 100 1 1 1 12 9 3 1 1 12 9 3 1 7 12 10 3 1 7 1 12 10 1 8 1 1 12 10 1 8 1 1 100 10 1 100 1 12 11 1 1 12 11 3 5 0 1 8 1 1 7 1 12 9 1 1 1 1 1 1 1 1 1 1
ciInstanceKlass cl 1 1 1041 1 7 1 100 1 1 1 1 1 1 1 3 1 1 3 1 1 1 1 1 1 1 1 1 1 1 1 1 3 1 1 1 1 1 1 1 1 3 1 3 1 3 1 1 1 100 1 12 10 1 100 1 12 9 12 9 3 12 9 3 1 100 1 1 12 10 1 100 1 12 9 1 1 12 10 1 100 1 12 10 1 100 1 12 9 1 1 12 10 3 1 100 1 12 10 12 9 3 3 12 9 1 1 12 9 12 9 3 12 9 12 9 12 9 12 9 12 9 7 12 9 12 9 3 3 12 9 3 3 3 3 3 3 12 9 1 7 1 7 1 12 9 1 1 12 10 12 9 1 7 12 9 3 1 1 1 100 1 12 9 3 1 100 1 12 10 3 1 12 9 3 3 1 12 9 3 1 12 9 3 1 1 12 9 1 100 1 1 12 10 3 1 100 1 12 9 1 100 1 12 9 3 12 9 3 1 12 10 3 1 12 9 3 3 1 12 9 1 1 1 100 1 12 9 1 100 1 12 11 1 100 12 9 3 3 12 9 3 3 1 12 10 3 1 100 1 12 10 1 1 12 11 9 12 9 3 1 12 10 3 1 1 12 10 3 1 100 1 1 12 10 3 1 12 10 3 1 12 10 1 12 10 1 100 1 1 12 9 3 12 10 1 1 12 10 3 1 12 9 3 3 3 3 1 12 9 3 1 100 1 1 12 10 12 10 1 12 10 3 1 100 1 12 9 3 1 12 9 1 12 10 3 100 1 12 10 3 12 9 3 3 3 1 1 12 11 3 1 12 9 3 3 1 1 12 10 1 100 1 12 10 1 100 12 10 1 100 10 1 100 10 1 8 1 1 12 10 3 1 12 10 1 1 12 10 100 1 12 10 1 3 1 12 9 3 3 3 3 3 1 100 1 1 12 10 3 3 3 4 9 3 3 3 3 3 3 3 3 3 3 3 3 1 100 1 12 9 12 10 3 3 3 3 3 1 12 10 3 1 100 12 9 3 1 12 10 3 1 1 12 10 3 1 12 10 3 1 1 12 10 3 3 3 1 1 12 10 3 3 3 3 3 1 1 12 10 3 3 3 3 3 3 3 3 3 3 3 3 3 3 3 3 3 3 3 3 3 3 3 3 3 3 3 3 3 3 3 3 3 3 3 3 3 3 3 3 3 3 3 1 12 9 1 100 10 3 1 12 10 1 1 12 9 1 100 1 12 10 1 100 9 3 3 1 12 9 3 1 100 1 12 10 12 9 1 12 9 1 100 1 12 10 12 9 3 1 1 12 9 3 1 100 1 12 10 12 9 1 1 12 9 1 100 1 12 10 3 1 1 12 10 3 1 1 12 10 3 1 12 9 3 1 100 3 3 3 3 3 3 3 3 3 3 3 3 3 3 3 3 3 3 3 1 3 3 3 3 3 3 1 12 9 3 3 1 12 9 3 12 10 3 1 100 1 12 9 1 100 1 12 9 1 12 10 1 100 1 12 9 12 10 1 12 9 12 9 3 1 1 12 10 1 1 12 9 1 1 12 9 1 100 1 12 10 1 100 12 9 3 1 12 9 3 3 3 1 1 12 9 1 12 10 12 10 3 12 10 1 12 9 1 100 12 10 3 1 12 9 3 12 9 3 12 9 3 3 100 12 9 12 9 3 3 12 9 3 9 3 12 9 12 9 3 3 12 9 3 12 9 3 1 12 9 3 1 12 9 12 10 1 12 10 12 9 3 3 1 12 9 12 9 3 9 3 3 1 100 1 1 12 10 3 3 1 1 12 10 3 12 10 3 12 10 3 9 1 100 1 12 10 3 1 12 9 3 1 100 1 1 12 10 100 12 9 3 12 9 1 12 10 3 1 12 10 12 10 1 100 1 1 12 10 3 1 1 12 10 3 1 12 10 100 1 1 12 9 1 100 1 12 10 12 9 3 3 3 1 100 1 12 10 1 100 100 1 9 3 3 1 100 1 12 10 1 100 1 12 9 9 3 3 1 100 1 12 10 12 9 3 1 12 10 3 1 12 10 3 100 1 1 12 10 3 1 12 10 3 1 12 10 1 100 1 12 10 1 3 3 3 3 3 3 3 3 3 3 3 3 3 3 3 3 3 3 3 3 3 3 3 3 3 3 3 3 3 3 3 3 3 3 3 3 3 3 3 3 3 3 3 3 3 3 3 3 3 3 3 3 3 3 3 3 3 3 3 3 3 3 3 3 3 3 3 3 3 3 3 3 3 3 3 3 3 3 3 3 3 3 3 3 3 3 3 3 3 3 3 3 3 3 3 1 3 3 3 3 3 3 3 3 1 1 100 1 7 1 1 12 9 7 10 1 8 1 1 1 1 1 1 1
ciInstanceKlass fk 1 1 316 1 7 1 100 1 1 1 1 1 1 1 1 1 1 1 1 1 1 1 1 1 1 1 1 1 1 1 3 1 3 1 12 9 1 7 1 12 9 1 1 7 1 12 9 12 9 12 9 12 9 1 1 1 12 9 1 1 12 10 12 9 6 0 6 0 6 0 6 0 6 0 6 0 6 0 6 0 6 0 12 9 6 0 6 0 6 0 1 12 10 1 7 1 1 12 10 1 1 12 9 1 3 1 1 12 9 1 12 9 1 12 9 1 12 9 1 12 9 1 12 9 1 1 3 12 9 6 0 12 9 6 0 1 1 12 10 12 9 12 9 12 9 3 1 12 10 1 12 10 12 9 1 7 1 12 9 1 12 9 1 12 9 1 12 9 1 7 1 12 10 1 7 10 1 1 1 7 12 10 1 1 12 10 12 10 1 1 12 9 12 9 1 1 12 10 1 100 10 1 100 10 1 1 12 10 1 1 1 12 10 1 1 1 100 1 12 9 3 1 100 1 1 12 10 1 1 1 1 3 1 1 1 1 1 1 12 10 12 9 3 1 100 1 12 10 1 3 1 1 1 1 12 10 1 1 1 1 1 1 1 1 1 1 1 12 10 1 3 3 1 1 1 1 1 1 12 9 1 12 9 9 9 12 10 12 10 1 1 1 3 1 1 1 1 1 1 12 10 1 1 1 1 1 1 1 1 1 1 1 1 1 1 1 1 1
staticfield fk af Lfv; fy
staticfield fk ag Lfv; fr
ciInstanceKlass fr 1 1 619 1 7 1 7 1 1 1 1 1 1 1 1 12 9 1 7 1 1 12 9 3 3 3 3 1 1 12 9 1 12 9 1 12 9 1 12 9 1 100 1 1 1 1 1 12 9 1 1 12 10 1 12 9 1 12 9 1 12 9 1 1 1 12 10 3 1 1 1 1 1 12 10 1 1 1 12 9 3 1 7 1 1 12 11 1 1 12 10 12 10 3 1 1 12 11 1 12 9 1 12 10 1 12 9 3 1 12 11 1 1 3 3 3 3 3 3 3 3 3 3 3 3 3 3 3 3 1 3 12 10 3 3 1 1 12 10 1 1 3 3 3 3 3 3 3 3 3 3 3 3 3 3 3 3 3 3 3 3 3 3 3 3 3 3 3 3 3 3 3 3 3 3 3 3 3 3 3 3 3 3 1 1 1 3 3 3 3 3 3 3 3 3 3 3 3 3 3 3 3 3 3 3 3 3 3 3 3 3 3 3 3 3 3 3 3 3 3 3 3 3 3 3 3 3 3 3 3 3 3 3 3 3 3 3 3 3 3 3 3 3 3 3 3 3 3 3 3 3 3 3 3 3 3 3 3 3 3 3 3 3 3 3 3 3 3 3 3 3 3 3 3 3 3 3 3 3 3 3 3 3 3 3 3 3 3 3 3 3 3 3 3 3 3 3 3 3 3 3 3 3 3 3 3 3 3 3 3 3 3 3 3 3 3 3 3 3 3 3 3 3 3 3 3 3 1 1 3 3 3 1 12 10 9 1 7 1 1 12 10 1 3 3 3 1 3 3 3 1 3 3 3 1 3 3 3 1 1 12 10 1 12 9 1 12 9 1 1 1 1 3 3 3 3 3 3 3 3 3 3 3 3 3 3 3 3 3 3 3 3 3 3 3 3 3 3 3 3 3 3 3 3 3 3 3 3 3 3 3 3 3 3 3 3 3 3 3 3 3 3 3 3 3 3 3 3 3 3 3 3 3 3 3 3 3 3 3 3 3 3 3 3 3 3 3 3 3 3 3 3 3 3 3 3 3 3 3 3 3 3 3 3 3 3 3 3 3 3 3 3 3 3 3 3 3 3 3 3 3 3 3 3 3 3 3 3 3 3 3 3 3 3 3 3 3 3 3 3 3 3 3 3 1 3 3 3 1 1 1 1 1 1 3 3 3 3 3 3 3 3 3 3 3 3 3 3 3 3 3 3 3 3 3 3 3 3 3 3 3 3 3 3 3 3 3 3 3 3 3 3 3 1 3 3 3 3 3 3 3 3 3 3 3 3 3 3 3 3 3 3 3 3 3 3 3 3 3 3 3 3 3 3 3 3 3 3 3 3 3 3 3 3 3 3 3 3 3 3 1 12 9 12 9 1 12 9 1 12 9 12 9 1 12 9 1 1 1 1 1
ciInstanceKlass fy 1 1 323 1 100 1 7 1 1 1 1 1 1 12 10 1 1 1 100 1 1 12 10 1 1 1 1 12 10 1 1 12 9 1 100 1 1 12 9 1 1 12 9 1 1 12 9 1 1 12 10 1 1 12 10 1 1 12 10 3 1 12 9 1 12 9 3 1 1 12 10 3 1 12 9 3 1 100 1 1 1 12 9 1 12 9 1 1 12 10 1 1 3 3 1 1 12 10 1 1 12 10 12 10 3 3 12 10 1 1 1 12 10 4 1 1 3 3 3 3 1 3 3 3 1 1 12 9 1 1 1 1 1 1 1 12 9 1 1 12 10 1 12 9 12 9 1 1 12 10 1 12 9 1 1 1 12 10 1 1 1 1 1 12 9 3 1 100 1 1 12 11 1 1 12 10 12 10 4 1 12 10 1 12 9 1 12 9 3 1 12 11 3 1 1 12 11 1 12 10 1 3 3 3 3 3 3 3 12 10 1 1 3 3 3 3 3 3 3 3 1 1 1 1 1 1 1 1 3 3 3 1 3 3 3 1 12 10 3 3 3 1 3 3 3 1 3 3 3 1 12 10 3 3 3 1 1 3 3 3 1 1 1 1 100 1 1 3 3 3 1 3 3 1 12 10 1 1 3 3 3 3 1 1 1 1 1 1 3 3 3 3 3 1 12 9 4 3 3 3 3 12 10 3 3 3 3 3 1 3 3 3 3 3 1 1 12 10 12 10 1 1 1 1 1
ciInstanceKlass fc 1 1 125 1 7 1 7 1 1 1 1 1 1 1 1 3 1 1 4 1 3 1 4 1 4 1 4 1 3 1 1 1 3 1 1 1 1 1 1 1 1 1 4 1 1 1 3 1 1 1 1 1 1 1 1 3 1 1 1 1 1 12 9 1 12 9 12 9 12 9 12 9 12 9 12 9 12 9 12 9 1 1 1 1 12 9 1 1 1 1 12 10 1 7 10 12 9 12 9 12 9 12 9 12 9 12 9 12 9 1 1 1 12 10 1 1 1 1 1 12 10 1 1 1 1 1 1
ciInstanceKlass mk 1 1 485 1 100 1 7 1 100 1 1 100 1 1 1 8 1 1 1 1 1 3 1 1 100 1 100 1 1 12 10 6 0 1 1 12 10 1 100 1 1 12 10 1 8 1 1 12 10 3 1 12 10 1 1 12 10 1 100 1 12 10 1 1 5 0 1 100 1 12 9 1 100 10 1 8 1 1 12 10 1 8 1 1 12 10 1 8 1 1 1 1 7 1 1 12 10 3 1 100 1 12 9 1 1 12 10 3 1 100 1 1 12 10 1 100 1 1 12 9 1 1 12 10 1 100 1 12 10 12 9 3 1 7 1 12 9 1 100 1 12 9 3 1 12 9 3 1 100 1 1 12 10 3 1 12 9 1 8 1 1 1 1 1 1 3 1 12 9 1 7 1 1 12 10 1 7 1 1 12 9 1 7 1 12 9 3 1 12 9 3 12 9 3 3 1 12 9 3 1 1 12 10 3 3 1 100 1 12 10 1 1 12 9 1 7 1 1 12 10 1 7 1 12 9 3 3 1 12 9 1 12 9 3 1 12 9 3 3 1 12 9 3 3 12 10 1 1 12 9 1 100 1 1 12 10 1 12 9 1 1 12 10 1 12 9 12 9 3 3 1 12 10 1 1 12 9 1 12 9 1 1 12 10 10 1 12 9 3 12 10 3 1 12 10 3 12 10 1 1 12 10 1 7 1 12 10 3 12 10 1 12 9 3 3 12 10 1 100 12 9 3 12 10 3 1 1 12 10 1 12 10 3 1 7 3 1 1 12 10 1 12 10 12 9 3 3 12 9 3 1 12 9 1 1 12 10 1 1 12 10 3 12 9 1 12 10 1 8 1 3 1 100 1 12 10 3 100 1 12 10 3 1 100 1 12 9 1 100 9 3 1 100 1 12 10 3 3 3 1 1 12 10 3 3 1 12 10 3 12 10 3 1 1 12 10 12 9 1 8 1 100 1 100 1 100 1 100 1 1 12 9 1 100 1 1 12 10 3 1 100 1 12 9 3 1 100 1 12 9 3 100 1 12 9 3 1 1 12 10 12 9 3 1 100 1 12 10 3 1 100 1 12 9 1 12 9 1 8 10 1 1 1 1 1 1 1
ciInstanceKlass hn 1 1 157 1 100 1 100 1 1 1 3 1 1 1 1 1 1 3 1 3 1 1 1 100 1 100 1 12 9 3 3 1 12 9 3 1 1 12 10 3 1 100 1 1 12 10 1 100 1 1 12 10 1 8 1 1 12 10 3 1 12 10 1 1 12 10 1 100 1 12 10 1 12 9 1 8 1 1 1 10 1 8 100 1 100 1 1 1 7 1 1 12 9 3 1 100 10 1 7 1 1 12 9 3 1 7 1 1 12 10 1 1 12 10 1 12 10 1 7 1 1 12 10 1 12 10 1 100 1 1 12 9 1 100 1 12 10 1 8 1 100 1 1 3 1 12 10 1 8 1 8 1 8 1 1 1 1 1 1
ciInstanceKlass yb 1 1 291 1 7 1 7 1 100 1 1 1 1 1 1 1 1 1 1 1 1 1 1 1 100 12 9 3 1 100 1 1 12 10 1 8 1 1 12 10 3 1 12 10 1 1 12 10 1 100 1 12 10 1 10 3 3 12 9 1 8 1 100 1 12 10 12 9 12 9 12 9 1 1 1 3 1 1 1 7 1 1 12 10 1 100 1 1 12 9 1 7 1 1 12 9 1 7 1 12 9 1 100 1 12 9 3 1 100 10 3 1 7 12 10 3 1 7 12 10 3 1 12 10 1 7 1 12 10 1 1 12 9 3 1 12 10 3 1 100 1 12 9 3 1 100 1 12 9 3 1 100 1 12 9 3 100 1 12 9 3 1 100 1 12 9 3 1 7 1 12 9 3 3 3 1 7 1 12 9 1 100 1 1 12 9 3 1 100 1 12 10 3 1 12 9 1 12 9 3 1 100 1 1 12 10 1 12 9 3 1 12 9 12 9 3 3 1 100 1 12 9 1 1 12 10 1 12 9 100 1 1 12 9 1 100 12 9 3 12 9 3 1 1 12 9 1 1 12 9 100 1 12 9 3 1 100 1 12 10 3 1 1 12 10 3 1 12 9 3 1 12 10 3 12 10 3 7 1 12 9 1 8 1 1 1 1 8 1 1 1 1 1
staticfield yb ag Lyb; yb
staticfield yb af Lyb; yb
staticfield yb ae Lyb; yb
ciInstanceKlass ba 1 1 248 1 7 1 7 1 1 1 1 1 1 1 1 1 1 1 1 1 1 1 1 1 1 1 1 3 1 1 3 12 9 1 3 12 9 1 1 12 9 1 12 9 1 1 12 9 3 1 12 9 3 1 3 1 1 100 4 4 3 1 100 1 1 12 10 1 100 10 1 8 1 1 12 10 3 1 12 10 1 1 12 10 1 100 1 12 10 1 3 1 3 12 9 3 1 3 1 3 1 100 1 12 11 1 100 1 12 9 3 3 1 100 12 9 3 1 12 9 1 12 9 3 1 12 9 3 3 1 12 9 3 1 12 9 3 3 1 100 1 12 10 1 12 9 1 100 1 12 9 3 1 100 1 12 11 3 1 12 9 3 12 9 3 3 1 12 9 3 1 3 12 9 1 3 1 8 1 1 3 1 1 12 10 3 3 1 100 1 12 10 1 100 10 1 100 1 12 9 1 100 1 100 1 1 12 9 3 1 12 10 1 1 12 10 1 8 1 1 1 100 1 12 9 1 1 1 100 12 10 3 9 1 1 1 3 1 3 10 1 8 1 100 1 1 1 1 1 1
ciMethodData fk ab ()I 2 330664 orig 80 0 0 0 0 0 0 0 0 0 0 0 0 0 0 0 0 0 0 0 0 0 0 0 0 0 0 0 0 0 0 0 0 0 0 0 0 0 0 0 0 0 0 0 0 0 0 0 0 0 0 0 0 0 0 0 0 0 0 0 0 0 0 0 0 0 0 0 0 0 0 0 0 0 0 0 0 0 0 0 0 data 5 0x0 0x0 0x0 0x9 0x0 oops 0 methods 0
ciMethodData fk ar ()V 2 25173 orig 80 0 0 0 0 0 0 0 0 0 0 0 0 0 0 0 0 0 0 0 0 0 0 0 0 0 0 0 0 0 0 0 0 0 0 0 0 0 0 0 0 0 0 0 0 0 0 0 0 0 0 0 0 0 0 0 0 0 0 0 0 0 0 0 0 0 0 0 0 0 0 0 0 0 0 0 0 0 0 0 0 data 10 0xc0002 0x50f9 0x0 0x0 0x0 0x0 0x0 0x0 0x9 0x0 oops 0 methods 0
ciMethodData yl qt (II)V 2 58652 orig 80 0 0 0 0 0 0 0 0 0 0 0 0 105 1 0 0 0 0 0 0 0 0 0 0 0 0 0 0 0 0 0 0 0 0 0 0 0 0 0 0 0 0 0 0 0 0 0 0 0 0 0 0 0 0 0 0 0 0 0 0 0 0 0 0 0 0 0 0 0 0 0 0 0 0 0 0 0 0 0 0 data 110 0x70003 0x1c91 0x270 0x100003 0x1c91 0x80 0x200003 0x13a 0x2a8 0x2c0003 0x1c91 0xffffffffffffffd0 0x310007 0x0 0x170 0x1c91 0x340003 0x1c91 0x208 0x460007 0x1c6b 0xa0 0x26 0x500003 0x26 0xb8 0x5a0003 0x26 0x30 0x610003 0x26 0xa0 0x6b0007 0x1c31 0xffffffffffffff60 0x60 0x6e0003 0x60 0x138 0x810007 0x1b57 0x1a0 0x13a 0x840003 0x13a 0xfffffffffffffed8 0x8e0003 0x26 0xffffffffffffff78 0x9b0003 0x26 0xffffffffffffffb0 0xa50003 0x26 0x60 0xac0003 0x26 0x18 0xb70003 0x26 0x70 0xc20003 0x1c91 0xfffffffffffffe60 0xcc0003 0x26 0xffffffffffffffb8 0xe20002 0x1c91 0xe50003 0x1c91 0x98 0xed0003 0x26 0x80 0x10f0003 0x60 0xfffffffffffffe08 0x1190003 0x1c91 0xffffffffffffff78 0x11e0007 0x1c91 0xffffffffffffff90 0x0 0x1210003 0x0 0xffffffffffffff28 0x12c0003 0x26 0xfffffffffffffe10 0x1330007 0x1c6b 0xfffffffffffffe28 0x26 0x1360003 0x26 0xfffffffffffffea8 0x0 0x0 0x0 0x0 0x0 0x0 0x0 0x9 0x3 0x0 0x0 0x0 oops 0 methods 0
ciMethod mk aa (Lkb;Ldp;IIII)V 204 0 1800 0 -1
ciMethod mk cr (I)I 0 0 1 0 -1
ciMethodData xj <init> (Lxr;)V 2 35967 orig 80 0 0 0 0 0 0 0 0 0 0 0 0 105 1 0 0 0 0 0 0 0 0 0 0 0 0 0 0 0 0 0 0 0 0 0 0 0 0 0 0 0 0 0 0 0 0 0 0 0 0 0 0 0 0 0 0 0 0 0 0 0 0 0 0 0 0 0 0 0 0 0 0 0 0 0 0 0 0 0 0 data 25 0x10002 0x76d9 0xe0003 0x76d9 0x18 0x130005 0x0 0x0 0x169a7fe2910 0x76d9 0x0 0x0 0x160003 0x76d9 0xffffffffffffffc8 0x0 0x0 0x0 0x0 0x0 0x0 0x9 0x2 0x0 0x0 oops 1 8 xj methods 0
ciMethodData xj af ()V 2 17826 orig 80 0 0 0 0 0 0 0 0 0 0 0 0 105 1 0 0 0 0 0 0 0 0 0 0 0 0 0 0 0 0 0 0 0 0 0 0 0 0 0 0 0 0 0 0 0 0 0 0 0 0 0 0 0 0 0 0 0 0 0 0 0 0 0 0 0 0 0 0 0 0 0 0 0 0 0 0 0 0 0 0 data 7 0x0 0x0 0x0 0x0 0x9 0x1 0x0 oops 0 methods 0
ciMethodData xr iterator ()Ljava/util/Iterator; 2 28745 orig 80 0 0 0 0 0 0 0 0 0 0 0 0 105 1 0 0 0 0 0 0 0 0 0 0 0 0 0 0 0 0 0 0 0 0 0 0 0 0 0 0 0 0 0 0 0 0 0 0 0 0 0 0 0 0 0 0 0 0 0 0 0 0 0 0 0 0 0 0 0 0 0 0 0 0 0 0 0 0 0 0 data 8 0x50002 0x6f49 0x0 0x0 0x0 0x9 0x1 0x0 oops 0 methods 0
ciMethod hn cf (Ljava/lang/String;ZI)V 94 188 47 0 -1
ciMethodData cc iterator ()Ljava/util/Iterator; 2 17764 orig 80 0 0 0 0 0 0 0 0 0 0 0 0 0 0 0 0 0 0 0 0 0 0 0 0 0 0 0 0 0 0 0 0 0 0 0 0 0 0 0 0 0 0 0 0 0 0 0 0 0 0 0 0 0 0 0 0 0 0 0 0 0 0 0 0 0 0 0 0 0 0 0 0 0 0 0 0 0 0 0 0 data 41 0x40005 0x3d62 0x0 0x0 0x0 0x0 0x0 0xc0002 0x0 0x120005 0x0 0x0 0x0 0x0 0x0 0x0 0x170005 0x0 0x0 0x0 0x0 0x0 0x0 0x1a0005 0x0 0x0 0x0 0x0 0x0 0x0 0x1d0002 0x0 0x0 0x0 0x0 0x0 0x0 0x0 0x9 0x1 0x0 oops 0 methods 0
ciMethodData yc ae (B)I 2 26101 orig 80 0 0 0 0 0 0 0 0 0 0 0 0 0 0 0 0 0 0 0 0 0 0 0 0 0 0 0 0 0 0 0 0 0 0 0 0 0 0 0 0 0 0 0 0 0 0 0 0 0 0 0 0 0 0 0 0 0 0 0 0 0 0 0 0 0 0 0 0 0 0 0 0 0 0 0 0 0 0 0 0 data 35 0xc0002 0x0 0x110005 0x0 0x0 0x0 0x0 0x0 0x0 0x160005 0x0 0x0 0x0 0x0 0x0 0x0 0x190005 0x0 0x0 0x0 0x0 0x0 0x0 0x1c0002 0x0 0x0 0x0 0x0 0x0 0x0 0x0 0x9 0x2 0x0 0x0 oops 0 methods 0
ciMethodData yc af (II)I 2 22788 orig 80 0 0 0 0 0 0 0 0 0 0 0 0 105 1 0 0 0 0 0 0 0 0 0 0 0 0 0 0 0 0 0 0 0 0 0 0 0 0 0 0 0 0 0 0 0 0 0 0 0 0 0 0 0 0 0 0 0 0 0 0 0 0 0 0 0 0 0 0 0 0 0 0 0 0 0 0 0 0 0 0 data 36 0xb0002 0x0 0x100005 0x0 0x0 0x0 0x0 0x0 0x0 0x150005 0x0 0x0 0x0 0x0 0x0 0x0 0x180005 0x0 0x0 0x0 0x0 0x0 0x0 0x1b0002 0x0 0x0 0x0 0x0 0x0 0x0 0x0 0x9 0x3 0x0 0x0 0x0 oops 0 methods 0
ciMethod yb dk (IIIIIIIB)V 206 1648 1800 0 -1
ciMethodData cm ag (IIIIS)V 1 52273 orig 80 0 0 0 0 0 0 0 0 0 0 0 0 105 1 0 0 0 0 0 0 0 0 0 0 0 0 0 0 0 0 0 0 0 0 0 0 0 0 0 0 0 0 0 0 0 0 0 0 0 0 0 0 0 0 0 0 0 0 0 0 0 0 0 0 0 0 0 0 0 0 0 0 0 0 0 0 0 0 0 0 data 744 0x80003 0x68 0x320 0x100005 0x0 0x0 0x0 0x0 0x0 0x0 0x250005 0x0 0x0 0x0 0x0 0x0 0x0 0x2b0003 0x0 0xf00 0x310002 0x68 0x370003 0x68 0xce0 0x3d0007 0x0 0x310 0x68 0x450007 0x68 0x318 0x0 0x5c0002 0x68 0x5f0003 0x68 0xed0 0x620002 0x68 0x670003 0x68 0x1160 0x720005 0x0 0x0 0x0 0x0 0x0 0x0 0x750003 0x0 0x518 0x840003 0x0 0xf8 0x900003 0x68 0xa48 0x9a0007 0x0 0xf00 0x0 0xa20007 0x0 0xa38 0x0 0xa90002 0x0 0xad0002 0x68 0xb00002 0x68 0xb90002 0x68 0xbe0003 0x68 0x6a0 0xc90003 0x68 0xfe0 0xcf0003 0x68 0x9f8 0xd70007 0x68 0xcc0 0x0 0xdf0007 0x0 0x368 0x0 0xe60002 0x0 0xf30003 0x68 0xb38 0x1010003 0x0 0xc58 0x10c0003 0x68 0xfffffffffffffd80 0x12b0002 0x68 0x1320002 0x68 0x1350003 0x68 0xfffffffffffffd70 0x1410005 0x0 0x0 0x0 0x0 0x0 0x0 0x1440003 0x0 0x1040 0x1470003 0x68 0x28 0x14d0002 0x0 0x16c0003 0x68 0xf48 0x1710002 0x68 0x1760003 0x68 0xffffffffffffffb0 0x17f0002 0x68 0x1840003 0x68 0x258 0x18c0005 0x0 0x0 0x0 0x0 0x0 0x0 0x1930003 0x0 0xb78 0x1990007 0x68 0x308 0x208 0x1a10007 0x208 0x30 0x0 0x1a80002 0x0 0x1b20007 0x208 0x2a0 0x0 0x1b50002 0x0 0x1df0002 0x0 0x1ee0003 0x0 0xb20 0x1f90003 0x68 0x398 0x2030002 0x1 0x2060007 0x0 0xe28 0x1 0x20e0007 0x1 0xca8 0x0 0x2150005 0x0 0x0 0x169a7fe2700 0x68 0x0 0x0 0x21a0003 0x68 0x360 0x2320002 0x68 0x2350003 0x68 0x798 0x2430007 0x0 0x938 0x0 0x2460003 0x0 0xfffffffffffffcc0 0x2490003 0x0 0x130 0x2590003 0x0 0x118 0x25f0003 0x68 0xfffffffffffffe10 0x26b0002 0x0 0x2700002 0x0 0x2760005 0x0 0x0 0x0 0x0 0x0 0x0 0x2790003 0x0 0x90 0x2850005 0x0 0x0 0x169a7fe27b0 0x68 0x0 0x0 0x2880007 0x68 0xfffffffffffffc20 0x0 0x2900007 0x0 0x3a0 0x0 0x2970003 0x208 0xfffffffffffffd10 0x2b00007 0x0 0x308 0x68 0x2b80007 0x68 0x30 0x0 0x2bf0002 0x0 0x2ca0007 0x0 0x2b8 0x68 0x2d10007 0x0 0x298 0x68 0x2d90007 0x68 0x20 0x0 0x2e40007 0x0 0x258 0x68 0x30e0003 0x68 0xfffffffffffffcd0 0x3190005 0x0 0x0 0x169a7fe2860 0x68 0x0 0x0 0x31c0003 0x68 0x8b8 0x3270003 0x68 0x4e0 0x3360007 0x68 0xfffffffffffff9a8 0x0 0x33e0007 0x0 0xfffffffffffff890 0x0 0x3450002 0x0 0x34b0005 0x0 0x0 0x169a7fe2910 0xd0 0x0 0x0 0x3500007 0x68 0x118 0x68 0x3580007 0x68 0x20 0x0 0x35e0005 0x0 0x0 0x169a7fe2910 0x68 0x0 0x0 0x3630004 0x0 0x0 0x169a7fe29c0 0x68 0x0 0x0 0x3800005 0x0 0x0 0x169a7fe2a70 0x68 0x0 0x0 0x3830003 0x68 0xfffffffffffffee0 0x38b0003 0x68 0xfffffffffffff870 0x38e0003 0x68 0x18 0x39c0002 0x68 0x3a80002 0x68 0x3ae0002 0x68 0x3b10003 0x68 0xfffffffffffff650 0x3b70003 0x0 0x188 0x3cb0005 0x0 0x0 0x0 0x0 0x0 0x0 0x3cf0005 0x0 0x0 0x0 0x0 0x0 0x0 0x3d20004 0x0 0x0 0x0 0x0 0x0 0x0 0x3d70003 0x0 0x7a0 0x3ee0007 0x0 0xffffffffffffff28 0x68 0x3f10003 0x68 0xfffffffffffff698 0x4020002 0x68 0x4050003 0x68 0xfffffffffffff610 0x4270005 0x0 0x0 0x0 0x0 0x0 0x0 0x42a0003 0x0 0x470 0x4370002 0x68 0x46d0005 0x0 0x0 0x169a7fe2a70 0x68 0x0 0x0 0x4700003 0x68 0x490 0x4730003 0x0 0xfffffffffffffab0 0x4770002 0x68 0x47d0007 0x68 0x60 0x0 0x4850007 0x0 0x30 0x0 0x48c0002 0x0 0x4900002 0x0 0x49e0002 0x68 0x4a10003 0x68 0xfffffffffffff888 0x4a70003 0x68 0xfffffffffffff378 0x4af0003 0x68 0xfffffffffffffcd8 0x4b60003 0x68 0xfffffffffffff7f0 0x4c10005 0x0 0x0 0x0 0x0 0x0 0x0 0x4c40003 0x0 0x410 0x4cb0005 0x0 0x0 0x169a7fe2b20 0x68 0x0 0x0 0x4cf0007 0x0 0x68 0x68 0x4d70007 0x68 0x30 0x0 0x4de0002 0x0 0x4e20003 0x68 0x228 0x4ec0005 0x0 0x0 0x0 0x0 0x0 0x0 0x4f20005 0x0 0x0 0x0 0x0 0x0 0x0 0x4f80002 0x0 0x4fd0003 0x0 0xfffffffffffff0d0 0x5060002 0x68 0x50b0003 0x68 0xfffffffffffff3c8 0x5110005 0x0 0x0 0x0 0x0 0x0 0x0 0x5240002 0x0 0x52a0003 0x0 0xfffffffffffff480 0x5360003 0x68 0xfffffffffffff288 0x5450002 0x0 0x5500007 0x0 0xc8 0x0 0x5580007 0x0 0xfffffffffffff1a8 0x0 0x55e0008 0xc 0x0 0xfffffffffffffc90 0x0 0xfffffffffffff628 0x0 0x3b0 0x0 0x70 0x0 0xfffffffffffffd88 0x0 0xfffffffffffff108 0x58d0003 0x0 0xfffffffffffff5a0 0x5a40002 0x68 0x5ad0004 0x0 0x0 0x169a7fe2bd0 0x68 0x0 0x0 0x5ba0002 0x68 0x5c00002 0x68 0x5de0003 0x68 0xfffffffffffff750 0x5e40002 0x68 0x5e70003 0x68 0xfffffffffffffb90 0x5f20005 0x0 0x0 0x169a7fe2860 0x68 0x0 0x0 0x5f50003 0x68 0x128 0x5fe0005 0x0 0x0 0x169a7fe2a70 0x68 0x0 0x0 0x6010003 0x68 0xc0 0x6040003 0x0 0xfffffffffffff570 0x60b0003 0x1 0x160 0x6160003 0x68 0xffffffffffffef70 0x6220002 0x0 0x62c0002 0x0 0x62f0003 0x0 0xffffffffffffff48 0x6380002 0x68 0x63b0003 0x68 0xfffffffffffff920 0x6410003 0x68 0xfffffffffffff450 0x6470007 0x67 0xb8 0x1 0x64f0007 0x1 0xfffffffffffff260 0x0 0x6560002 0x0 0x6600002 0x68 0x6650003 0x68 0xfffffffffffff0e8 0x66a0007 0x0 0x90 0x0 0x6720007 0x0 0xffffffffffffeff8 0x0 0x6790007 0x68 0xfffffffffffffe38 0x0 0x6810007 0x0 0xfffffffffffffeb0 0x0 0x6880002 0x0 0x68f0003 0x0 0xfffffffffffff330 0x69f0003 0x0 0xfffffffffffff390 0x6a60002 0x0 0x6ac0005 0x0 0x0 0x0 0x0 0x0 0x0 0x6b10005 0x0 0x0 0x0 0x0 0x0 0x0 0x6b40005 0x0 0x0 0x0 0x0 0x0 0x0 0x6b70002 0x0 0x0 0x0 0x0 0x0 0x0 0x0 0x0 0x0 0x0 0x0 0x0 0x0 0x0 0x0 0x0 0x0 0x0 0x0 0x0 0x0 0x0 0x0 0x0 0x0 0x0 0x0 0x0 0x0 0x0 0x0 0x0 0x0 0x0 0x0 0x0 0x0 0x0 0x0 0x0 0x0 0x0 0x0 0x0 0x0 0x0 0x0 0x0 0x0 0x0 0x0 0x0 0x0 0x0 0x0 0x0 0x0 0x0 0x0 0x0 0x0 0x0 0x0 0x0 0x0 0x0 0x0 0x0 0x0 0x9 0x6 0x0 0x0 0x0 0x0 0x0 0x0 oops 12 185 cc 230 yc 277 tt 300 xj 315 xj 322 dp 329 eb 405 eb 456 kb 544 eg 563 tt 573 eb methods 0
ciMethodData fk ag (Z)V 1 667 orig 80 0 0 0 0 0 0 0 0 0 0 0 0 105 1 0 0 0 0 0 0 0 0 0 0 0 0 0 0 0 0 0 0 0 0 0 0 0 0 0 0 0 0 0 0 0 0 0 0 0 0 0 0 0 0 0 0 0 0 0 0 0 0 0 0 0 0 0 0 0 0 0 0 0 0 0 0 0 0 0 0 data 20 0x10007 0x232 0x58 0x68 0x70007 0x68 0x38 0x0 0x100003 0x0 0x18 0x0 0x0 0x0 0x0 0x0 0x0 0x9 0x1 0x0 oops 0 methods 0
ciMethodData fw co (IIIIZI)V 2 1934 orig 80 0 0 0 0 0 0 0 0 0 0 0 0 105 1 0 0 0 0 0 0 0 0 0 0 0 0 0 0 0 0 0 0 0 0 0 0 0 0 0 0 0 0 0 0 0 0 0 0 0 0 0 0 0 0 0 0 0 0 0 0 0 0 0 0 0 0 0 0 0 0 0 0 0 0 0 0 0 0 0 0 data 98 0x20007 0x4e 0x30 0x708 0x80002 0x708 0xd0007 0x756 0x20 0x0 0x140007 0x756 0x20 0x0 0x220007 0x756 0x38 0x0 0x2b0003 0x0 0x50 0x320007 0x0 0x38 0x756 0x3b0003 0x756 0x18 0x6b0007 0x756 0xa8 0x0 0x8d0007 0x0 0x118 0x0 0xb60007 0x0 0x50 0x0 0xb90002 0x0 0xc30002 0x0 0xd20002 0x0 0xe10003 0x0 0xa8 0xeb0007 0x756 0x90 0x0 0x10d0007 0x0 0x70 0x0 0x1360007 0x0 0x50 0x0 0x1390002 0x0 0x1430002 0x0 0x1520002 0x0 0x1780007 0x0 0x40 0x756 0x1820007 0x756 0x30 0x0 0x1870002 0x0 0x0 0x0 0x0 0x0 0x0 0x0 0x0 0x0 0x0 0x0 0x0 0x0 0x0 0x9 0x6 0x0 0x0 0x0 0x0 0x0 0x0 oops 0 methods 0
ciMethodData tt ok (Ltt;I)I 2 7168 orig 80 0 0 0 0 0 0 0 0 0 0 0 0 105 1 0 0 0 0 0 0 0 0 0 0 0 0 0 0 0 0 0 0 0 0 0 0 0 0 0 0 0 0 0 0 0 0 0 0 0 0 0 0 0 0 0 0 0 0 0 0 0 0 0 0 0 0 0 0 0 0 0 0 0 0 0 0 0 0 0 0 data 46 0x10007 0x1400 0x58 0x0 0x60005 0x0 0x0 0x0 0x0 0x0 0x0 0x160002 0x0 0x1c0005 0x0 0x0 0x0 0x0 0x0 0x0 0x210005 0x0 0x0 0x0 0x0 0x0 0x0 0x240005 0x0 0x0 0x0 0x0 0x0 0x0 0x270002 0x0 0x0 0x0 0x0 0x0 0x0 0x0 0x9 0x2 0x0 0x0 oops 0 methods 0
ciMethodData tt ba (II)V 2 7171 orig 80 0 0 0 0 0 0 0 0 0 0 0 0 105 1 0 0 0 0 0 0 0 0 0 0 0 0 0 0 0 0 0 0 0 0 0 0 0 0 0 0 0 0 0 0 0 0 0 0 0 0 0 0 0 0 0 0 0 0 0 0 0 0 0 0 0 0 0 0 0 0 0 0 0 0 0 0 0 0 0 0 data 38 0x40002 0x1402 0x130002 0x0 0x180005 0x0 0x0 0x0 0x0 0x0 0x0 0x1d0005 0x0 0x0 0x0 0x0 0x0 0x0 0x200005 0x0 0x0 0x0 0x0 0x0 0x0 0x230002 0x0 0x0 0x0 0x0 0x0 0x0 0x0 0x9 0x3 0x0 0x0 0x0 oops 0 methods 0
ciMethodData kb ae (B)I 2 3145 orig 80 0 0 0 0 0 0 0 0 0 0 0 0 105 1 0 0 0 0 0 0 0 0 0 0 0 0 0 0 0 0 0 0 0 0 0 0 0 0 0 0 0 0 0 0 0 0 0 0 0 0 0 0 0 0 0 0 0 0 0 0 0 0 0 0 0 0 0 0 0 0 0 0 0 0 0 0 0 0 0 0 data 35 0xc0002 0x0 0x110005 0x0 0x0 0x0 0x0 0x0 0x0 0x160005 0x0 0x0 0x0 0x0 0x0 0x0 0x190005 0x0 0x0 0x0 0x0 0x0 0x0 0x1c0002 0x0 0x0 0x0 0x0 0x0 0x0 0x0 0x9 0x2 0x0 0x0 oops 0 methods 0
ciMethodData cc tb (Lcc;III)Ldp; 2 6984 orig 80 0 0 0 0 0 0 0 0 0 0 0 0 105 1 0 0 0 0 0 0 0 0 0 0 0 0 0 0 0 0 0 0 0 0 0 0 0 0 0 0 0 0 0 0 0 0 0 0 0 0 0 0 0 0 0 0 0 0 0 0 0 0 0 0 0 0 0 0 0 0 0 0 0 0 0 0 0 0 0 0 data 167 0x10007 0xd82 0x58 0x0 0x80005 0x0 0x0 0x0 0x0 0x0 0x0 0xd0005 0x0 0x0 0x169a7fe2700 0xd82 0x0 0x0 0x120003 0xd82 0x148 0x1a0002 0xd82 0x1d0007 0x0 0x318 0xd82 0x240007 0xd82 0xd0 0x0 0x2b0002 0x0 0x310005 0x0 0x0 0x169a7fe2910 0xd82 0x0 0x0 0x360004 0x0 0x0 0x169a7fe29c0 0xd82 0x0 0x0 0x3b0003 0xd82 0xffffffffffffff30 0x3e0003 0x0 0x48 0x410003 0xd82 0x30 0x4e0003 0x0 0xa0 0x530005 0x0 0x0 0x169a7fe2910 0x1b04 0x0 0x0 0x580007 0xd82 0x1d8 0xd82 0x5f0007 0xd82 0xfffffffffffffed8 0x0 0x660002 0x0 0x780003 0x0 0xb8 0x7e0007 0x0 0xffffffffffffff18 0x0 0x850007 0x0 0x30 0x0 0x8c0002 0x0 0x930007 0x0 0xfffffffffffffec8 0x0 0x9a0007 0x0 0x48 0x0 0xa10002 0x0 0xb30003 0x0 0xffffffffffffff60 0xb90007 0x0 0xfffffffffffffe60 0x0 0xc00007 0x0 0x30 0x0 0xc70002 0x0 0xce0007 0x0 0xfffffffffffffe10 0x0 0xd50007 0x0 0x30 0x0 0xdc0002 0x0 0xed0003 0x0 0xfffffffffffffdf0 0xf90002 0x0 0xff0005 0x0 0x0 0x0 0x0 0x0 0x0 0x1040005 0x0 0x0 0x0 0x0 0x0 0x0 0x1070005 0x0 0x0 0x0 0x0 0x0 0x0 0x10a0002 0x0 0x0 0x0 0x0 0x0 0x0 0x0 0x0 0x0 0x0 0x0 0x0 0x9 0x4 0x0 0x0 0x0 0x0 oops 4 14 cc 36 xj 43 dp 62 xj methods 0
ciMethodData pj cb (I)V 2 16920 orig 80 0 0 0 0 0 0 0 0 0 0 0 0 105 1 0 0 0 0 0 0 0 0 0 0 0 0 0 0 0 0 0 0 0 0 0 0 0 0 0 0 0 0 0 0 0 0 0 0 0 0 0 0 0 0 0 0 0 0 0 0 0 0 0 0 0 0 0 0 0 0 0 0 0 0 0 0 0 0 0 0 data 447 0x90003 0x401 0xd8 0x110003 0x401 0x7f8 0x160002 0x401 0x190003 0x401 0x2b8 0x240002 0x401 0x270003 0x401 0x6d0 0x2b0007 0x0 0x440 0x401 0x3e0007 0x401 0x88 0x0 0x410003 0x0 0x2c0 0x500002 0x401 0x530003 0x401 0xffffffffffffff48 0x5b0002 0x401 0x5e0003 0x401 0x90 0x690003 0x401 0x520 0x770003 0x401 0x648 0x800007 0x401 0x30 0x0 0x910002 0x0 0xa40003 0x401 0x3c8 0xab0003 0x401 0x258 0xb20007 0x0 0xffffffffffffff48 0x401 0xb80007 0x401 0x30 0x0 0xbf0002 0x0 0xc70007 0x0 0xfffffffffffffef8 0x401 0xcd0007 0x401 0x30 0x0 0xd40002 0x0 0xda0007 0x0 0xfffffffffffffea8 0x401 0xe00007 0x401 0x30 0x0 0xe70002 0x0 0xf60007 0x401 0xfffffffffffffe58 0x0 0xfc0007 0x0 0x318 0x0 0x1030002 0x0 0x1090002 0x401 0x10d0003 0x401 0xfffffffffffffd78 0x11f0007 0x0 0x38 0x0 0x1220003 0x0 0xfffffffffffffdc0 0x13c0002 0x0 0x13f0003 0x0 0xfffffffffffffd98 0x1520007 0x0 0xfffffffffffffda8 0x0 0x1580007 0x0 0x120 0x0 0x15f0002 0x0 0x16b0002 0x401 0x16e0003 0x401 0x7b0 0x1770007 0x401 0xe0 0x0 0x17d0007 0x0 0x30 0x0 0x1840002 0x0 0x1930005 0x0 0x0 0x0 0x0 0x0 0x0 0x1960007 0x0 0x58 0x0 0x19c0007 0x0 0x550 0x0 0x1a40003 0x0 0xfffffffffffffc68 0x1ac0002 0x401 0x1af0003 0x401 0xfffffffffffffb70 0x1bc0005 0x0 0x0 0x0 0x0 0x0 0x0 0x1bf0003 0x0 0x4e0 0x1c50003 0x401 0xfffffffffffffc68 0x1d00002 0x401 0x1d80003 0x401 0xfffffffffffffbc8 0x1dd0005 0x0 0x0 0x0 0x0 0x0 0x0 0x1e00003 0x0 0x568 0x1e90007 0x0 0xfffffffffffffd78 0x0 0x1ef0007 0x0 0xfffffffffffffd20 0x0 0x1f60002 0x0 0x1fd0003 0x401 0x448 0x2030007 0x0 0xfffffffffffffb40 0x401 0x2090007 0x401 0xfffffffffffffaf0 0x0 0x2100002 0x0 0x21f0007 0x0 0xd8 0x401 0x2250007 0x401 0x30 0x0 0x22c0002 0x0 0x23b0007 0x0 0x78 0x401 0x2410007 0x401 0x410 0x0 0x2480002 0x0 0x2540002 0x401 0x2570003 0x401 0xfffffffffffffe20 0x2650002 0x0 0x26b0003 0x401 0x308 0x2760003 0x401 0xfffffffffffffea8 0x2810002 0x401 0x2850002 0x401 0x28b0002 0x401 0x28e0003 0x401 0xfffffffffffff848 0x2990002 0x401 0x29c0003 0x401 0xffffffffffffffa8 0x2a40005 0x0 0x0 0x16981e35570 0x401 0x0 0x0 0x2a70104 0x0 0x0 0x0 0x0 0x0 0x0 0x2ae0007 0x401 0xfffffffffffffb50 0x0 0x2b40007 0x0 0x30 0x0 0x2bb0002 0x0 0x2d10007 0x0 0x80 0x0 0x2d90002 0x0 0x2dc0007 0x0 0xa0 0x0 0x2e20007 0x0 0x30 0x0 0x2e90002 0x0 0x2ef0005 0x0 0x0 0x0 0x0 0x0 0x0 0x2f20003 0x0 0x1a8 0x3040007 0x0 0x190 0x0 0x30a0007 0x0 0xfffffffffffffb40 0x0 0x3110002 0x0 0x3200002 0x0 0x3230003 0x0 0xfffffffffffffad8 0x32b0002 0x0 0x32e0007 0x0 0xa0 0x0 0x3340007 0x0 0xfffffffffffffb48 0x0 0x33b0002 0x0 0x3430007 0x401 0xfffffffffffffd70 0x401 0x3490007 0x401 0xfffffffffffffc00 0x0 0x3500002 0x0 0x3860005 0x0 0x0 0x0 0x0 0x0 0x0 0x38a0003 0x0 0x30 0x38d0003 0x401 0xfffffffffffffc58 0x3950002 0x0 0x3980004 0x0 0x0 0x0 0x0 0x0 0x0 0x39d0003 0x0 0xfffffffffffffd08 0x3a50002 0x0 0x3ab0005 0x0 0x0 0x0 0x0 0x0 0x0 0x3b00005 0x0 0x0 0x0 0x0 0x0 0x0 0x3b30005 0x0 0x0 0x0 0x0 0x0 0x0 0x3b60002 0x0 0x0 0x0 0x0 0x0 0x0 0x0 0x0 0x0 0x0 0x0 0x0 0x0 0x0 0x0 0x0 0x0 0x0 0x0 0x0 0x0 0x0 0x0 0x0 0x0 0x0 0x0 0x0 0x0 0x0 0x0 0x0 0x0 0x0 0x0 0x0 0x0 0x0 0x0 0x0 0x0 0x0 0x0 0x0 0x0 0x0 0x0 0x0 0x0 0x0 0x9 0x1 0x0 oops 1 261 np methods 0
ciMethodData bk av (IB)I 2 1128 orig 80 0 0 0 0 0 0 0 0 0 0 0 0 105 1 0 0 0 0 0 0 0 0 0 0 0 0 0 0 0 0 0 0 0 0 0 0 0 0 0 0 0 0 0 0 0 0 0 0 0 0 0 0 0 0 0 0 0 0 0 0 0 0 0 0 0 0 0 0 0 0 0 0 0 0 0 0 0 0 0 0 data 35 0x130002 0x0 0x180005 0x0 0x0 0x0 0x0 0x0 0x0 0x1d0005 0x0 0x0 0x0 0x0 0x0 0x0 0x200005 0x0 0x0 0x0 0x0 0x0 0x0 0x230002 0x0 0x0 0x0 0x0 0x0 0x0 0x0 0x9 0x2 0x0 0x0 oops 0 methods 0
ciMethodData yb dk (IIIIIIIB)V 2 14400 orig 80 0 0 0 0 0 0 0 0 0 0 0 0 105 1 0 0 0 0 0 0 0 0 0 0 0 0 0 0 0 0 0 0 0 0 0 0 0 0 0 0 0 0 0 0 0 0 0 0 0 0 0 0 0 0 0 0 0 0 0 0 0 0 0 0 0 0 0 0 0 0 0 0 0 0 0 0 0 0 0 0 data 278 0x60002 0x6a1 0xb0003 0x6a1 0x358 0x160003 0x0 0x4b0 0x1d0003 0x6a1 0x170 0x220007 0x6a1 0x58 0x0 0x280007 0x0 0x170 0x0 0x330003 0x6a1 0x238 0x390007 0x6a1 0x2a0 0x0 0x3f0007 0x0 0x268 0x0 0x460007 0x0 0xffffffffffffff68 0x6a1 0x4c0007 0x6a1 0x38 0x0 0x540003 0x6a1 0x138 0x5f0003 0x6a1 0xffffffffffffffe8 0x700007 0x0 0xb8 0x0 0x760007 0x0 0x420 0x0 0x7d0002 0x0 0x830002 0x6a1 0x8b0002 0x6a1 0x910003 0x6a1 0xfffffffffffffec8 0x9c0003 0x0 0xa8 0xb30003 0x6a1 0xfffffffffffffe58 0xba0005 0x0 0x0 0x0 0x0 0x0 0x0 0xbd0003 0x0 0x488 0xc40002 0x6a1 0xc90003 0x6a1 0x418 0xd40002 0x0 0xe90003 0x0 0x168 0xf00003 0x0 0xfffffffffffffdf8 0xf60003 0x6a1 0x3d8 0x1000005 0x0 0x0 0x169a7fe2860 0x6a1 0x0 0x0 0x1030003 0x6a1 0x100 0x1330003 0x0 0xe8 0x1400003 0x6a1 0x370 0x1450002 0x6a1 0x14c0002 0x6a1 0x1520003 0x6a1 0xfffffffffffffcb8 0x15f0003 0x6a1 0xc0 0x16b0005 0x0 0x0 0x0 0x0 0x0 0x0 0x16e0003 0x0 0x250 0x1810003 0x0 0xfffffffffffffeb0 0x18b0007 0x6a1 0x2b8 0x0 0x1910007 0x0 0x70 0x0 0x19b0005 0x0 0x0 0x169a7fe2860 0x6a1 0x0 0x0 0x19e0003 0x6a1 0xfffffffffffffe50 0x1a30002 0x0 0x1a80003 0x0 0xfffffffffffffb68 0x1ba0007 0x0 0xfffffffffffffd40 0x0 0x1c60007 0x0 0xfffffffffffffd20 0x0 0x1d70007 0x0 0x88 0x0 0x1da0003 0x0 0xfffffffffffffc28 0x1e60005 0x0 0x0 0x0 0x0 0x0 0x0 0x1e90003 0x0 0x40 0x2290002 0x0 0x22e0003 0x0 0x40 0x2390002 0x0 0x23c0003 0x0 0xfffffffffffffc40 0x24e0005 0x0 0x0 0x0 0x0 0x0 0x0 0x2510003 0x0 0xfffffffffffffd90 0x25e0005 0x0 0x0 0x0 0x0 0x0 0x0 0x2610003 0x0 0xfffffffffffffed8 0x2740003 0x6a1 0xfffffffffffffb70 0x27b0003 0x6a1 0xfffffffffffffa48 0x2890003 0x6a1 0xfffffffffffffce0 0x2910002 0x0 0x2970005 0x0 0x0 0x0 0x0 0x0 0x0 0x29c0005 0x0 0x0 0x0 0x0 0x0 0x0 0x29f0005 0x0 0x0 0x0 0x0 0x0 0x0 0x2a20002 0x0 0x0 0x0 0x0 0x0 0x0 0x0 0x0 0x0 0x0 0x0 0x0 0x0 0x0 0x0 0x0 0x0 0x0 0x0 0x0 0x0 0x0 0x0 0x0 0x0 0x9 0x8 0x0 0x0 0x0 0x0 0x0 0x0 0x0 0x0 oops 2 96 tt 143 tt methods 0
ciMethodData qi cm (B)I 2 1800 orig 80 0 0 0 0 0 0 0 0 0 0 0 0 105 1 0 0 0 0 0 0 0 0 0 0 0 0 0 0 0 0 0 0 0 0 0 0 0 0 0 0 0 0 0 0 0 0 0 0 0 0 0 0 0 0 0 0 0 0 0 0 0 0 0 0 0 0 0 0 0 0 0 0 0 0 0 0 0 0 0 0 data 487 0x40002 0x6a1 0x70007 0x0 0x68 0x6a1 0xc0007 0x6a1 0xb0 0x0 0x130002 0x0 0x1a0003 0x0 0xb48 0x1f0003 0x0 0x288 0x3a0007 0x0 0x5e8 0x0 0x3f0007 0x0 0xae0 0x0 0x460002 0x0 0x580007 0x0 0x908 0x0 0x5d0007 0x0 0xa58 0x0 0x640002 0x0 0x6d0002 0x0 0x720007 0x0 0x550 0x0 0x770007 0x0 0x30 0x0 0x7e0002 0x0 0x890007 0x0 0xb8 0x0 0x8e0007 0x0 0x30 0x0 0x950002 0x0 0xaf0003 0x0 0x628 0xb60007 0x0 0x290 0x0 0xbb0007 0x0 0xa28 0x0 0xc20002 0x0 0xc90003 0x0 0x120 0xcf0003 0x0 0xfffffffffffffe30 0xf10005 0x0 0x0 0x0 0x0 0x0 0x0 0xf40007 0x0 0x68 0x0 0xf90007 0x0 0x888 0x0 0x1000002 0x0 0x10e0003 0x0 0x310 0x1130007 0x0 0x378 0x0 0x1180007 0x0 0x920 0x0 0x11f0002 0x0 0x1260003 0x0 0xffffffffffffff10 0x12b0007 0x0 0x310 0x0 0x1300007 0x0 0x30 0x0 0x1370002 0x0 0x1460007 0x0 0x398 0x0 0x14b0007 0x0 0x2a0 0x0 0x1520002 0x0 0x15a0007 0x0 0x188 0x0 0x15f0007 0x0 0x1e8 0x0 0x1660002 0x0 0x16d0003 0x0 0x490 0x1740007 0x0 0xfffffffffffffc08 0x0 0x1790007 0x0 0xfffffffffffffdb8 0x0 0x1800002 0x0 0x1880007 0x0 0xb8 0x0 0x18d0007 0x0 0x30 0x0 0x1940002 0x0 0x19f0003 0x0 0x6e8 0x1a60007 0x0 0xb8 0x0 0x1ab0007 0x0 0x80 0x0 0x1b20002 0x0 0x1bd0003 0x0 0xffffffffffffffb0 0x1c20007 0x0 0xe8 0x0 0x1c50003 0x0 0x420 0x1cf0003 0x0 0xfffffffffffffe40 0x1d90003 0x0 0xfffffffffffffe28 0x1e60003 0x0 0x210 0x1fb0007 0x0 0x358 0x0 0x2000007 0x0 0xfffffffffffffbb0 0x0 0x2070002 0x0 0x2120003 0x0 0x140 0x2260005 0x0 0x0 0x0 0x0 0x0 0x0 0x2290007 0x0 0x2d0 0x0 0x22e0007 0x0 0x570 0x0 0x2350002 0x0 0x23d0007 0x0 0x1e8 0x0 0x2420007 0x0 0x4c0 0x0 0x2490002 0x0 0x2650007 0x0 0xfffffffffffffd70 0x0 0x26a0007 0x0 0x1c8 0x0 0x2710002 0x0 0x2790007 0x0 0xfffffffffffffe70 0x0 0x27e0007 0x0 0x70 0x0 0x2850002 0x0 0x2890003 0x0 0xfffffffffffffa70 0x2910002 0x0 0x2960003 0x0 0xfffffffffffff900 0x2a40007 0x0 0x68 0x0 0x2a90007 0x0 0x30 0x0 0x2b00002 0x0 0x2b70003 0x0 0x310 0x2be0007 0x0 0x2f8 0x0 0x2c30007 0x0 0xfffffffffffff790 0x0 0x2ca0002 0x0 0x2e70007 0x0 0xe8 0x0 0x2ec0007 0x0 0x308 0x0 0x2f30002 0x0 0x3010003 0x0 0xfffffffffffffb88 0x30e0003 0x0 0xfffffffffffffcc0 0x3110003 0x0 0xfffffffffffffd10 0x32a0007 0x0 0x310 0x0 0x32f0007 0x0 0x2f0 0x0 0x3360002 0x0 0x34c0007 0x0 0xfffffffffffffca8 0x0 0x3510007 0x0 0x30 0x0 0x3580002 0x0 0x3600007 0x0 0x68 0x0 0x3650007 0x0 0x30 0x0 0x36c0002 0x0 0x3730003 0x0 0x68 0x37a0007 0x0 0x50 0x0 0x37f0007 0x0 0x30 0x0 0x3860002 0x0 0x3a60007 0x0 0x50 0x0 0x3ab0007 0x0 0x30 0x0 0x3b20002 0x0 0x3c70003 0x0 0xfffffffffffff5a0 0x3df0007 0x0 0xfffffffffffffbc0 0x0 0x3e20003 0x0 0xfffffffffffff8f8 0x3ef0003 0x0 0xfffffffffffffae8 0x40a0007 0x0 0xfffffffffffffa80 0x0 0x40f0007 0x0 0xfffffffffffffda0 0x0 0x4160002 0x0 0x41d0003 0x0 0xfffffffffffffd08 0x4200003 0x0 0xfffffffffffff930 0x42d0003 0x0 0xfffffffffffffdc0 0x4330003 0x0 0xfffffffffffff450 0x44b0007 0x0 0xfffffffffffffa38 0x0 0x4500007 0x0 0xfffffffffffff708 0x0 0x4570002 0x0 0x46b0002 0x0 0x4700005 0x0 0x0 0x0 0x0 0x0 0x0 0x4750005 0x0 0x0 0x0 0x0 0x0 0x0 0x4780005 0x0 0x0 0x0 0x0 0x0 0x0 0x47b0002 0x0 0x0 0x0 0x0 0x0 0x0 0x0 0x0 0x0 0x0 0x0 0x0 0x0 0x0 0x0 0x0 0x0 0x0 0x0 0x0 0x0 0x0 0x0 0x0 0x0 0x0 0x0 0x0 0x0 0x0 0x0 0x0 0x0 0x0 0x0 0x0 0x0 0x0 0x0 0x0 0x0 0x0 0x0 0x0 0x0 0x0 0x0 0x0 0x0 0x0 0x0 0x0 0x0 0x0 0x0 0x9 0x1 0x0 oops 0 methods 0
ciMethodData mk cr (I)I 1 0 orig 80 0 0 0 0 0 0 0 0 0 0 0 0 105 1 0 0 0 0 0 0 0 0 0 0 0 0 0 0 0 0 0 0 0 0 0 0 0 0 0 0 0 0 0 0 0 0 0 0 0 0 0 0 0 0 0 0 0 0 0 0 0 0 0 0 0 0 0 0 0 0 0 0 0 0 0 0 0 0 0 0 data 94 0x40002 0x0 0x70007 0x0 0x50 0x0 0xe0007 0x0 0x118 0x0 0x150002 0x0 0x370005 0x0 0x0 0x0 0x0 0x0 0x0 0x3a0007 0x0 0x38 0x0 0x3d0003 0x0 0x40 0x5d0002 0x0 0x610003 0x0 0x18 0x7b0007 0x0 0xa0 0x0 0x820007 0x0 0x30 0x0 0x890002 0x0 0xaf0007 0x0 0x50 0x0 0xb60007 0x0 0x30 0x0 0xbd0002 0x0 0xd20002 0x0 0xd80005 0x0 0x0 0x0 0x0 0x0 0x0 0xdd0005 0x0 0x0 0x0 0x0 0x0 0x0 0xe00005 0x0 0x0 0x0 0x0 0x0 0x0 0xe30002 0x0 0x0 0x0 0x0 0x0 0x0 0x0 0x0 0x0 0x0 0x0 0x0 0x0 0x0 0x0 0x0 0x9 0x1 0x0 oops 0 methods 0
ciMethodData tt bg (II)V 2 1675 orig 80 0 0 0 0 0 0 0 0 0 0 0 0 105 1 0 0 0 0 0 0 0 0 0 0 0 0 0 0 0 0 0 0 0 0 0 0 0 0 0 0 0 0 0 0 0 0 0 0 0 0 0 0 0 0 0 0 0 0 0 0 0 0 0 0 0 0 0 0 0 0 0 0 0 0 0 0 0 0 0 0 data 38 0xc0002 0x596 0x1b0002 0x0 0x200005 0x0 0x0 0x0 0x0 0x0 0x0 0x250005 0x0 0x0 0x0 0x0 0x0 0x0 0x280005 0x0 0x0 0x0 0x0 0x0 0x0 0x2b0002 0x0 0x0 0x0 0x0 0x0 0x0 0x0 0x9 0x3 0x0 0x0 0x0 oops 0 methods 0
ciMethodData qk bf (IB)I 2 1675 orig 80 0 0 0 0 0 0 0 0 0 0 0 0 105 1 0 0 0 0 0 0 0 0 0 0 0 0 0 0 0 0 0 0 0 0 0 0 0 0 0 0 0 0 0 0 0 0 0 0 0 0 0 0 0 0 0 0 0 0 0 0 0 0 0 0 0 0 0 0 0 0 0 0 0 0 0 0 0 0 0 0 data 43 0x40002 0x596 0x70002 0x596 0xd0002 0x596 0x100002 0x596 0x180002 0x0 0x1d0005 0x0 0x0 0x0 0x0 0x0 0x0 0x220005 0x0 0x0 0x0 0x0 0x0 0x0 0x250005 0x0 0x0 0x0 0x0 0x0 0x0 0x280002 0x0 0x0 0x0 0x0 0x0 0x0 0x0 0x9 0x2 0x0 0x0 oops 0 methods 0
ciMethodData eb do (III)V 1 1224 orig 80 0 0 0 0 0 0 0 0 0 0 0 0 105 1 0 0 0 0 0 0 0 0 0 0 0 0 0 0 0 0 0 0 0 0 0 0 0 0 0 0 0 0 0 0 0 0 0 0 0 0 0 0 0 0 0 0 0 0 0 0 0 0 0 0 0 0 0 0 0 0 0 0 0 0 0 0 0 0 0 0 data 16 0x50003 0x1 0x18 0x130003 0x1 0x0 0x0 0x0 0x0 0x0 0x9 0x4 0x0 0x0 0x0 0x0 oops 0 methods 0
ciMethodData eb oy (Leb;Lep;)V 2 1800 orig 80 0 0 0 0 0 0 0 0 0 0 0 0 105 1 0 0 0 0 0 0 0 0 0 0 0 0 0 0 0 0 0 0 0 0 0 0 0 0 0 0 0 0 0 0 0 0 0 0 0 0 0 0 0 0 0 0 0 0 0 0 0 0 0 0 0 0 0 0 0 0 0 0 0 0 0 0 0 0 0 0 data 41 0x10007 0x6a1 0x58 0x0 0x60005 0x0 0x0 0x0 0x0 0x0 0x0 0xf0007 0x6a1 0x38 0x0 0x120003 0x0 0x68 0x2b0005 0x0 0x0 0x0 0x0 0x0 0x0 0x2e0003 0x0 0xffffffffffffffc8 0x360003 0x0 0xffffffffffffffb0 0x0 0x0 0x0 0x0 0x0 0x0 0x9 0x2 0x0 0x0 oops 0 methods 0
ciMethodData eb dg (IIILtt;Ltt;IIIZ)V 2 1800 orig 80 0 0 0 0 0 0 0 0 0 0 0 0 105 1 0 0 0 0 0 0 0 0 0 0 0 0 0 0 0 0 0 0 0 0 0 0 0 0 0 0 0 0 0 0 0 0 0 0 0 0 0 0 0 0 0 0 0 0 0 0 0 0 0 0 0 0 0 0 0 0 0 0 0 0 0 0 0 0 0 0 data 389 0xd0002 0x6a1 0x100002 0x6a1 0x2e0005 0x6a1 0x0 0x0 0x0 0x0 0x0 0x350007 0x6a1 0x130 0x0 0x3b0007 0x0 0x110 0x0 0x410005 0x0 0x0 0x0 0x0 0x0 0x0 0x470005 0x0 0x0 0x0 0x0 0x0 0x0 0x4d0005 0x0 0x0 0x0 0x0 0x0 0x0 0x530005 0x0 0x0 0x0 0x0 0x0 0x0 0x590002 0x0 0x6e0002 0x6a1 0x8b0002 0x6a1 0xa70002 0x6a1 0xca0002 0x6a1 0x13f0002 0x6a1 0x15c0005 0x0 0x0 0x169a7fe2a70 0x6a1 0x0 0x0 0x1620005 0x0 0x0 0x169a7fe2860 0x6a1 0x0 0x0 0x16b0005 0x0 0x0 0x169a7fe2860 0x6a1 0x0 0x0 0x1740005 0x0 0x0 0x169a7fe2860 0x6a1 0x0 0x0 0x17d0005 0x0 0x0 0x169a7fe2860 0x6a1 0x0 0x0 0x1a90002 0x6a1 0x1e20002 0x6a1 0x1f00002 0x6a1 0x1fe0002 0x6a1 0x20c0002 0x6a1 0x2220007 0x6a1 0xe8 0x0 0x2280005 0x0 0x0 0x0 0x0 0x0 0x0 0x22b0007 0x0 0x90 0x0 0x2350005 0x0 0x0 0x0 0x0 0x0 0x0 0x2470005 0x0 0x0 0x0 0x0 0x0 0x0 0x2500007 0x0 0x188 0x6a1 0x2570005 0x0 0x0 0x169a7fe2a70 0x6a1 0x0 0x0 0x25e0005 0x0 0x0 0x169a7fe2a70 0x6a1 0x0 0x0 0x26b0005 0x0 0x0 0x16984d58d20 0x6a1 0x0 0x0 0x2700005 0x0 0x0 0x169a7fe2a70 0x6a1 0x0 0x0 0x2760005 0x6a1 0x0 0x0 0x0 0x0 0x0 0x2790005 0x0 0x0 0x16984d58dd0 0x6a1 0x0 0x0 0x27e0003 0x6a1 0x468 0x2840005 0x0 0x0 0x0 0x0 0x0 0x0 0x2870007 0x0 0x2a8 0x0 0x28d0005 0x0 0x0 0x0 0x0 0x0 0x0 0x2900007 0x0 0x250 0x0 0x29e0005 0x0 0x0 0x0 0x0 0x0 0x0 0x2a40005 0x0 0x0 0x0 0x0 0x0 0x0 0x2b10005 0x0 0x0 0x0 0x0 0x0 0x0 0x2bf0005 0x0 0x0 0x0 0x0 0x0 0x0 0x2c50005 0x0 0x0 0x0 0x0 0x0 0x0 0x2d20005 0x0 0x0 0x0 0x0 0x0 0x0 0x2df0005 0x0 0x0 0x0 0x0 0x0 0x0 0x2e20005 0x0 0x0 0x0 0x0 0x0 0x0 0x2ea0007 0x0 0x1e0 0x0 0x2f00005 0x0 0x0 0x0 0x0 0x0 0x0 0x2f50003 0x0 0x188 0x3030005 0x0 0x0 0x0 0x0 0x0 0x0 0x3090005 0x0 0x0 0x0 0x0 0x0 0x0 0x3160005 0x0 0x0 0x0 0x0 0x0 0x0 0x31c0005 0x0 0x0 0x0 0x0 0x0 0x0 0x31f0005 0x0 0x0 0x0 0x0 0x0 0x0 0x3270007 0x0 0x58 0x0 0x32d0005 0x0 0x0 0x0 0x0 0x0 0x0 0x0 0x0 0x0 0x0 0x0 0x0 0x0 0x0 0x0 0x0 0x0 0x0 0x0 0x0 0x0 0x0 0x0 0x0 0x0 0x0 0x0 0x0 0x0 0x0 0x0 0x0 0x0 0x0 0x0 0x0 0x0 0x0 0x0 0x0 0x0 0x0 0x0 0x0 0x0 0x0 0x0 0x0 0x0 0x0 0x0 0x0 0x0 0x0 0x0 0x0 0x0 0x0 0x0 0x0 0x0 0x0 0x0 0x9 0xa 0x0 0x0 0x0 0x0 0x0 0x0 0x0 0x0 0x0 0x0 oops 10 62 eb 69 tt 76 tt 83 tt 90 tt 140 eb 147 eb 154 fm 161 eb 175 net/runelite/client/callback/Hooks methods 0
ciMethodData dl au (I)V 2 4708 orig 80 0 0 0 0 0 0 0 0 0 0 0 0 105 1 0 0 0 0 0 0 0 0 0 0 0 0 0 0 0 0 0 0 0 0 0 0 0 0 0 0 0 0 0 0 0 0 0 0 0 0 0 0 0 0 0 0 0 0 0 0 0 0 0 0 0 0 0 0 0 0 0 0 0 0 0 0 0 0 0 0 data 131 0x20003 0x6a6 0x148 0x70003 0x6a2 0x1b0 0x110007 0x6a6 0x130 0xfd 0x170007 0xfd 0x30 0x0 0x1e0002 0x0 0x2e0007 0xf9 0x38 0x4 0x310003 0x4 0x1e0 0x370003 0xfd 0xffffffffffffff78 0x4e0003 0x4 0x48 0x550003 0xf5 0x120 0x640003 0x4 0x1b0 0x6e0003 0x4 0xffffffffffffffe8 0x730003 0x4 0xffffffffffffff88 0x780003 0x6a6 0xfffffffffffffee8 0x7c0007 0x4 0xfffffffffffffea0 0x6a2 0x820007 0x6a2 0xfffffffffffffe98 0x0 0x890002 0x0 0x900003 0xf9 0x58 0x9a0007 0x6a2 0x40 0xf5 0xa00007 0xf5 0xffffffffffffff00 0x0 0xac0007 0xf5 0x90 0xf9 0xba0007 0xf9 0xffffffffffffff88 0x0 0xc00007 0x0 0x20 0x0 0xcc0003 0x0 0x30 0xd50003 0x4 0xfffffffffffffe50 0xdb0003 0xf5 0xffffffffffffff30 0xe70003 0x4 0xfffffffffffffe80 0xee0002 0x0 0xf30005 0x0 0x0 0x0 0x0 0x0 0x0 0xf80005 0x0 0x0 0x0 0x0 0x0 0x0 0xfb0005 0x0 0x0 0x0 0x0 0x0 0x0 0xfe0002 0x0 0x0 0x0 0x0 0x0 0x0 0x0 0x0 0x0 0x0 0x0 0x0 0x0 0x0 0x0 0x9 0x1 0x0 oops 0 methods 0
ciMethodData yu em ()V 1 0 orig 80 0 0 0 0 0 0 0 0 0 0 0 0 105 1 0 0 0 0 0 0 0 0 0 0 0 0 0 0 0 0 0 0 0 0 0 0 0 0 0 0 0 0 0 0 0 0 0 0 0 0 0 0 0 0 0 0 0 0 0 0 0 0 0 0 0 0 0 0 0 0 0 0 0 0 0 0 0 0 0 0 data 54 0x30007 0x0 0x110 0x0 0x60003 0x0 0xb8 0xb0007 0x0 0x138 0x0 0xe0003 0x0 0x30 0x140003 0x0 0xffffffffffffffc8 0x210007 0x0 0xffffffffffffffe8 0x0 0x240003 0x0 0x30 0x2d0003 0x0 0x68 0x380007 0x0 0xffffffffffffff98 0x0 0x3b0003 0x0 0xffffffffffffffc8 0x430003 0x0 0x30 0x5f0003 0x0 0x30 0x640003 0x0 0xfffffffffffffef8 0x7a0003 0x0 0xffffffffffffff18 0x0 0x0 0x0 0x0 0x0 0x0 0x9 0x0 oops 0 methods 0
ciMethodData yr as (Ldp;IIIIII)V 2 10800 orig 80 0 0 0 0 0 0 0 0 0 0 0 0 105 1 0 0 0 0 0 0 0 0 0 0 0 0 0 0 0 0 0 0 0 0 0 0 0 0 0 0 0 0 0 0 0 0 0 0 0 0 0 0 0 0 0 0 0 0 0 0 0 0 0 0 0 0 0 0 0 0 0 0 0 0 0 0 0 0 0 0 data 306 0x40003 0x6a2 0x5d0 0xf0003 0x6a2 0x5e0 0x1c0005 0x0 0x0 0x169a7fe27b0 0x6a2 0x0 0x0 0x1f0007 0x6a2 0x3f8 0x0 0x260007 0x0 0x30 0x0 0x2d0002 0x0 0x3d0005 0x0 0x0 0x0 0x0 0x0 0x0 0x410005 0x0 0x0 0x0 0x0 0x0 0x0 0x440004 0x0 0x0 0x0 0x0 0x0 0x0 0x4b0007 0x0 0x398 0x0 0x520007 0x0 0x30 0x0 0x590002 0x0 0x830003 0x0 0x488 0x950002 0x0 0x980003 0x0 0x270 0xa80005 0x0 0x0 0x0 0x0 0x0 0x0 0xac0007 0x0 0x2d0 0x0 0xb30007 0x0 0x30 0x0 0xba0002 0x0 0xc20007 0x0 0x3d8 0x0 0xc90007 0x0 0x20 0x0 0xd80005 0x0 0x0 0x0 0x0 0x0 0x0 0xdb0004 0x0 0x0 0x0 0x0 0x0 0x0 0xe70007 0x0 0x120 0x0 0xee0007 0x0 0x20 0x0 0xf90007 0x0 0xfffffffffffffe60 0x0 0x1000007 0x0 0x30 0x0 0x1070002 0x0 0x10b0003 0x0 0x90 0x1100007 0x0 0xfffffffffffffc48 0x6a2 0x1170007 0x6a2 0xa0 0x0 0x11e0002 0x0 0x1290002 0x6a2 0x12e0003 0x6a2 0xe0 0x1340003 0x0 0xfffffffffffffda8 0x13d0003 0x6a2 0xffffffffffffff70 0x1400003 0x0 0xfffffffffffffba0 0x14d0007 0x6a2 0xffffffffffffff90 0x0 0x1540007 0x0 0xffffffffffffffc8 0x0 0x1600002 0x6a2 0x1650003 0x6a2 0xc8 0x16b0003 0x0 0xfffffffffffffb38 0x1750002 0x6a2 0x17d0007 0x0 0xfffffffffffffaf8 0x6a2 0x1840007 0x6a2 0xffffffffffffff90 0x0 0x18b0002 0x0 0x1920007 0x0 0x218 0x0 0x1950003 0x0 0x220 0x1a70002 0x6a2 0x1aa0003 0x6a2 0xfffffffffffffa60 0x1b80002 0x6a2 0x1bb0003 0x6a2 0xfffffffffffffa50 0x1c00007 0x0 0x140 0x6a2 0x1c70007 0x6a2 0x170 0x0 0x1d20003 0x0 0xfffffffffffffbb8 0x1e70005 0x0 0x0 0x0 0x0 0x0 0x0 0x1eb0005 0x0 0x0 0x0 0x0 0x0 0x0 0x1ee0004 0x0 0x0 0x0 0x0 0x0 0x0 0x1f30003 0x0 0xfffffffffffffad0 0x1fd0002 0x0 0x2020003 0x0 0xfffffffffffffe50 0x20d0002 0x0 0x2120003 0x0 0xffffffffffffffc8 0x2240002 0x0 0x2270003 0x0 0x18 0x2330002 0x6a2 0x2360003 0x6a2 0xfffffffffffffcc8 0x2410002 0x0 0x2460003 0x0 0xffffffffffffffa0 0x24d0002 0x0 0x2530005 0x0 0x0 0x0 0x0 0x0 0x0 0x2580005 0x0 0x0 0x0 0x0 0x0 0x0 0x25b0005 0x0 0x0 0x0 0x0 0x0 0x0 0x25e0002 0x0 0x0 0x0 0x0 0x0 0x0 0x0 0x0 0x0 0x0 0x0 0x0 0x0 0x0 0x0 0x0 0x0 0x0 0x0 0x0 0x0 0x0 0x9 0x7 0x0 0x0 0x0 0x0 0x0 0x0 0x0 oops 1 9 yc methods 0
ciMethodData kb as (I)I 1 0 orig 80 0 0 0 0 0 0 0 0 0 0 0 0 105 1 0 0 0 0 0 0 0 0 0 0 0 0 0 0 0 0 0 0 0 0 0 0 0 0 0 0 0 0 0 0 0 0 0 0 0 0 0 0 0 0 0 0 0 0 0 0 0 0 0 0 0 0 0 0 0 0 0 0 0 0 0 0 0 0 0 0 data 35 0xc0002 0x0 0x110005 0x0 0x0 0x0 0x0 0x0 0x0 0x160005 0x0 0x0 0x0 0x0 0x0 0x0 0x190005 0x0 0x0 0x0 0x0 0x0 0x0 0x1c0002 0x0 0x0 0x0 0x0 0x0 0x0 0x0 0x9 0x2 0x0 0x0 oops 0 methods 0
ciMethodData kb ax (B)I 1 0 orig 80 0 0 0 0 0 0 0 0 0 0 0 0 105 1 0 0 0 0 0 0 0 0 0 0 0 0 0 0 0 0 0 0 0 0 0 0 0 0 0 0 0 0 0 0 0 0 0 0 0 0 0 0 0 0 0 0 0 0 0 0 0 0 0 0 0 0 0 0 0 0 0 0 0 0 0 0 0 0 0 0 data 35 0xc0002 0x0 0x110005 0x0 0x0 0x0 0x0 0x0 0x0 0x160005 0x0 0x0 0x0 0x0 0x0 0x0 0x190005 0x0 0x0 0x0 0x0 0x0 0x0 0x1c0002 0x0 0x0 0x0 0x0 0x0 0x0 0x0 0x9 0x2 0x0 0x0 oops 0 methods 0
ciMethodData kb ap (S)I 1 0 orig 80 0 0 0 0 0 0 0 0 0 0 0 0 105 1 0 0 0 0 0 0 0 0 0 0 0 0 0 0 0 0 0 0 0 0 0 0 0 0 0 0 0 0 0 0 0 0 0 0 0 0 0 0 0 0 0 0 0 0 0 0 0 0 0 0 0 0 0 0 0 0 0 0 0 0 0 0 0 0 0 0 data 35 0xc0002 0x0 0x110005 0x0 0x0 0x0 0x0 0x0 0x0 0x160005 0x0 0x0 0x0 0x0 0x0 0x0 0x190005 0x0 0x0 0x0 0x0 0x0 0x0 0x1c0002 0x0 0x0 0x0 0x0 0x0 0x0 0x0 0x9 0x2 0x0 0x0 oops 0 methods 0
ciMethodData kb ad (Lkb;B)I 1 0 orig 80 0 0 0 0 0 0 0 0 0 0 0 0 105 1 0 0 0 0 0 0 0 0 0 0 0 0 0 0 0 0 0 0 0 0 0 0 0 0 0 0 0 0 0 0 0 0 0 0 0 0 0 0 0 0 0 0 0 0 0 0 0 0 0 0 0 0 0 0 0 0 0 0 0 0 0 0 0 0 0 0 data 46 0x10007 0x0 0x58 0x0 0x60005 0x0 0x0 0x0 0x0 0x0 0x0 0x160002 0x0 0x1b0005 0x0 0x0 0x0 0x0 0x0 0x0 0x200005 0x0 0x0 0x0 0x0 0x0 0x0 0x230005 0x0 0x0 0x0 0x0 0x0 0x0 0x260002 0x0 0x0 0x0 0x0 0x0 0x0 0x0 0x9 0x2 0x0 0x0 oops 0 methods 0
ciMethodData kb aq (S)I 1 0 orig 80 0 0 0 0 0 0 0 0 0 0 0 0 105 1 0 0 0 0 0 0 0 0 0 0 0 0 0 0 0 0 0 0 0 0 0 0 0 0 0 0 0 0 0 0 0 0 0 0 0 0 0 0 0 0 0 0 0 0 0 0 0 0 0 0 0 0 0 0 0 0 0 0 0 0 0 0 0 0 0 0 data 35 0xc0002 0x0 0x110005 0x0 0x0 0x0 0x0 0x0 0x0 0x160005 0x0 0x0 0x0 0x0 0x0 0x0 0x190005 0x0 0x0 0x0 0x0 0x0 0x0 0x1c0002 0x0 0x0 0x0 0x0 0x0 0x0 0x0 0x9 0x2 0x0 0x0 oops 0 methods 0
ciMethodData et ao (Ldp;IIIII)V 1 0 orig 80 0 0 0 0 0 0 0 0 0 0 0 0 105 1 0 0 0 0 0 0 0 0 0 0 0 0 0 0 0 0 0 0 0 0 0 0 0 0 0 0 0 0 0 0 0 0 0 0 0 0 0 0 0 0 0 0 0 0 0 0 0 0 0 0 0 0 0 0 0 0 0 0 0 0 0 0 0 0 0 0 data 135 0x30003 0x0 0x230 0xe0003 0x0 0x230 0x210002 0x0 0x280003 0x0 0x118 0x2f0007 0x0 0x160 0x0 0x370007 0x0 0xb8 0x0 0x3e0002 0x0 0x510005 0x0 0x0 0x0 0x0 0x0 0x0 0x540004 0x0 0x0 0x0 0x0 0x0 0x0 0x590003 0x0 0xffffffffffffff40 0x620002 0x0 0x6f0003 0x0 0xfffffffffffffed8 0x760002 0x0 0x790007 0x0 0x50 0x0 0x810007 0x0 0xffffffffffffff20 0x0 0x880002 0x0 0x940002 0x0 0x970003 0x0 0xfffffffffffffe90 0x9f0005 0x0 0x0 0x0 0x0 0x0 0x0 0xa20003 0x0 0xffffffffffffffa0 0xa80003 0x0 0xfffffffffffffe00 0xb50005 0x0 0x0 0x0 0x0 0x0 0x0 0xbd0005 0x0 0x0 0x0 0x0 0x0 0x0 0xcc0002 0x0 0xd20003 0x0 0xffffffffffffff18 0xd90002 0x0 0xdf0005 0x0 0x0 0x0 0x0 0x0 0x0 0xe40005 0x0 0x0 0x0 0x0 0x0 0x0 0xe70005 0x0 0x0 0x0 0x0 0x0 0x0 0xea0002 0x0 0x0 0x0 0x0 0x0 0x0 0x0 0x0 0x0 0x0 0x0 0x9 0x6 0x0 0x0 0x0 0x0 0x0 0x0 oops 0 methods 0
ciMethodData mk aa (Lkb;Ldp;IIII)V 2 1800 orig 80 0 0 0 0 0 0 0 0 0 0 0 0 105 1 0 0 0 0 0 0 0 0 0 0 0 0 0 0 0 0 0 0 0 0 0 0 0 0 0 0 0 0 0 0 0 0 0 0 0 0 0 0 0 0 0 0 0 0 0 0 0 0 0 0 0 0 0 0 0 0 0 0 0 0 0 0 0 0 0 0 data 134 0x30005 0x0 0x0 0x169a7fe2b20 0x6a2 0x0 0x0 0x70007 0x0 0xb0 0x6a2 0xe0007 0x6a2 0x128 0x0 0x150002 0x0 0x260005 0x0 0x0 0x0 0x0 0x0 0x0 0x2e0002 0x0 0x310003 0x0 0x118 0x3b0002 0x0 0x3f0005 0x0 0x0 0x0 0x0 0x0 0x0 0x420004 0x0 0x0 0x0 0x0 0x0 0x0 0x470003 0x0 0x110 0x590003 0x0 0x138 0x780005 0x0 0x0 0x0 0x0 0x0 0x0 0x7b0003 0x0 0xffffffffffffffc8 0x850007 0x0 0xffffffffffffffb0 0x0 0x8c0007 0x0 0x30 0x0 0x930002 0x0 0x9e0007 0x0 0xffffffffffffff60 0x0 0xa50007 0x0 0xffffffffffffff40 0x0 0xab0007 0x0 0xffffffffffffff08 0x0 0xb20007 0x0 0xfffffffffffffee8 0x0 0xc30003 0x0 0xfffffffffffffdd0 0xca0002 0x0 0xcf0005 0x0 0x0 0x0 0x0 0x0 0x0 0xd40005 0x0 0x0 0x0 0x0 0x0 0x0 0xd70005 0x0 0x0 0x0 0x0 0x0 0x0 0xda0002 0x0 0x0 0x0 0x0 0x0 0x0 0x0 0x0 0x0 0x0 0x0 0x0 0x9 0x6 0x0 0x0 0x0 0x0 0x0 0x0 oops 1 3 kb methods 0
ciMethodData le ca (I)V 2 7200 orig 80 0 0 0 0 0 0 0 0 0 0 0 0 105 1 0 0 0 0 0 0 0 0 0 0 0 0 0 0 0 0 0 0 0 0 0 0 0 0 0 0 0 0 0 0 0 0 0 0 0 0 0 0 0 0 0 0 0 0 0 0 0 0 0 0 0 0 0 0 0 0 0 0 0 0 0 0 0 0 0 0 data 181 0x40003 0x6a2 0x150 0xc0007 0x0 0x2a8 0x0 0x120007 0x0 0x1e8 0x0 0x190002 0x0 0x320003 0x6a2 0x188 0x390007 0x0 0x80 0x0 0x3f0007 0x0 0x110 0x0 0x470007 0x0 0x40 0x6a2 0x4d0007 0x6a2 0x318 0x0 0x5a0007 0x0 0x1c0 0x6a2 0x600007 0x6a2 0x150 0x0 0x670002 0x0 0x6d0002 0x6a2 0x730007 0x0 0xfffffffffffffeb8 0x6a2 0x790007 0x6a2 0xfffffffffffffee8 0x0 0x800002 0x0 0x880007 0x0 0xffffffffffffff50 0x0 0x8e0007 0x0 0xffffffffffffff30 0x0 0xa70003 0x6a2 0xfffffffffffffed0 0xaf0003 0x0 0xb8 0xb60007 0x0 0xa0 0x0 0xbc0007 0x0 0xffffffffffffffc8 0x0 0xc30002 0x0 0xcb0007 0x6a2 0x50 0x0 0xd10007 0x0 0xfffffffffffffd88 0x0 0xd80002 0x0 0xe30007 0x6a2 0xfffffffffffffd58 0x0 0xe90007 0x0 0x20 0x0 0xf10007 0x0 0xfffffffffffffd18 0x0 0xf80007 0x0 0xfffffffffffffcf8 0x0 0xfe0007 0x0 0x30 0x0 0x1050002 0x0 0x10d0007 0x0 0xfffffffffffffca8 0x0 0x1140007 0x0 0xfffffffffffffc88 0x0 0x11a0007 0x0 0x30 0x0 0x1210002 0x0 0x1290003 0x0 0xfffffffffffffc38 0x1300007 0x6a2 0xfffffffffffffd08 0x0 0x1360007 0x0 0xfffffffffffffc68 0x0 0x13d0002 0x0 0x1450002 0x0 0x14a0005 0x0 0x0 0x0 0x0 0x0 0x0 0x14f0005 0x0 0x0 0x0 0x0 0x0 0x0 0x1520005 0x0 0x0 0x0 0x0 0x0 0x0 0x1550002 0x0 0x0 0x0 0x0 0x0 0x0 0x0 0x0 0x0 0x0 0x0 0x0 0x0 0x0 0x0 0x0 0x0 0x9 0x1 0x0 oops 0 methods 0
ciMethodData uy id (Luy;ZZB)I 1 1 orig 80 0 0 0 0 0 0 0 0 0 0 0 0 105 1 0 0 0 0 0 0 0 0 0 0 0 0 0 0 0 0 0 0 0 0 0 0 0 0 0 0 0 0 0 0 0 0 0 0 0 0 0 0 0 0 0 0 0 0 0 0 0 0 0 0 0 0 0 0 0 0 0 0 0 0 0 0 0 0 0 0 data 75 0x10007 0x0 0x58 0x0 0x80005 0x0 0x0 0x0 0x0 0x0 0x0 0xf0003 0x0 0x80 0x280007 0x0 0xb8 0x0 0x2e0007 0x0 0x30 0x0 0x350002 0x0 0x4e0003 0x0 0x68 0x520007 0x0 0xffffffffffffff98 0x0 0x580007 0x0 0xffffffffffffff78 0x0 0x5f0002 0x0 0x6a0002 0x0 0x700005 0x0 0x0 0x0 0x0 0x0 0x0 0x760005 0x0 0x0 0x0 0x0 0x0 0x0 0x790005 0x0 0x0 0x0 0x0 0x0 0x0 0x7c0002 0x0 0x0 0x0 0x0 0x0 0x0 0x0 0x0 0x9 0x4 0x0 0x0 0x0 0x0 oops 0 methods 0
ciMethodData hn cf (Ljava/lang/String;ZI)V 1 94 orig 80 0 0 0 0 0 0 0 0 0 0 0 0 105 1 0 0 0 0 0 0 0 0 0 0 0 0 0 0 0 0 0 0 0 0 0 0 0 0 0 0 0 0 0 0 0 0 0 0 0 0 0 0 0 0 0 0 0 0 0 0 0 0 0 0 0 0 0 0 0 0 0 0 0 0 0 0 0 0 0 0 data 106 0x30007 0x0 0x158 0x0 0x90007 0x0 0x1c0 0x0 0x100002 0x0 0x1a0003 0x0 0x68 0x2f0005 0x0 0x0 0x0 0x0 0x0 0x0 0x330003 0x0 0x68 0x3d0005 0x0 0x0 0x0 0x0 0x0 0x0 0x420003 0x0 0x80 0x460007 0x0 0x128 0x0 0x4c0007 0x0 0xd0 0x0 0x530002 0x0 0x590003 0x0 0x88 0x630005 0x0 0x0 0x0 0x0 0x0 0x0 0x800002 0x0 0x990002 0x0 0x9c0003 0x0 0xfffffffffffffea0 0xa60003 0x0 0xfffffffffffffe70 0xb00005 0x0 0x0 0x0 0x0 0x0 0x0 0xb80002 0x0 0xbd0005 0x0 0x0 0x0 0x0 0x0 0x0 0xc20005 0x0 0x0 0x0 0x0 0x0 0x0 0xc50005 0x0 0x0 0x0 0x0 0x0 0x0 0xc80002 0x0 0x0 0x0 0x0 0x0 0x0 0x0 0x9 0x3 0x0 0x0 0x0 oops 0 methods 0
compile cm ag (IIIIS)V 312 3
